user_uid,num_clusters,total_locations,tiempo_medio_casa,L,M,X,J,V,S,D,media_horas_rutina,0,1,2,3,4,5,6,7,8,9,10,11,12,13,14,15,16,17,18,19,20,21,22,23,porcentaje_andando,porcentaje_ave,porcentaje_avion,porcentaje_corriendo,porcentaje_coche,porcentaje_metro,porcentaje_impreciso,porcentaje_no_moverse,porcentaje_desconocido,service,area_km2,afternoon,morning,night,Friday,Monday,Saturday,Sunday,Thursday,Tuesday,Wednesday,April,August,December,February,January,July,June,March,May,November,October,September,avg_speed_kmh,max_speed_kmh,motion_ratio
14,12,21401,11.040830026455026,14.0,21.0,15.0,17.0,14.0,10.0,19.0,15.714285714285714,7.0,7.0,7.0,7.0,7.0,7.0,7.0,5.0,4.0,3.0,3.0,1.0,3.0,3.0,3.0,5.0,4.0,4.0,5.0,4.0,1.0,4.0,5.0,4.0,0.019641775547287358,0.0,0.0,0.0020766634939863287,0.004326382279138185,8.652764558276369e-05,0.017824694990049322,0.9559574283983733,8.652764558276369e-05,18,409076.0404252642,21.74076236550171,46.254900325298195,32.004337309200096,14.037868045708565,6.510134289765618,18.316790391191926,17.41179414463258,20.201851697389273,10.35949620485445,13.162065226457587,1.5681040954208025,0.0,15.927099841521395,25.039619651347067,26.04053715906247,0.0,0.0,31.424639252648262,0.0,0.0,0.0,0.0,0.30880453624898957,112.2914190268821,0.026131348965994634
16,34,31990,21.857357231533207,24.0,24.0,24.0,24.0,24.0,24.0,24.0,24.0,7.0,7.0,7.0,7.0,7.0,7.0,7.0,7.0,7.0,7.0,7.0,7.0,7.0,7.0,7.0,7.0,7.0,7.0,7.0,7.0,7.0,7.0,7.0,7.0,0.013030513459417508,0.0,0.0,0.0035537763980229564,0.01160083329929333,0.00016339201829990605,0.03856051631877783,0.9329684244924635,0.00012254401372492954,18,9927404.19706443,29.551057130004498,28.629779577147996,41.819163292847506,14.91497975708502,15.685110211426,14.132253711201079,14.096266306792623,13.297345928924875,13.556455240665766,14.317588843904632,0.0,0.0,14.17004048582996,18.51731893837157,11.521367521367521,0.0,0.0,13.094017094017094,0.0,23.74988753936122,13.085020242914979,5.862348178137652,0.621399033127759,2484.729571516471,0.0283485151750337
22,1,2,0.0,2.0,0.0,0.0,0.0,0.0,0.0,0.0,0.2857142857142857,0.0,0.0,0.0,0.0,0.0,0.0,0.0,0.0,0.0,1.0,0.0,1.0,0.0,0.0,0.0,0.0,0.0,0.0,0.0,0.0,0.0,0.0,0.0,0.0,0.0,0.0,0.0,0.0,0.0,0.0,0.5,0.0,0.5,18,810062.9230935693,28.929384965831435,24.829157175398635,46.24145785876993,10.022779043280181,15.034168564920272,16.173120728929387,13.211845102505695,14.578587699316628,19.58997722095672,11.389521640091116,5.0113895216400905,1.366742596810934,32.57403189066059,10.250569476082005,17.312072892938495,2.277904328018223,0.0,7.744874715261959,1.1389521640091116,15.034168564920272,7.289293849658314,0.0,0.0,0.0,0.0
31,8,986,2.5143250295508275,11.0,18.0,22.0,14.0,13.0,20.0,18.0,16.571428571428573,5.0,5.0,5.0,6.0,5.0,4.0,1.0,3.0,4.0,6.0,6.0,6.0,6.0,6.0,5.0,5.0,5.0,5.0,3.0,4.0,6.0,5.0,5.0,5.0,0.02434077079107505,0.0,0.0,0.02434077079107505,0.009127789046653144,0.002028397565922921,0.10547667342799188,0.8336713995943205,0.0010141987829614604,18,1362.5973700248896,29.953351338080044,25.25574924298224,44.79089941893772,14.804812177755956,14.714788444226205,13.356248465504542,13.135281119567885,11.694901383091906,15.32040265160815,16.973565758245357,3.2899582617235454,2.5615844177101237,0.0,0.0,0.0,34.52819379654636,21.64661592601686,0.0,37.973647598003105,0.0,0.0,0.0,1.0037272436551703,127.68118385820776,0.059837728194726165
41,7,10603,13.655586254307272,24.0,24.0,24.0,23.0,24.0,23.0,23.0,23.571428571428573,7.0,7.0,7.0,7.0,7.0,7.0,7.0,7.0,7.0,6.0,7.0,6.0,7.0,7.0,7.0,7.0,7.0,6.0,7.0,7.0,7.0,7.0,7.0,7.0,0.011750995435563757,0.0,0.0,0.004273089249295911,0.0028163542779450325,0.00019423132951345052,0.02214237156453336,0.9587258424783918,9.711566475672526e-05,18,11520105.073981186,29.51032040763451,31.513947663874255,38.975731928491236,14.638569824682616,16.43492529579411,9.517229467138785,10.234044390707316,15.286294153208393,15.502202262716988,18.38673460575179,16.0376543742983,4.369980136453925,0.06045427066240608,0.9413593574574661,3.9036186199153637,26.202608169962865,12.211762673806028,2.426807150876587,33.82848259780638,0.0,0.0,0.017272648760687452,0.26563491207387996,115.84187573207727,0.019034670292318152
63,14,10569,5.698534376918355,24.0,24.0,24.0,21.0,19.0,23.0,24.0,22.714285714285715,7.0,7.0,7.0,7.0,7.0,7.0,7.0,7.0,7.0,7.0,7.0,7.0,7.0,7.0,7.0,7.0,6.0,6.0,7.0,6.0,5.0,5.0,6.0,6.0,0.016762951037030023,0.000947059380623165,0.0005682356283738991,0.014679420399659058,0.007102945354673738,0.002841178141869495,0.03712472772042807,0.919499952647031,0.0004735296903115825,18,6790418.19965752,30.473138548539115,28.999057492931197,40.52780395852969,13.364750235626769,14.985862393967956,14.122525918944392,15.01225259189444,13.10650329877474,15.873704052780397,13.53440150801131,13.05937794533459,2.776625824693685,9.998114985862394,7.443920829406221,15.474081055607916,9.732327992459943,15.594721960414704,6.2205466540999055,16.710650329877474,2.989632422243167,0.0,0.0,2.415528982671343,3835.8481530603863,0.04290178994222938
98,9,104156,22.463025803067914,24.0,24.0,24.0,24.0,24.0,24.0,24.0,24.0,7.0,7.0,7.0,7.0,7.0,7.0,7.0,7.0,7.0,7.0,7.0,7.0,7.0,7.0,7.0,7.0,7.0,7.0,7.0,7.0,7.0,7.0,7.0,7.0,0.008320762512370648,3.843308319801685e-05,9.608270799504213e-06,0.00244050078307407,0.005371023376922855,4.8041353997521065e-05,0.005101991794536737,0.9786600305543012,9.608270799504213e-06,18,14972719.671487812,29.3544897223224,29.447449613334935,41.19806066434267,14.41359137716873,14.171575109187803,14.05777938053452,14.34146732379693,14.523380213968027,14.37432383699964,14.117882758344352,13.15382457827463,6.8742236647032895,5.305926193052049,8.0939215450575,6.85979885402893,6.950354609929079,9.197419561646031,12.453419882197378,11.99262731898866,5.501462515526706,6.947950474816684,6.6690708017790605,0.4320765982920775,408.70448609682563,0.016228369380362616
111,11,4592,7.405453433551199,18.0,14.0,18.0,15.0,21.0,14.0,20.0,17.142857142857142,6.0,5.0,5.0,6.0,6.0,7.0,7.0,4.0,7.0,5.0,3.0,2.0,3.0,4.0,6.0,5.0,2.0,3.0,4.0,4.0,5.0,7.0,7.0,7.0,0.11947194719471947,0.00044004400440044003,0.00022002200220022002,0.010341034103410342,0.008360836083608362,0.0026402640264026403,0.2565456545654565,0.6017601760176018,0.00022002200220022002,18,163013.11064717668,31.045621989232075,30.86993482572967,38.08444318503825,13.786719561726645,14.48002266931142,14.447907811466893,14.451686030036836,14.521583073580807,14.211769150845377,14.10031170303202,23.066024369509776,0.6328516104656654,0.6158496269009163,12.441673750826485,0.6574100311703032,10.64135260224804,10.548786247284406,23.05846793236989,16.616605270614908,0.40993671483895344,0.6668555775951639,0.6441862661754982,1.294264791513591,367.41638429508356,0.14147414741474149
111,11,4592,7.405453433551199,18.0,14.0,18.0,15.0,21.0,14.0,20.0,17.142857142857142,6.0,5.0,5.0,6.0,6.0,7.0,7.0,4.0,7.0,5.0,3.0,2.0,3.0,4.0,6.0,5.0,2.0,3.0,4.0,4.0,5.0,7.0,7.0,7.0,0.11947194719471947,0.00044004400440044003,0.00022002200220022002,0.010341034103410342,0.008360836083608362,0.0026402640264026403,0.2565456545654565,0.6017601760176018,0.00022002200220022002,18,163013.11064717668,31.045621989232075,30.86993482572967,38.08444318503825,13.786719561726645,14.48002266931142,14.447907811466893,14.451686030036836,14.521583073580807,14.211769150845377,14.10031170303202,23.066024369509776,0.6328516104656654,0.6158496269009163,12.441673750826485,0.6574100311703032,10.64135260224804,10.548786247284406,23.05846793236989,16.616605270614908,0.40993671483895344,0.6668555775951639,0.6441862661754982,1.294264791513591,367.41638429508356,0.14147414741474149
120,1,14,0.0,0.0,0.0,0.0,1.0,3.0,0.0,0.0,0.5714285714285714,0.0,0.0,0.0,0.0,0.0,0.0,1.0,1.0,0.0,0.0,0.0,0.0,0.0,0.0,0.0,0.0,0.0,0.0,0.0,1.0,1.0,0.0,0.0,0.0,0.0,0.0,0.0,0.0,0.0,0.0,0.14285714285714285,0.7857142857142857,0.07142857142857142,18,10.10357304657528,26.89075630252101,1.680672268907563,71.42857142857143,55.46218487394958,0.0,0.0,0.0,44.537815126050425,0.0,0.0,22.689075630252102,0.0,0.0,0.0,0.0,0.0,0.0,0.0,77.31092436974791,0.0,0.0,0.0,0.015228313752591111,0.19367883355336418,0.0
154,22,2958,2.978637681159421,12.0,12.0,13.0,11.0,14.0,12.0,11.0,12.142857142857142,7.0,6.0,6.0,6.0,6.0,6.0,4.0,5.0,5.0,5.0,5.0,3.0,1.0,1.0,2.0,1.0,2.0,2.0,1.0,0.0,2.0,1.0,4.0,4.0,0.03654822335025381,0.005076142131979695,0.009813874788494078,0.024365482233502538,0.06294416243654823,0.01692047377326565,0.19898477157360406,0.6423011844331641,0.003045685279187817,18,52956732.846669346,32.57996853696906,26.3581541688516,41.06187729417934,14.444153120083902,13.185631882538019,13.476664918720505,13.620870477189303,15.196643943366544,14.446775039328788,15.62926061877294,10.825904562139486,0.5768222338751966,14.383848977451494,15.359202936549554,17.509176717357107,5.566334556895647,7.753015207131621,9.504457262716308,9.601468274777137,5.933403251179864,1.1510225485055061,1.8353434714210803,15.116569678202668,1653.6112001922268,0.155668358714044
158,19,25812,12.002877192982458,7.0,6.0,7.0,8.0,8.0,19.0,17.0,10.285714285714286,7.0,7.0,7.0,7.0,5.0,3.0,3.0,3.0,2.0,2.0,2.0,2.0,2.0,2.0,0.0,0.0,0.0,0.0,0.0,1.0,1.0,4.0,6.0,6.0,0.04337991760239115,0.0,4.039098473220777e-05,0.013813716778415058,0.014419581549398174,0.0004443008320542855,0.018781807900476614,0.9090798933678003,4.039098473220777e-05,18,72179.15983483297,32.813028114917806,32.48117990474727,34.70579198033492,14.625902596404977,16.408050391765247,12.232293747119373,10.416346597019512,14.828698724842527,16.18374558303887,15.304962359809496,0.0030726686126901215,12.37670917191581,12.241511752957443,0.8634198801659242,17.299124289445384,20.01229067445076,0.11061607005684437,0.9218005838070364,0.0,10.766630818866185,14.767245352588724,10.6375787371332,0.7870656750652522,701.4377953386166,0.07209790774699087
170,3,23,0.0,4.0,0.0,0.0,0.0,0.0,0.0,2.0,0.8571428571428571,0.0,0.0,0.0,0.0,0.0,0.0,0.0,0.0,0.0,1.0,2.0,2.0,0.0,0.0,0.0,0.0,0.0,0.0,0.0,1.0,0.0,0.0,0.0,0.0,0.08695652173913043,0.0,0.0,0.043478260869565216,0.0,0.0,0.17391304347826086,0.6521739130434783,0.043478260869565216,18,269.3161613376862,18.42472118959108,39.84665427509294,41.72862453531599,20.144052044609666,13.615241635687733,15.86895910780669,14.82342007434944,16.82156133828996,11.059479553903346,7.66728624535316,0.0,0.0,14.172862453531598,16.21747211895911,22.513940520446095,0.023234200743494422,8.596654275092936,38.47583643122677,0.0,0.0,0.0,0.0,0.5247044867903723,6.085856014035367,0.13043478260869565
170,3,23,0.0,4.0,0.0,0.0,0.0,0.0,0.0,2.0,0.8571428571428571,0.0,0.0,0.0,0.0,0.0,0.0,0.0,0.0,0.0,1.0,2.0,2.0,0.0,0.0,0.0,0.0,0.0,0.0,0.0,1.0,0.0,0.0,0.0,0.0,0.08695652173913043,0.0,0.0,0.043478260869565216,0.0,0.0,0.17391304347826086,0.6521739130434783,0.043478260869565216,18,269.3161613376862,18.42472118959108,39.84665427509294,41.72862453531599,20.144052044609666,13.615241635687733,15.86895910780669,14.82342007434944,16.82156133828996,11.059479553903346,7.66728624535316,0.0,0.0,14.172862453531598,16.21747211895911,22.513940520446095,0.023234200743494422,8.596654275092936,38.47583643122677,0.0,0.0,0.0,0.0,0.5247044867903723,6.085856014035367,0.13043478260869565
170,3,23,0.0,4.0,0.0,0.0,0.0,0.0,0.0,2.0,0.8571428571428571,0.0,0.0,0.0,0.0,0.0,0.0,0.0,0.0,0.0,1.0,2.0,2.0,0.0,0.0,0.0,0.0,0.0,0.0,0.0,1.0,0.0,0.0,0.0,0.0,0.08695652173913043,0.0,0.0,0.043478260869565216,0.0,0.0,0.17391304347826086,0.6521739130434783,0.043478260869565216,18,269.3161613376862,18.42472118959108,39.84665427509294,41.72862453531599,20.144052044609666,13.615241635687733,15.86895910780669,14.82342007434944,16.82156133828996,11.059479553903346,7.66728624535316,0.0,0.0,14.172862453531598,16.21747211895911,22.513940520446095,0.023234200743494422,8.596654275092936,38.47583643122677,0.0,0.0,0.0,0.0,0.5247044867903723,6.085856014035367,0.13043478260869565
170,3,23,0.0,4.0,0.0,0.0,0.0,0.0,0.0,2.0,0.8571428571428571,0.0,0.0,0.0,0.0,0.0,0.0,0.0,0.0,0.0,1.0,2.0,2.0,0.0,0.0,0.0,0.0,0.0,0.0,0.0,1.0,0.0,0.0,0.0,0.0,0.08695652173913043,0.0,0.0,0.043478260869565216,0.0,0.0,0.17391304347826086,0.6521739130434783,0.043478260869565216,18,269.3161613376862,18.42472118959108,39.84665427509294,41.72862453531599,20.144052044609666,13.615241635687733,15.86895910780669,14.82342007434944,16.82156133828996,11.059479553903346,7.66728624535316,0.0,0.0,14.172862453531598,16.21747211895911,22.513940520446095,0.023234200743494422,8.596654275092936,38.47583643122677,0.0,0.0,0.0,0.0,0.5247044867903723,6.085856014035367,0.13043478260869565
222,1,101,5.9634343434343435,4.0,4.0,2.0,6.0,3.0,4.0,3.0,3.7142857142857144,1.0,1.0,0.0,0.0,1.0,2.0,2.0,3.0,5.0,3.0,1.0,0.0,0.0,0.0,2.0,2.0,0.0,0.0,0.0,0.0,0.0,2.0,1.0,0.0,0.01,0.0,0.0,0.0,0.0,0.0,0.19,0.79,0.01,18,3.9292782732875624,16.68868339938353,35.270805812417436,48.04051078819903,24.26243945398503,15.984147952443859,12.681638044914134,14.134742404227213,7.970057243505063,10.127697049757815,14.839277851166887,0.0,0.0,59.004843681197706,0.0,0.6605019815059445,0.0,0.0,0.0,0.0,40.33465433729634,0.0,0.0,0.04045879180599703,1.8119117717775728,0.01
230,19,8435,4.837688947075736,7.0,7.0,5.0,6.0,10.0,7.0,5.0,6.714285714285714,6.0,5.0,3.0,5.0,6.0,6.0,5.0,4.0,5.0,2.0,0.0,0.0,0.0,0.0,0.0,0.0,0.0,0.0,0.0,0.0,0.0,0.0,0.0,0.0,0.13264688067837674,0.007026044821320412,0.013930950938824955,0.13918837068443368,0.15130224106602058,0.023622047244094488,0.2220472440944882,0.2938824954572986,0.01635372501514234,18,467561.9801427676,47.98224934128415,24.795451393704063,27.22229926501179,17.445569269172097,12.612675079739288,14.450145610872278,12.647344335043684,14.4432117598114,12.716682845652475,15.684371099708777,7.176535848009985,12.064900845929829,7.849119400915268,7.190403550131744,6.580224656774372,10.47011510192761,10.629593676327833,8.00859797531549,10.615725974206073,5.6372209124948,6.289002912217445,7.488559145749549,139.7198122846949,123133.31117571426,0.46771653543307085
242,15,8964,9.117980392156863,12.0,9.0,6.0,10.0,15.0,21.0,24.0,13.857142857142858,7.0,6.0,6.0,6.0,7.0,6.0,6.0,5.0,3.0,3.0,4.0,3.0,2.0,2.0,2.0,2.0,2.0,2.0,3.0,4.0,3.0,4.0,3.0,6.0,0.019406575781876503,0.0,0.0,0.013953488372093023,0.02293504410585405,0.00032076984763432237,0.03400160384923817,0.9092221331194867,0.00016038492381716118,18,111816.75627424486,43.46899045146937,27.931769722814497,28.59923982571614,10.104755724483175,21.35904329285251,7.008436080467229,13.86854547140076,16.037823305831093,14.36914804857699,17.252248076388245,0.0,5.61787336608881,8.58440715676277,0.0,0.0,0.0,0.0,0.0,0.0,44.30332808009641,36.321498099564295,5.172893297487717,1.0321937207396858,114.52621563506847,0.0566158781074579
256,3,116,4.579305555555555,0.0,0.0,0.0,0.0,0.0,1.0,10.0,1.5714285714285714,1.0,1.0,1.0,1.0,1.0,1.0,1.0,1.0,1.0,1.0,0.0,0.0,0.0,0.0,0.0,0.0,0.0,0.0,0.0,0.0,0.0,0.0,0.0,1.0,0.0,0.0,0.0,0.0,0.02586206896551724,0.0,0.0,0.9655172413793104,0.008620689655172414,18,2.236468252379563,0.0,25.0,75.0,0.0,0.0,11.29032258064516,88.70967741935483,0.0,0.0,0.0,0.0,0.0,100.0,0.0,0.0,0.0,0.0,0.0,0.0,0.0,0.0,0.0,0.5394604205864685,27.56235006688973,0.02586206896551724
256,3,116,4.579305555555555,0.0,0.0,0.0,0.0,0.0,1.0,10.0,1.5714285714285714,1.0,1.0,1.0,1.0,1.0,1.0,1.0,1.0,1.0,1.0,0.0,0.0,0.0,0.0,0.0,0.0,0.0,0.0,0.0,0.0,0.0,0.0,0.0,1.0,0.0,0.0,0.0,0.0,0.02586206896551724,0.0,0.0,0.9655172413793104,0.008620689655172414,18,2.236468252379563,0.0,25.0,75.0,0.0,0.0,11.29032258064516,88.70967741935483,0.0,0.0,0.0,0.0,0.0,100.0,0.0,0.0,0.0,0.0,0.0,0.0,0.0,0.0,0.0,0.5394604205864685,27.56235006688973,0.02586206896551724
256,3,116,4.579305555555555,0.0,0.0,0.0,0.0,0.0,1.0,10.0,1.5714285714285714,1.0,1.0,1.0,1.0,1.0,1.0,1.0,1.0,1.0,1.0,0.0,0.0,0.0,0.0,0.0,0.0,0.0,0.0,0.0,0.0,0.0,0.0,0.0,1.0,0.0,0.0,0.0,0.0,0.02586206896551724,0.0,0.0,0.9655172413793104,0.008620689655172414,18,2.236468252379563,0.0,25.0,75.0,0.0,0.0,11.29032258064516,88.70967741935483,0.0,0.0,0.0,0.0,0.0,100.0,0.0,0.0,0.0,0.0,0.0,0.0,0.0,0.0,0.0,0.5394604205864685,27.56235006688973,0.02586206896551724
276,42,2781,2.5586228482003133,8.0,14.0,14.0,9.0,4.0,13.0,9.0,10.142857142857142,4.0,5.0,4.0,5.0,2.0,3.0,5.0,4.0,2.0,3.0,4.0,1.0,3.0,2.0,3.0,4.0,1.0,2.0,1.0,4.0,3.0,3.0,0.0,3.0,0.09132231404958678,0.01818181818181818,0.006611570247933884,0.03140495867768595,0.047933884297520664,0.03595041322314049,0.09380165289256198,0.6743801652892562,0.00041322314049586776,18,1215533.1746968708,29.804142739950777,29.347826086956523,40.8480311730927,16.083880229696472,14.212469237079572,14.463699753896636,13.253691550451189,13.90996718621821,14.222723543888433,13.853568498769484,0.0,6.59864643150123,0.0,0.0,0.0,0.05127153404429861,0.6357670221493027,0.0,0.0,0.0,45.457342083675144,47.25697292863003,15.059427329746354,597.3791188471316,0.23140495867768596
291,7,3101,13.471859903381642,18.0,24.0,18.0,24.0,24.0,24.0,24.0,22.285714285714285,7.0,7.0,7.0,7.0,7.0,7.0,7.0,7.0,7.0,7.0,6.0,6.0,7.0,7.0,7.0,7.0,6.0,6.0,5.0,6.0,6.0,5.0,6.0,6.0,0.023218316672041276,0.0,0.0,0.0019348597226701064,0.0012899064817800709,0.0,0.04417929700096743,0.9290551435020961,0.0003224766204450177,18,248.5913711004408,33.410271206001156,23.48528563185228,43.104443162146566,8.078476630121177,14.800923254472014,9.809578765147144,14.541257934218118,11.54068090017311,20.369301788805537,20.859780727062898,0.0,0.0,0.0,0.0,0.0,0.0,97.14368147720715,0.0,2.856318522792845,0.0,0.0,0.0,0.2002728519395935,22.70612941146372,0.026443082876491456
295,5,982,3.475855555555556,15.0,5.0,13.0,6.0,12.0,21.0,20.0,13.142857142857142,4.0,4.0,4.0,4.0,4.0,3.0,3.0,2.0,4.0,4.0,5.0,5.0,6.0,4.0,3.0,4.0,6.0,4.0,3.0,4.0,3.0,3.0,2.0,4.0,0.002036659877800407,0.003054989816700611,0.0050916496945010185,0.01120162932790224,0.0274949083503055,0.020366598778004074,0.029531568228105907,0.90020366598778,0.0010183299389002036,18,9893.52547973781,32.375979112271544,28.98172323759791,38.642297650130544,16.64490861618799,22.58485639686684,13.577023498694519,24.738903394255875,5.809399477806789,4.503916449086162,12.140992167101828,0.0,0.0,0.0,0.0,0.0,51.04438642297651,48.9556135770235,0.0,0.0,0.0,0.0,0.0,8.55410268409826,915.7824675715713,0.06924643584521385
316,11,2145,14.237179487179487,22.0,24.0,19.0,23.0,16.0,24.0,24.0,21.714285714285715,7.0,7.0,6.0,7.0,7.0,7.0,7.0,7.0,6.0,7.0,5.0,5.0,5.0,6.0,6.0,6.0,7.0,4.0,5.0,7.0,7.0,7.0,7.0,7.0,0.11328976034858387,0.0,0.0,0.013616557734204794,0.0,0.0,0.38507625272331153,0.4874727668845316,0.0005446623093681918,18,45.549186161719476,30.286278381046394,28.71777997148185,40.99594164747175,14.864538773719424,14.357793133706261,14.941318416145663,14.875507294066031,13.802786004168038,13.460568169353953,13.697488208840628,19.398925085006034,0.0,19.438411758253814,17.795327410332344,19.929801469781726,0.0,0.45409674234945707,18.517056049138972,3.667873203904793,0.7985082812328617,0.0,0.0,0.5024129685790325,13.890309308349222,0.12690631808278868
316,11,2145,14.237179487179487,22.0,24.0,19.0,23.0,16.0,24.0,24.0,21.714285714285715,7.0,7.0,6.0,7.0,7.0,7.0,7.0,7.0,6.0,7.0,5.0,5.0,5.0,6.0,6.0,6.0,7.0,4.0,5.0,7.0,7.0,7.0,7.0,7.0,0.11328976034858387,0.0,0.0,0.013616557734204794,0.0,0.0,0.38507625272331153,0.4874727668845316,0.0005446623093681918,18,45.549186161719476,30.286278381046394,28.71777997148185,40.99594164747175,14.864538773719424,14.357793133706261,14.941318416145663,14.875507294066031,13.802786004168038,13.460568169353953,13.697488208840628,19.398925085006034,0.0,19.438411758253814,17.795327410332344,19.929801469781726,0.0,0.45409674234945707,18.517056049138972,3.667873203904793,0.7985082812328617,0.0,0.0,0.5024129685790325,13.890309308349222,0.12690631808278868
322,12,2448,5.098654270451771,20.0,11.0,13.0,16.0,16.0,22.0,24.0,17.428571428571427,5.0,6.0,6.0,6.0,6.0,7.0,6.0,4.0,3.0,4.0,5.0,5.0,4.0,4.0,7.0,5.0,5.0,3.0,4.0,6.0,5.0,4.0,6.0,6.0,0.025735294117647058,0.0,0.0004084967320261438,0.015931372549019607,0.0392156862745098,0.010212418300653595,0.09027777777777778,0.8178104575163399,0.0004084967320261438,18,2036479.8536789594,30.492125984251967,23.986220472440944,45.52165354330709,12.411417322834646,16.496062992125985,11.387795275590552,14.281496062992128,9.438976377952756,20.177165354330707,15.80708661417323,0.0,0.0,17.05708661417323,12.086614173228346,8.612204724409448,0.0,0.0,1.0826771653543308,0.0,16.938976377952756,18.77952755905512,25.44291338582677,3.26171194761259,660.648185725244,0.0915032679738562
326,15,11018,10.800774810979618,19.0,22.0,24.0,22.0,12.0,24.0,24.0,21.0,7.0,7.0,7.0,7.0,7.0,7.0,7.0,6.0,6.0,5.0,5.0,6.0,6.0,7.0,6.0,6.0,7.0,4.0,4.0,5.0,6.0,6.0,6.0,7.0,0.06801099908340971,0.00036663611365719525,0.0006416131989000917,0.006416131989000917,0.0051329055912007334,0.001924839596700275,0.05902841429880843,0.8583868010999084,9.165902841429881e-05,18,329720.4958551175,30.43774280107333,30.417717970283153,39.14453922864352,13.140293964516001,15.022628058792902,13.48872602026513,15.515238896231326,13.885217669910691,14.309744082662501,14.638151307621449,0.0,2.1226320637590614,1.2735792382554367,1.0252713364572068,1.8062397372742198,27.20173014538027,34.61492250390484,6.6722736192879175,23.0846249349193,1.0613160318795307,0.3524370219071649,0.784973366975049,1.2423360372822212,646.0295788257557,0.08249312557286893
326,15,11018,10.800774810979618,19.0,22.0,24.0,22.0,12.0,24.0,24.0,21.0,7.0,7.0,7.0,7.0,7.0,7.0,7.0,6.0,6.0,5.0,5.0,6.0,6.0,7.0,6.0,6.0,7.0,4.0,4.0,5.0,6.0,6.0,6.0,7.0,0.06801099908340971,0.00036663611365719525,0.0006416131989000917,0.006416131989000917,0.0051329055912007334,0.001924839596700275,0.05902841429880843,0.8583868010999084,9.165902841429881e-05,18,329720.4958551175,30.43774280107333,30.417717970283153,39.14453922864352,13.140293964516001,15.022628058792902,13.48872602026513,15.515238896231326,13.885217669910691,14.309744082662501,14.638151307621449,0.0,2.1226320637590614,1.2735792382554367,1.0252713364572068,1.8062397372742198,27.20173014538027,34.61492250390484,6.6722736192879175,23.0846249349193,1.0613160318795307,0.3524370219071649,0.784973366975049,1.2423360372822212,646.0295788257557,0.08249312557286893
373,19,8537,10.229666666666667,13.0,11.0,15.0,15.0,7.0,14.0,10.0,12.142857142857142,7.0,7.0,7.0,7.0,7.0,7.0,5.0,5.0,2.0,2.0,1.0,0.0,2.0,1.0,4.0,2.0,3.0,1.0,3.0,1.0,5.0,3.0,2.0,1.0,0.08385422809293548,0.0010614459252270315,0.0008255690529543579,0.022172425993631326,0.013562920155678736,0.007901875221134568,0.2029720485906357,0.6672956716593937,0.0003538153084090105,18,2278735.0450748145,30.564062747127924,28.49933140663417,40.9366058462379,14.200060389078203,13.982947274583388,14.40279515161972,15.252555752059699,13.008095012149706,14.188557707515564,14.964988712993716,9.997268113128873,8.75210283397317,1.6736401673640167,6.7995226387151515,0.0,9.133129160735596,12.061999453622626,9.991516772347552,11.952723978777552,10.466002386806423,9.794533350587356,9.377561143941682,3.147640909510729,1942.5359095124095,0.1293784644415615
385,27,1654,10.90265873015873,22.0,23.0,18.0,15.0,18.0,22.0,6.0,17.714285714285715,5.0,4.0,5.0,5.0,5.0,5.0,6.0,5.0,4.0,4.0,4.0,4.0,6.0,4.0,5.0,6.0,4.0,6.0,6.0,6.0,7.0,7.0,5.0,6.0,0.1759371221281741,0.003022974607013301,0.0006045949214026602,0.012091898428053204,0.022370012091898428,0.007255139056831923,0.02357920193470375,0.75453446191052,0.0006045949214026602,18,108346.21590314095,30.3363074811256,28.689087165408374,40.974605353466025,21.310912834591626,12.93754289636239,13.555250514756349,2.436513383665065,14.687714481811941,19.04598490048044,16.02608098833219,0.0,0.0,0.0,0.0,0.0,100.0,0.0,0.0,0.0,0.0,0.0,0.0,3.3741478114344328,536.3527989951504,0.22128174123337363
385,27,1654,10.90265873015873,22.0,23.0,18.0,15.0,18.0,22.0,6.0,17.714285714285715,5.0,4.0,5.0,5.0,5.0,5.0,6.0,5.0,4.0,4.0,4.0,4.0,6.0,4.0,5.0,6.0,4.0,6.0,6.0,6.0,7.0,7.0,5.0,6.0,0.1759371221281741,0.003022974607013301,0.0006045949214026602,0.012091898428053204,0.022370012091898428,0.007255139056831923,0.02357920193470375,0.75453446191052,0.0006045949214026602,18,108346.21590314095,30.3363074811256,28.689087165408374,40.974605353466025,21.310912834591626,12.93754289636239,13.555250514756349,2.436513383665065,14.687714481811941,19.04598490048044,16.02608098833219,0.0,0.0,0.0,0.0,0.0,100.0,0.0,0.0,0.0,0.0,0.0,0.0,3.3741478114344328,536.3527989951504,0.22128174123337363
395,4,146,4.682778194444444,9.0,6.0,8.0,7.0,8.0,4.0,4.0,6.571428571428571,2.0,2.0,1.0,2.0,2.0,2.0,2.0,2.0,2.0,1.0,1.0,1.0,4.0,3.0,3.0,2.0,1.0,2.0,2.0,2.0,2.0,2.0,0.0,3.0,0.034482758620689655,0.0,0.0,0.013793103448275862,0.013793103448275862,0.0,0.2413793103448276,0.6896551724137931,0.006896551724137931,18,1278.1680419697818,21.9248291571754,23.57630979498861,54.49886104783599,15.261958997722095,14.863325740318906,11.731207289293849,9.510250569476081,13.15489749430524,19.362186788154897,16.11617312072893,1.879271070615034,0.0,0.0,74.94305239179954,0.0,8.826879271070615,0.9111617312072893,12.072892938496583,1.366742596810934,0.0,0.0,0.0,0.6325601088902084,20.591104076602043,0.06206896551724138
406,35,75396,20.575362958655518,16.0,22.0,24.0,24.0,24.0,21.0,24.0,22.142857142857142,7.0,7.0,7.0,7.0,7.0,7.0,7.0,7.0,7.0,6.0,6.0,6.0,6.0,6.0,6.0,6.0,6.0,6.0,6.0,7.0,7.0,6.0,6.0,6.0,0.024243183780321385,0.0,0.0,0.004344556771660122,0.007115604199738212,0.0004595204277717437,0.0038850363438883784,0.9599381736151725,1.3924861447628596e-05,18,14398965.765949413,28.816807782818604,29.332346733302607,41.85084548387879,14.490890123486741,13.458599189694073,14.49938135325942,13.84555666076324,15.080424076275504,13.90742133482132,14.7177272616997,9.740653582085931,0.15890730003153886,10.426017128023485,9.728523253839247,10.40782163565346,10.273174992115287,9.718818991241902,9.831631043936047,10.423591062374147,13.02069433998884,6.270166670710109,0.0,0.5387488048736072,209.51635792992235,0.036162865179491466
425,37,33712,8.70598148148148,9.0,8.0,9.0,9.0,9.0,10.0,8.0,8.857142857142858,7.0,7.0,7.0,7.0,7.0,7.0,7.0,5.0,3.0,2.0,2.0,1.0,0.0,0.0,0.0,0.0,0.0,0.0,0.0,0.0,0.0,0.0,0.0,0.0,0.06877182328829513,0.0009108850766661606,0.0019735843327766812,0.03713374829209048,0.024563534234097465,0.0039168058296644905,0.02043418855321087,0.8417185365113101,0.0005768938818885684,18,579582.5093097894,30.036476627938395,29.571737368278843,40.39178600378276,14.39610915968657,13.963793569305594,14.39610915968657,13.86111861659011,14.80545798432856,14.502837071061874,14.074574439340717,1.8724669008376116,11.361794109700082,12.2318292353418,11.694136719805458,12.688462577681708,8.334233990813294,0.03512564171845447,6.302350716022696,0.7187246690083762,11.67252094028641,11.91704944609565,11.171305052688464,5.427532448792957,20390.444116905062,0.1372703810535904
427,7,1300,2.5115433579154374,18.0,16.0,23.0,18.0,21.0,21.0,13.0,18.571428571428573,5.0,2.0,3.0,3.0,4.0,6.0,3.0,5.0,7.0,7.0,6.0,7.0,6.0,6.0,7.0,7.0,6.0,5.0,7.0,7.0,7.0,7.0,3.0,4.0,0.031001589825119236,0.0,0.000794912559618442,0.05087440381558029,0.0047694753577106515,0.0,0.1478537360890302,0.7639109697933227,0.000794912559618442,18,664660.3682950542,33.38073231425525,38.037682189832914,28.58158549591184,16.8858869534305,12.868823320298613,15.463917525773196,10.167081407749734,15.428368290081762,13.47316032705297,15.712762175613223,2.2751510842516884,3.7326697476004265,8.354070387486669,34.376110913615356,7.216494845360824,3.3060789193032347,2.0618556701030926,6.185567010309279,2.310700319943121,23.142552435122646,5.510131532172059,1.5286171347316033,0.9884188287149677,321.1754019403318,0.08744038155802862
427,7,1300,2.5115433579154374,18.0,16.0,23.0,18.0,21.0,21.0,13.0,18.571428571428573,5.0,2.0,3.0,3.0,4.0,6.0,3.0,5.0,7.0,7.0,6.0,7.0,6.0,6.0,7.0,7.0,6.0,5.0,7.0,7.0,7.0,7.0,3.0,4.0,0.031001589825119236,0.0,0.000794912559618442,0.05087440381558029,0.0047694753577106515,0.0,0.1478537360890302,0.7639109697933227,0.000794912559618442,18,664660.3682950542,33.38073231425525,38.037682189832914,28.58158549591184,16.8858869534305,12.868823320298613,15.463917525773196,10.167081407749734,15.428368290081762,13.47316032705297,15.712762175613223,2.2751510842516884,3.7326697476004265,8.354070387486669,34.376110913615356,7.216494845360824,3.3060789193032347,2.0618556701030926,6.185567010309279,2.310700319943121,23.142552435122646,5.510131532172059,1.5286171347316033,0.9884188287149677,321.1754019403318,0.08744038155802862
440,25,4853,8.018348922902495,12.0,11.0,10.0,9.0,9.0,9.0,14.0,10.571428571428571,6.0,7.0,7.0,7.0,7.0,5.0,1.0,1.0,2.0,0.0,0.0,0.0,0.0,3.0,1.0,0.0,1.0,1.0,0.0,1.0,4.0,6.0,7.0,7.0,0.10147518998658918,0.00022351363433169424,0.0006705409029950827,0.04805543138131426,0.05565489494859186,0.010281627179257935,0.2637460885113992,0.5196691998211891,0.00022351363433169424,18,4483.787038048204,28.835483041193548,28.861206041230293,42.30331091757616,14.364458163377797,13.410869804872672,14.9340388784772,13.767317091096167,13.838974019769962,15.053467092933525,14.630874949472677,0.0,6.825781795465402,15.555065593650093,5.460625436372322,14.779700878256715,7.698526439569324,5.600264579428949,0.0,2.8717892183882703,16.056664094366663,18.189835740271192,6.961746224231066,4.529869121954957,653.0657689747331,0.21636119803308002
442,9,697,0.0,12.0,18.0,15.0,14.0,7.0,11.0,12.0,12.714285714285714,0.0,1.0,0.0,0.0,0.0,1.0,2.0,5.0,5.0,7.0,7.0,6.0,5.0,5.0,5.0,6.0,3.0,7.0,4.0,5.0,7.0,4.0,2.0,2.0,0.03873744619799139,0.0028694404591104736,0.0,0.021520803443328552,0.010043041606886656,0.0028694404591104736,0.11621233859397417,0.806312769010043,0.0014347202295552368,18,1187.7533864023999,28.686131386861312,27.712895377128955,43.600973236009736,10.875912408759124,8.588807785888077,10.535279805352799,20.194647201946474,13.600973236009734,20.17031630170316,16.034063260340634,84.93917274939172,0.0,0.0,0.0,0.0,0.0,0.0,14.647201946472018,0.413625304136253,0.0,0.0,0.0,1.759183806232839,255.22706398386106,0.07604017216642754
471,3,51,0.0,2.0,5.0,1.0,3.0,3.0,6.0,3.0,3.2857142857142856,1.0,2.0,0.0,0.0,1.0,0.0,0.0,0.0,0.0,0.0,2.0,1.0,2.0,3.0,3.0,2.0,2.0,1.0,0.0,1.0,0.0,0.0,1.0,1.0,0.0784313725490196,0.0,0.0,0.0196078431372549,0.0,0.0,0.39215686274509803,0.49019607843137253,0.0196078431372549,18,51.909570371949044,39.24418604651162,34.883720930232556,25.872093023255815,10.174418604651162,1.1627906976744187,14.534883720930234,37.7906976744186,18.023255813953487,15.69767441860465,2.616279069767442,0.0,0.0,0.0,16.27906976744186,0.0,0.0,0.0,83.72093023255815,0.0,0.0,0.0,0.0,0.5761528169512856,12.417302665102683,0.09803921568627451
471,3,51,0.0,2.0,5.0,1.0,3.0,3.0,6.0,3.0,3.2857142857142856,1.0,2.0,0.0,0.0,1.0,0.0,0.0,0.0,0.0,0.0,2.0,1.0,2.0,3.0,3.0,2.0,2.0,1.0,0.0,1.0,0.0,0.0,1.0,1.0,0.0784313725490196,0.0,0.0,0.0196078431372549,0.0,0.0,0.39215686274509803,0.49019607843137253,0.0196078431372549,18,51.909570371949044,39.24418604651162,34.883720930232556,25.872093023255815,10.174418604651162,1.1627906976744187,14.534883720930234,37.7906976744186,18.023255813953487,15.69767441860465,2.616279069767442,0.0,0.0,0.0,16.27906976744186,0.0,0.0,0.0,83.72093023255815,0.0,0.0,0.0,0.0,0.5761528169512856,12.417302665102683,0.09803921568627451
474,16,933,7.279308510638298,15.0,14.0,12.0,16.0,18.0,17.0,20.0,16.0,4.0,4.0,4.0,6.0,6.0,5.0,7.0,6.0,5.0,3.0,4.0,5.0,5.0,5.0,6.0,5.0,4.0,6.0,4.0,4.0,4.0,5.0,3.0,2.0,0.05144694533762058,0.0010718113612004287,0.0010718113612004287,0.04072883172561629,0.04715969989281887,0.00964630225080386,0.2015005359056806,0.6463022508038585,0.0010718113612004287,18,62813.075491817,29.28989465470152,30.417479516191964,40.29262582910651,13.706593835349201,14.24892703862661,14.479126024190403,13.66367538041358,14.159188451033945,14.916113928989466,14.8263753413968,0.0,25.431135388216937,0.0,0.0,0.0,29.633242294186502,25.35700351150995,0.0,0.0,0.0,0.0,19.578618806086617,4.392323317339936,389.9231510369668,0.15112540192926044
484,2,37,0.0,0.0,4.0,0.0,4.0,2.0,0.0,0.0,1.4285714285714286,0.0,0.0,0.0,0.0,0.0,0.0,0.0,0.0,0.0,1.0,0.0,1.0,1.0,1.0,1.0,0.0,1.0,2.0,0.0,1.0,1.0,0.0,0.0,0.0,0.05405405405405406,0.0,0.0,0.0,0.0,0.0,0.13513513513513514,0.7837837837837838,0.02702702702702703,18,2255.6430856132447,44.81327800829876,46.058091286307054,9.12863070539419,28.21576763485477,0.0,6.224066390041494,4.979253112033195,27.800829875518673,26.556016597510375,6.224066390041494,0.0,0.0,0.0,0.0,0.0,0.0,64.73029045643153,0.0,35.26970954356847,0.0,0.0,0.0,0.22062722137173682,3.7951175303624516,0.05405405405405406
484,2,37,0.0,0.0,4.0,0.0,4.0,2.0,0.0,0.0,1.4285714285714286,0.0,0.0,0.0,0.0,0.0,0.0,0.0,0.0,0.0,1.0,0.0,1.0,1.0,1.0,1.0,0.0,1.0,2.0,0.0,1.0,1.0,0.0,0.0,0.0,0.05405405405405406,0.0,0.0,0.0,0.0,0.0,0.13513513513513514,0.7837837837837838,0.02702702702702703,18,2255.6430856132447,44.81327800829876,46.058091286307054,9.12863070539419,28.21576763485477,0.0,6.224066390041494,4.979253112033195,27.800829875518673,26.556016597510375,6.224066390041494,0.0,0.0,0.0,0.0,0.0,0.0,64.73029045643153,0.0,35.26970954356847,0.0,0.0,0.0,0.22062722137173682,3.7951175303624516,0.05405405405405406
494,27,6766,11.112697245564894,11.0,15.0,12.0,13.0,9.0,10.0,11.0,11.571428571428571,7.0,7.0,7.0,7.0,6.0,7.0,7.0,2.0,5.0,4.0,4.0,2.0,0.0,0.0,0.0,1.0,4.0,1.0,1.0,0.0,1.0,1.0,3.0,4.0,0.04273890142964635,0.0006019563581640331,0.0,0.04875846501128668,0.02452972159518435,0.0018058690744920992,0.22437923250564334,0.6570353649360421,0.00015048908954100828,18,12355.965276296543,29.02665624728662,29.32187201528176,41.65147173743162,14.37440305635148,14.493068217996585,14.555295071054383,14.283233480941218,13.892506729182946,14.309281931058434,14.09221151341495,0.0,12.818731729906515,12.98659951955081,3.4875980434719693,12.378802350149055,12.875170038493822,9.362970681022256,0.0,0.0,12.976469566727447,13.43955312436688,9.67410494631125,1.9018263320794313,229.85784282523437,0.11843491346877351
530,7,1452,1.9874696619496859,19.0,10.0,14.0,18.0,17.0,20.0,23.0,17.285714285714285,5.0,5.0,5.0,4.0,6.0,6.0,7.0,7.0,6.0,5.0,6.0,4.0,4.0,5.0,5.0,5.0,3.0,3.0,6.0,7.0,5.0,4.0,4.0,4.0,0.013085399449035813,0.0006887052341597796,0.0,0.011707988980716254,0.03650137741046832,0.004132231404958678,0.11570247933884298,0.8174931129476584,0.0006887052341597796,18,2246.9389093968443,19.076167376016354,21.45439567983159,59.469436944152065,13.245770597836865,15.02448400530868,13.029151983890896,14.585144844629536,14.20377404542889,15.540097325827956,14.371577197077173,4.867816880997056,3.2767379067319573,14.04512379296142,8.658642625051485,10.713468491144571,3.93879761414428,10.419050234161672,14.255640474120176,2.79468521654234,12.025384040394794,12.5593031592757,2.4453495644745473,2.3498591530718045,272.46748740569353,0.06611570247933884
536,3,246,1.8708617939814813,10.0,5.0,6.0,8.0,6.0,4.0,14.0,7.571428571428571,2.0,2.0,2.0,2.0,2.0,2.0,0.0,2.0,7.0,7.0,4.0,2.0,1.0,1.0,0.0,1.0,5.0,3.0,2.0,2.0,0.0,1.0,1.0,2.0,0.008130081300813009,0.0,0.0,0.008130081300813009,0.008130081300813009,0.0,0.16260162601626016,0.8089430894308943,0.0040650406504065045,18,50167.79757172421,29.274408399937315,29.556495847045916,41.16909575301677,13.587212035731078,16.06331296035104,10.390220968500236,14.402131327378154,19.040902679830747,11.722300579846419,14.793919448362324,0.10970067387556809,0.0,28.193073186021,22.864754740636265,43.26908008149193,0.0,0.0,4.905187274721831,0.6582040432534085,0.0,0.0,0.0,0.8375055309395119,64.7397985191631,0.024390243902439025
536,3,246,1.8708617939814813,10.0,5.0,6.0,8.0,6.0,4.0,14.0,7.571428571428571,2.0,2.0,2.0,2.0,2.0,2.0,0.0,2.0,7.0,7.0,4.0,2.0,1.0,1.0,0.0,1.0,5.0,3.0,2.0,2.0,0.0,1.0,1.0,2.0,0.008130081300813009,0.0,0.0,0.008130081300813009,0.008130081300813009,0.0,0.16260162601626016,0.8089430894308943,0.0040650406504065045,18,50167.79757172421,29.274408399937315,29.556495847045916,41.16909575301677,13.587212035731078,16.06331296035104,10.390220968500236,14.402131327378154,19.040902679830747,11.722300579846419,14.793919448362324,0.10970067387556809,0.0,28.193073186021,22.864754740636265,43.26908008149193,0.0,0.0,4.905187274721831,0.6582040432534085,0.0,0.0,0.0,0.8375055309395119,64.7397985191631,0.024390243902439025
550,7,1794,11.161399176954731,22.0,22.0,24.0,24.0,24.0,16.0,9.0,20.142857142857142,6.0,6.0,6.0,6.0,5.0,6.0,5.0,6.0,6.0,6.0,6.0,6.0,6.0,6.0,5.0,6.0,6.0,5.0,6.0,5.0,6.0,6.0,7.0,7.0,0.002229654403567447,0.0,0.0,0.0011148272017837235,0.0011148272017837235,0.002787068004459309,0.06020066889632107,0.9319955406911928,0.0005574136008918618,18,57497.513588089205,34.95098039215686,27.941176470588236,37.1078431372549,19.166666666666668,15.980392156862743,8.186274509803921,5.8088235294117645,18.014705882352942,13.480392156862745,19.362745098039216,0.0,0.0,62.05882352941177,0.024509803921568627,33.11274509803921,0.0,0.0,0.7843137254901961,0.0,4.019607843137255,0.0,0.0,0.5518629376833495,172.48344157539276,0.007246376811594203
615,29,7459,13.247418300653594,23.0,20.0,19.0,8.0,18.0,15.0,13.0,16.571428571428573,7.0,7.0,7.0,7.0,7.0,6.0,6.0,5.0,5.0,6.0,5.0,6.0,5.0,5.0,3.0,2.0,3.0,4.0,4.0,3.0,4.0,3.0,3.0,3.0,0.038539553752535496,0.00016903313049357674,0.0,0.007606490872210953,0.009634888438133874,0.0037187288708586883,0.023664638269100743,0.9164976335361731,0.00016903313049357674,18,11023.480817912057,25.87537091988131,33.2106824925816,40.91394658753709,11.382789317507418,18.82492581602374,14.872403560830861,11.501483679525222,15.240356083086054,15.323442136498516,12.85459940652819,0.0,50.20771513353116,0.0,0.0,0.0,32.474777448071215,17.317507418397625,0.0,0.0,0.0,0.0,0.0,1.0641517604492117,227.21541197511834,0.05966869506423259
636,8,1915,5.148375524691358,21.0,19.0,15.0,21.0,19.0,20.0,16.0,18.714285714285715,7.0,5.0,5.0,4.0,4.0,5.0,5.0,6.0,7.0,7.0,7.0,7.0,5.0,5.0,6.0,5.0,5.0,3.0,4.0,7.0,6.0,6.0,5.0,5.0,0.025065274151436032,0.0,0.0,0.010966057441253264,0.005744125326370757,0.0,0.13942558746736292,0.8182767624020888,0.0005221932114882506,18,1096.1180799455265,30.885709937604627,30.041089636280628,39.073200426114745,12.593212600821794,13.56718916451073,16.268452290366763,13.635671891645107,12.897580276974585,16.35215340130878,14.68574037437224,0.0,0.0,19.7001978389895,22.272104702480597,26.289758027697456,0.0,0.0,1.308781007457008,0.0,30.140009131030283,0.28914929234515296,0.0,0.4560403670254142,65.2930784950364,0.04177545691906005
654,13,3446,15.459825102880657,24.0,24.0,18.0,23.0,21.0,18.0,23.0,21.571428571428573,7.0,7.0,7.0,7.0,7.0,5.0,6.0,6.0,5.0,5.0,6.0,6.0,4.0,6.0,7.0,5.0,6.0,7.0,7.0,7.0,7.0,7.0,7.0,7.0,0.03250145095763204,0.0,0.0005803830528148578,0.0017411491584445734,0.0014509576320371445,0.0002901915264074289,0.04207777132907719,0.9210679048171794,0.0002901915264074289,18,267103.17329726316,30.794520547945204,28.383561643835613,40.821917808219176,15.013698630136988,11.013698630136986,14.191780821917806,9.58904109589041,16.65753424657534,14.684931506849317,18.84931506849315,11.47945205479452,0.1095890410958904,0.0,0.0,0.0,2.493150684931507,12.301369863013699,0.0,73.15068493150685,0.0,0.0,0.4657534246575342,0.4880913725809093,386.0931941751298,0.03656413232733604
669,12,339,2.8401180277777778,11.0,6.0,5.0,5.0,11.0,19.0,16.0,10.428571428571429,2.0,1.0,1.0,3.0,2.0,2.0,3.0,4.0,2.0,4.0,4.0,5.0,4.0,1.0,3.0,2.0,5.0,6.0,5.0,5.0,3.0,3.0,1.0,2.0,0.02654867256637168,0.014749262536873156,0.0058997050147492625,0.008849557522123894,0.029498525073746312,0.0471976401179941,0.15634218289085547,0.7079646017699115,0.0029498525073746312,18,2390949.990539838,30.990041007615698,27.104081234133957,41.90587775825034,13.083382151923454,14.840851396211677,12.185120093731692,14.245264596758444,13.493458308924039,17.0962702597149,15.055653192735793,1.8843975785979301,0.0,13.444639718804922,4.774458113649678,0.07810974419058778,0.0,0.0,10.027338410466706,0.0,25.678578402655734,44.112478031634446,0.0,13.334400544674656,423.4584214786693,0.13274336283185842
688,26,1549,2.6502314411764702,16.0,10.0,16.0,12.0,11.0,10.0,12.0,12.428571428571429,5.0,2.0,2.0,2.0,4.0,2.0,6.0,7.0,4.0,3.0,3.0,6.0,4.0,2.0,4.0,4.0,3.0,3.0,3.0,2.0,3.0,5.0,5.0,3.0,0.020012911555842477,0.0071013557133634605,0.0025823111684958036,0.02775984506132989,0.04906391220142027,0.03486120077469335,0.14202711426726922,0.7159457714654616,0.0006455777921239509,18,46567370.37126951,30.893016787523592,32.75057117313997,36.35641203933645,11.373795569683123,15.292539982119797,14.646865997814643,16.464686599781466,13.191616171649944,14.314095559749676,14.716400119201351,0.0,21.317174927982517,9.973179696036555,3.248236813350551,2.7664646865997815,24.65481275454455,0.009933445912387007,0.0,0.0,8.021257574252507,16.141849607628885,13.867090493692261,9.9058239872482,649.0428289131174,0.14138153647514526
702,10,773,5.0836631848659,20.0,18.0,20.0,15.0,16.0,18.0,21.0,18.285714285714285,5.0,5.0,6.0,5.0,5.0,5.0,5.0,7.0,7.0,6.0,6.0,4.0,6.0,6.0,5.0,4.0,5.0,5.0,6.0,5.0,3.0,7.0,4.0,6.0,0.06727037516170763,0.0,0.0,0.014230271668822769,0.00646830530401035,0.00258732212160414,0.2807244501940492,0.6274256144890039,0.00129366106080207,18,1320.7172464414955,18.615709756956676,25.272983444874956,56.11130679816837,13.138429024304333,15.621697780908772,10.479041916167663,13.816484677703416,14.459316660796054,16.555125044029587,15.929904896090171,0.0,17.224374779852063,23.22120464952448,0.0,8.119056005635787,0.0,0.0,0.0,0.0,21.239873194786895,3.134906657273688,27.06058471292709,0.9779452472418783,136.31991643771326,0.09055627425614489
730,8,1486,4.075193998998999,16.0,20.0,24.0,22.0,18.0,20.0,18.0,19.714285714285715,7.0,7.0,5.0,5.0,3.0,6.0,7.0,7.0,6.0,5.0,5.0,5.0,7.0,5.0,6.0,6.0,5.0,6.0,7.0,4.0,6.0,6.0,6.0,6.0,0.07676767676767676,0.0,0.0,0.017508417508417508,0.013468013468013467,0.0013468013468013469,0.16161616161616163,0.7286195286195286,0.0006734006734006734,18,180.5936951752871,36.85750104471375,29.22412592283048,33.918373032455776,13.038027580442959,16.464688675302966,13.149463713609139,13.414124529878812,14.598133444769468,14.960300877559549,14.375261178437107,5.362863908622371,3.733110461067001,3.9002646608162697,23.610530714584204,4.9031898593118814,5.028555509123834,4.722106142916841,14.821005711101826,3.9002646608162697,12.843014347402146,2.939128012257975,14.235966011979384,1.1107263735110984,96.69529208136188,0.10909090909090909
730,8,1486,4.075193998998999,16.0,20.0,24.0,22.0,18.0,20.0,18.0,19.714285714285715,7.0,7.0,5.0,5.0,3.0,6.0,7.0,7.0,6.0,5.0,5.0,5.0,7.0,5.0,6.0,6.0,5.0,6.0,7.0,4.0,6.0,6.0,6.0,6.0,0.07676767676767676,0.0,0.0,0.017508417508417508,0.013468013468013467,0.0013468013468013469,0.16161616161616163,0.7286195286195286,0.0006734006734006734,18,180.5936951752871,36.85750104471375,29.22412592283048,33.918373032455776,13.038027580442959,16.464688675302966,13.149463713609139,13.414124529878812,14.598133444769468,14.960300877559549,14.375261178437107,5.362863908622371,3.733110461067001,3.9002646608162697,23.610530714584204,4.9031898593118814,5.028555509123834,4.722106142916841,14.821005711101826,3.9002646608162697,12.843014347402146,2.939128012257975,14.235966011979384,1.1107263735110984,96.69529208136188,0.10909090909090909
779,8,13451,19.23784798315603,12.0,11.0,11.0,11.0,9.0,18.0,24.0,13.714285714285714,7.0,7.0,7.0,7.0,7.0,6.0,2.0,2.0,2.0,1.0,2.0,2.0,1.0,2.0,1.0,2.0,2.0,1.0,3.0,5.0,6.0,7.0,7.0,7.0,0.07174754391187854,0.0,0.0,0.015034236379874963,0.007814825841024114,0.00029770765108663293,0.10449538553140816,0.8005358737719559,7.442691277165823e-05,18,143207.12572678248,26.809238092045724,26.376831026044982,46.81393088190929,13.625850568162774,14.715248215063855,14.038145677605337,14.416920859450943,13.733114336473035,14.6817282874669,14.78899205577716,0.0,17.889585358495623,13.793450206147554,0.0,8.125230449502228,15.958837528910937,0.0,0.0,0.0,10.88392049073174,16.206884993128416,17.142090973083498,0.7592382890440175,192.39818774652377,0.09489431378386425
781,14,20267,15.422520214727573,23.0,24.0,24.0,22.0,24.0,24.0,24.0,23.571428571428573,7.0,7.0,7.0,7.0,7.0,7.0,7.0,7.0,7.0,7.0,7.0,7.0,7.0,7.0,6.0,6.0,6.0,7.0,7.0,7.0,7.0,7.0,7.0,7.0,0.0997720063441713,4.956383822363204e-05,9.912767644726408e-05,0.008574544012688343,0.0016356066613798573,0.0002973830293417922,0.129312053925456,0.75996233148295,0.0002973830293417922,18,4518644.095633439,35.422154443366146,29.932067101067517,34.64577845556634,14.575955030689538,14.539404862432729,13.910489898289704,13.50969839809435,14.122228804053288,15.028420906696244,14.31380209974415,9.066962428947733,4.1755416356830475,9.293825542265859,13.10008444349218,17.488625335568354,5.467401030966815,6.19462334421436,12.033827810896991,4.878817286969235,5.86819253116217,7.495305193904944,4.936793415928311,1.6807657107546905,8099.349357511026,0.11042823156225218
781,14,20267,15.422520214727573,23.0,24.0,24.0,22.0,24.0,24.0,24.0,23.571428571428573,7.0,7.0,7.0,7.0,7.0,7.0,7.0,7.0,7.0,7.0,7.0,7.0,7.0,7.0,6.0,6.0,6.0,7.0,7.0,7.0,7.0,7.0,7.0,7.0,0.0997720063441713,4.956383822363204e-05,9.912767644726408e-05,0.008574544012688343,0.0016356066613798573,0.0002973830293417922,0.129312053925456,0.75996233148295,0.0002973830293417922,18,4518644.095633439,35.422154443366146,29.932067101067517,34.64577845556634,14.575955030689538,14.539404862432729,13.910489898289704,13.50969839809435,14.122228804053288,15.028420906696244,14.31380209974415,9.066962428947733,4.1755416356830475,9.293825542265859,13.10008444349218,17.488625335568354,5.467401030966815,6.19462334421436,12.033827810896991,4.878817286969235,5.86819253116217,7.495305193904944,4.936793415928311,1.6807657107546905,8099.349357511026,0.11042823156225218
798,11,2646,14.102799779978001,9.0,10.0,13.0,12.0,9.0,19.0,19.0,13.0,7.0,7.0,7.0,7.0,7.0,4.0,4.0,3.0,2.0,2.0,3.0,2.0,1.0,2.0,3.0,4.0,2.0,2.0,2.0,2.0,3.0,6.0,3.0,6.0,0.10770975056689343,0.0007558578987150416,0.0003779289493575208,0.022297808012093728,0.04383975812547241,0.010959939531368102,0.3329554043839758,0.48072562358276644,0.0003779289493575208,18,1312.7356689732958,30.075127231601904,30.04685354228936,39.878019226108734,13.498667097503835,14.532676306648357,14.468050731076824,14.944664350916876,13.506745294450278,14.956781646336538,14.092414573067291,28.91590596978754,0.0,0.0,6.858389207528879,0.0,0.0,2.9606591808708296,31.064706357540995,30.20033928427175,0.0,0.0,0.0,3.950810701453816,355.3042664194146,0.18594104308390022
798,11,2646,14.102799779978001,9.0,10.0,13.0,12.0,9.0,19.0,19.0,13.0,7.0,7.0,7.0,7.0,7.0,4.0,4.0,3.0,2.0,2.0,3.0,2.0,1.0,2.0,3.0,4.0,2.0,2.0,2.0,2.0,3.0,6.0,3.0,6.0,0.10770975056689343,0.0007558578987150416,0.0003779289493575208,0.022297808012093728,0.04383975812547241,0.010959939531368102,0.3329554043839758,0.48072562358276644,0.0003779289493575208,18,1312.7356689732958,30.075127231601904,30.04685354228936,39.878019226108734,13.498667097503835,14.532676306648357,14.468050731076824,14.944664350916876,13.506745294450278,14.956781646336538,14.092414573067291,28.91590596978754,0.0,0.0,6.858389207528879,0.0,0.0,2.9606591808708296,31.064706357540995,30.20033928427175,0.0,0.0,0.0,3.950810701453816,355.3042664194146,0.18594104308390022
839,27,1230,6.499337349397591,15.0,13.0,14.0,17.0,18.0,14.0,14.0,15.0,2.0,2.0,4.0,2.0,4.0,3.0,3.0,6.0,7.0,7.0,6.0,6.0,5.0,6.0,6.0,5.0,5.0,4.0,4.0,5.0,3.0,2.0,5.0,3.0,0.021922428330522766,0.003372681281618887,0.002529510961214165,0.013490725126475547,0.031197301854974706,0.010961214165261383,0.21416526138279932,0.7015177065767285,0.0008431703204047217,18,7053703.921696376,29.968391939944688,28.002765705254838,42.028842354800474,14.075464243382063,14.243382062425919,14.687870406953774,14.539707625444489,13.729751086527065,14.702686685104702,14.021137890161992,0.0,4.632556301856973,0.0,0.0,0.0,31.356183326748322,42.15725009877519,0.0,20.421770051363097,0.019755037534571314,0.49387593836428295,0.9186092453575662,5.2651722850446765,541.4357975263304,0.08347386172006746
855,3,621,3.507709135802469,13.0,10.0,17.0,15.0,7.0,5.0,10.0,11.0,3.0,3.0,4.0,4.0,3.0,4.0,5.0,4.0,3.0,2.0,2.0,3.0,1.0,0.0,1.0,2.0,3.0,3.0,3.0,5.0,7.0,5.0,3.0,4.0,0.013333333333333334,0.0,0.0,0.0016666666666666668,0.0016666666666666668,0.0,0.06666666666666667,0.915,0.0016666666666666668,18,6177.289794345705,25.00400705241225,22.295239621734254,52.7007533258535,12.662285622695945,14.425388684083988,14.601698990222792,15.980125020035263,10.915210770956884,14.713896457765669,16.701394454239463,0.0,0.0,7.244750761339959,45.88876422503606,46.86648501362398,0.0,0.0,0.0,0.0,0.0,0.0,0.0,0.11743515308032557,24.53273418118052,0.016666666666666666
855,3,621,3.507709135802469,13.0,10.0,17.0,15.0,7.0,5.0,10.0,11.0,3.0,3.0,4.0,4.0,3.0,4.0,5.0,4.0,3.0,2.0,2.0,3.0,1.0,0.0,1.0,2.0,3.0,3.0,3.0,5.0,7.0,5.0,3.0,4.0,0.013333333333333334,0.0,0.0,0.0016666666666666668,0.0016666666666666668,0.0,0.06666666666666667,0.915,0.0016666666666666668,18,6177.289794345705,25.00400705241225,22.295239621734254,52.7007533258535,12.662285622695945,14.425388684083988,14.601698990222792,15.980125020035263,10.915210770956884,14.713896457765669,16.701394454239463,0.0,0.0,7.244750761339959,45.88876422503606,46.86648501362398,0.0,0.0,0.0,0.0,0.0,0.0,0.0,0.11743515308032557,24.53273418118052,0.016666666666666666
896,13,14653,14.149383158229863,21.0,24.0,21.0,21.0,21.0,14.0,23.0,20.714285714285715,7.0,7.0,7.0,7.0,7.0,7.0,7.0,6.0,6.0,7.0,7.0,7.0,7.0,7.0,4.0,6.0,5.0,5.0,4.0,3.0,5.0,6.0,6.0,5.0,0.06653927523374054,0.00027298164198457655,0.00027298164198457655,0.016242407698082304,0.009554357469460178,0.0017743806728997475,0.15532655428922404,0.7499488159421279,6.824541049614414e-05,18,150073.75447753313,32.49906062635801,26.175033899135773,41.325905474506214,14.084069856725097,14.709774386956592,13.247618892029212,14.414075901390271,14.722843933279966,14.37159987583931,14.450017153779548,8.421688912123638,5.4957442289784515,8.041038375455392,8.405351979219422,9.349626701083139,8.43312476515659,8.227279410563462,9.30224959566091,8.36450964695888,8.55238437535737,9.911617192988189,7.495384816454559,1.1070939606295567,382.54837449776835,0.09465638435815192
915,6,1322,2.931424636015326,21.0,21.0,21.0,17.0,20.0,16.0,17.0,19.0,7.0,5.0,4.0,5.0,6.0,5.0,5.0,5.0,6.0,7.0,6.0,6.0,6.0,6.0,6.0,7.0,7.0,4.0,5.0,6.0,6.0,4.0,5.0,4.0,0.020626432391138275,0.0007639419404125286,0.0007639419404125286,0.0106951871657754,0.014514896867838044,0.002291825821237586,0.1436210847975554,0.8059587471352178,0.0007639419404125286,18,266131.7096141381,32.9068611203182,28.239973483592973,38.853165396088826,12.098110705999337,15.585018230029831,10.745773947630097,14.769638713954258,14.352005303281407,17.05667882001989,15.392774279085183,0.0,0.0,21.61750082863772,19.549221080543585,22.2737819025522,0.0,0.0,0.2983095790520385,0.0,20.828637719588997,15.432548889625455,0.0,1.655430503520923,356.07836535276596,0.04965622612681436
925,15,31114,15.361947236180905,11.0,15.0,13.0,17.0,10.0,13.0,22.0,14.428571428571429,7.0,7.0,7.0,7.0,7.0,6.0,1.0,1.0,1.0,3.0,3.0,3.0,1.0,2.0,2.0,2.0,1.0,3.0,4.0,5.0,7.0,7.0,7.0,7.0,0.04675215878334837,3.2220646990591574e-05,6.444129398118315e-05,0.0065085706920994975,0.005928599046268849,0.000225544528934141,0.012759376208274262,0.9276968681531125,3.2220646990591574e-05,18,189480.8140083654,32.0130394645742,28.141587814447266,39.84537272097854,15.630048465266558,14.62324024924994,13.374105700438497,10.740249249942304,16.0800830833141,14.637664435725824,14.914608816062774,1.1539349180706209,6.179321486268174,0.0,0.0,0.0,15.705054234941148,21.85552734825756,0.0,20.404454188783752,16.077198246018927,11.556658204477268,7.0678513731825525,0.4947820532185915,958.2696880088133,0.05951153499162263
964,6,43,0.0,0.0,0.0,0.0,8.0,2.0,6.0,0.0,2.2857142857142856,1.0,0.0,0.0,0.0,0.0,1.0,1.0,0.0,0.0,0.0,1.0,2.0,0.0,1.0,1.0,2.0,1.0,2.0,2.0,0.0,0.0,0.0,0.0,1.0,0.06976744186046512,0.0,0.0,0.06976744186046512,0.046511627906976744,0.0,0.20930232558139536,0.5813953488372093,0.023255813953488372,18,45.514138925483365,31.01391650099404,34.1948310139165,34.791252485089466,21.570576540755468,0.0,18.190854870775347,9.244532803180915,21.769383697813122,7.3558648111332,21.868787276341948,0.0,0.0,0.0,0.0,0.0,0.0,100.0,0.0,0.0,0.0,0.0,0.0,2.535454925022382,50.21473765964577,0.18604651162790697
1011,5,130,4.390119047619048,5.0,3.0,1.0,0.0,0.0,12.0,7.0,4.0,0.0,0.0,1.0,1.0,1.0,2.0,1.0,4.0,3.0,3.0,1.0,2.0,1.0,2.0,1.0,0.0,1.0,1.0,1.0,1.0,1.0,0.0,0.0,0.0,0.18461538461538463,0.0,0.0,0.023076923076923078,0.015384615384615385,0.007692307692307693,0.13846153846153847,0.6230769230769231,0.007692307692307693,18,119512.77188376382,22.11404728789986,38.80389429763561,39.082058414464534,0.0,9.17941585535466,9.17941585535466,9.17941585535466,11.265646731571627,33.79694019471488,27.399165507649514,0.0,0.0,0.0,0.0,0.0,27.677329624478443,72.32267037552155,0.0,0.0,0.0,0.0,0.0,2.101569922237447,96.30221598620855,0.23076923076923078
1011,5,130,4.390119047619048,5.0,3.0,1.0,0.0,0.0,12.0,7.0,4.0,0.0,0.0,1.0,1.0,1.0,2.0,1.0,4.0,3.0,3.0,1.0,2.0,1.0,2.0,1.0,0.0,1.0,1.0,1.0,1.0,1.0,0.0,0.0,0.0,0.18461538461538463,0.0,0.0,0.023076923076923078,0.015384615384615385,0.007692307692307693,0.13846153846153847,0.6230769230769231,0.007692307692307693,18,119512.77188376382,22.11404728789986,38.80389429763561,39.082058414464534,0.0,9.17941585535466,9.17941585535466,9.17941585535466,11.265646731571627,33.79694019471488,27.399165507649514,0.0,0.0,0.0,0.0,0.0,27.677329624478443,72.32267037552155,0.0,0.0,0.0,0.0,0.0,2.101569922237447,96.30221598620855,0.23076923076923078
1015,6,203,2.5120718295019158,12.0,6.0,14.0,2.0,9.0,5.0,5.0,7.571428571428571,2.0,1.0,0.0,0.0,2.0,2.0,2.0,2.0,3.0,4.0,3.0,5.0,3.0,4.0,1.0,0.0,3.0,3.0,2.0,3.0,1.0,1.0,2.0,4.0,0.005,0.0,0.005,0.005,0.015,0.005,0.24,0.72,0.005,18,1594.1609135333888,40.93314093314093,32.323232323232325,26.74362674362674,15.584415584415584,14.526214526214526,16.113516113516113,13.275613275613276,12.674362674362674,13.852813852813853,13.973063973063974,0.0,0.0,48.55699855699856,0.0,2.5733525733525733,0.0,0.0,0.0,0.0,48.86964886964887,0.0,0.0,3.163793500844052,308.7753703218707,0.035
1015,6,203,2.5120718295019158,12.0,6.0,14.0,2.0,9.0,5.0,5.0,7.571428571428571,2.0,1.0,0.0,0.0,2.0,2.0,2.0,2.0,3.0,4.0,3.0,5.0,3.0,4.0,1.0,0.0,3.0,3.0,2.0,3.0,1.0,1.0,2.0,4.0,0.005,0.0,0.005,0.005,0.015,0.005,0.24,0.72,0.005,18,1594.1609135333888,40.93314093314093,32.323232323232325,26.74362674362674,15.584415584415584,14.526214526214526,16.113516113516113,13.275613275613276,12.674362674362674,13.852813852813853,13.973063973063974,0.0,0.0,48.55699855699856,0.0,2.5733525733525733,0.0,0.0,0.0,0.0,48.86964886964887,0.0,0.0,3.163793500844052,308.7753703218707,0.035
1051,18,1289,0.0,9.0,7.0,12.0,12.0,10.0,10.0,10.0,10.0,2.0,0.0,0.0,0.0,0.0,0.0,3.0,4.0,6.0,6.0,6.0,5.0,4.0,3.0,3.0,6.0,3.0,0.0,2.0,3.0,3.0,4.0,5.0,2.0,0.10587188612099645,0.0,0.0,0.0711743772241993,0.04715302491103203,0.004448398576512456,0.10409252669039146,0.6663701067615658,0.0008896797153024911,18,985.3155864503839,48.08097355487948,34.92862157734613,16.990404867774398,15.469225368593495,14.18207348467119,13.5619003042359,14.205476246197051,12.93002574303768,15.562836414696935,14.08846243856775,0.0,0.0,55.74537795459864,0.0,44.25462204540136,0.0,0.0,0.0,0.0,0.0,0.0,0.0,3.0985006697027035,90.63456433182812,0.22864768683274023
1079,8,916,5.101622222222221,21.0,16.0,15.0,20.0,16.0,19.0,22.0,18.428571428571427,4.0,5.0,4.0,3.0,6.0,7.0,6.0,6.0,5.0,7.0,6.0,5.0,7.0,6.0,7.0,4.0,6.0,4.0,7.0,5.0,5.0,4.0,5.0,5.0,0.03943044906900329,0.0,0.0,0.009857612267250822,0.03176341730558598,0.001095290251916758,0.32420591456736036,0.592552026286966,0.001095290251916758,18,1213.2198980808514,31.008662457788873,31.970342093672,37.02099544853913,14.627073851123182,12.81750110115989,14.245338423139039,15.089561004257817,15.383203641168697,13.23594185875789,14.60138012039348,14.689472911466744,2.9033915724563206,0.0,20.808251358097195,0.0,14.116869769490531,13.658053149317281,14.52796946116576,13.221259726912349,0.0,0.0,6.074732051093819,1.7337363961950976,100.22321676927446,0.08214676889375684
1079,8,916,5.101622222222221,21.0,16.0,15.0,20.0,16.0,19.0,22.0,18.428571428571427,4.0,5.0,4.0,3.0,6.0,7.0,6.0,6.0,5.0,7.0,6.0,5.0,7.0,6.0,7.0,4.0,6.0,4.0,7.0,5.0,5.0,4.0,5.0,5.0,0.03943044906900329,0.0,0.0,0.009857612267250822,0.03176341730558598,0.001095290251916758,0.32420591456736036,0.592552026286966,0.001095290251916758,18,1213.2198980808514,31.008662457788873,31.970342093672,37.02099544853913,14.627073851123182,12.81750110115989,14.245338423139039,15.089561004257817,15.383203641168697,13.23594185875789,14.60138012039348,14.689472911466744,2.9033915724563206,0.0,20.808251358097195,0.0,14.116869769490531,13.658053149317281,14.52796946116576,13.221259726912349,0.0,0.0,6.074732051093819,1.7337363961950976,100.22321676927446,0.08214676889375684
1083,18,1740,1.456769202087994,12.0,15.0,15.0,14.0,15.0,8.0,14.0,13.285714285714286,4.0,2.0,3.0,3.0,5.0,5.0,5.0,3.0,5.0,4.0,4.0,5.0,3.0,4.0,4.0,2.0,3.0,3.0,5.0,5.0,4.0,4.0,4.0,4.0,0.05449101796407185,0.004790419161676647,0.0029940119760479044,0.017365269461077845,0.03173652694610778,0.02874251497005988,0.19281437125748502,0.6664670658682634,0.0005988023952095808,18,181237.8011781414,28.243443286875404,28.151272239756448,43.60528447336816,14.322822109879061,14.333994358014692,14.130100829539424,14.015585286149204,13.822864005809569,14.948468005474403,14.426165405133649,14.965226377677848,0.0,13.602212105130853,17.98731949836606,24.713012876015977,0.0,0.0,14.035136720386559,6.1642879088344555,4.508002122727146,4.024802390861101,0.0,8.40645198600264,839.7938677591835,0.14011976047904193
1118,14,1354,8.232453703703705,23.0,17.0,18.0,18.0,16.0,19.0,15.0,18.0,7.0,6.0,7.0,4.0,6.0,4.0,6.0,5.0,7.0,5.0,6.0,5.0,5.0,4.0,7.0,7.0,5.0,6.0,5.0,4.0,2.0,6.0,2.0,5.0,0.08567208271787297,0.0007385524372230429,0.0007385524372230429,0.03323485967503693,0.016986706056129987,0.0051698670605613,0.1757754800590842,0.6809453471196455,0.0007385524372230429,18,131505.00092783352,28.01909307875895,27.875894988066825,44.105011933174225,12.658711217183772,17.031026252983295,14.47255369928401,14.62529832935561,13.298329355608592,14.16706443914081,13.747016706443915,0.0,0.0,0.0,0.0,0.0,39.22673031026253,51.140811455847256,0.0,9.632458233890215,0.0,0.0,0.0,2.3756050631727628,332.7749596421397,0.14254062038404727
1154,18,1561,5.868184281842819,15.0,10.0,16.0,8.0,21.0,12.0,19.0,14.428571428571429,6.0,7.0,4.0,4.0,2.0,4.0,5.0,6.0,5.0,3.0,2.0,3.0,4.0,3.0,5.0,4.0,5.0,7.0,6.0,6.0,3.0,2.0,3.0,2.0,0.06662395900064061,0.005765534913516977,0.0012812299807815502,0.07815502882767457,0.03779628443305574,0.013452914798206279,0.09096732863549008,0.7053171044202434,0.0006406149903907751,18,96263.6804903832,32.22967309304275,17.93797150041911,49.832355406538134,16.617770326906957,17.83319362950545,13.998323554065381,13.558256496227997,12.007544006705784,15.004191114836546,10.980720871751885,0.0,10.352053646269908,0.0,0.0,0.0,77.28415758591785,9.346186085498742,0.0,0.0,0.0,0.0,3.0176026823134956,6.0279969156391635,375.2037942896857,0.20307495195387573
1156,11,730,6.945203703703703,10.0,10.0,8.0,20.0,21.0,15.0,10.0,13.428571428571429,5.0,4.0,4.0,4.0,3.0,4.0,5.0,4.0,4.0,5.0,4.0,4.0,5.0,4.0,4.0,4.0,3.0,3.0,4.0,5.0,3.0,3.0,4.0,2.0,0.2876712328767123,0.0,0.0,0.04794520547945205,0.01643835616438356,0.005479452054794521,0.07123287671232877,0.5698630136986301,0.0013698630136986301,18,19100.893892186115,35.949367088607595,37.620253164556964,26.430379746835442,13.265822784810128,13.772151898734178,13.974683544303797,17.31645569620253,16.0,12.30379746835443,13.367088607594937,0.0,0.0,61.721518987341774,0.0,0.0,0.0,0.0,0.0,0.0,38.278481012658226,0.0,0.0,2.4554157092084212,193.42542933727657,0.35753424657534244
1163,6,286,0.0,4.0,1.0,2.0,4.0,12.0,12.0,7.0,6.0,0.0,0.0,0.0,0.0,0.0,0.0,0.0,1.0,1.0,0.0,2.0,3.0,5.0,6.0,2.0,3.0,3.0,2.0,2.0,2.0,4.0,2.0,2.0,2.0,0.07692307692307693,0.0,0.0,0.01048951048951049,0.006993006993006993,0.0,0.12237762237762238,0.7797202797202797,0.0034965034965034965,18,1194887.6371503163,49.17814304753443,24.078187472234564,26.74366948023101,18.96934695690804,12.79431363838294,20.39093736117281,19.768991559306976,12.572190137716571,7.818747223456242,7.685473123056418,10.884051532652155,6.752554420257663,4.042647712127943,4.1314971123944915,3.9537983118613953,14.171479342514438,3.065304309195913,11.239449133718347,12.661039537983118,0.0,2.176810306530431,26.921368280764106,0.7517666114212291,55.8576120849462,0.0944055944055944
1180,15,5618,8.468735078053259,9.0,14.0,7.0,16.0,15.0,16.0,15.0,13.142857142857142,7.0,7.0,7.0,7.0,6.0,6.0,7.0,5.0,3.0,3.0,3.0,0.0,1.0,3.0,2.0,2.0,3.0,3.0,3.0,2.0,3.0,3.0,3.0,3.0,0.1073641997812614,0.0007291286912139992,0.0012759752096244987,0.014400291651476486,0.011301494713816989,0.002005103900838498,0.11538461538461539,0.7471746263215457,0.0003645643456069996,18,178555.43809377466,32.39417495502224,30.02138565463865,37.584439390339114,14.324994059540378,16.300621202349028,12.794052751281443,11.768899147968364,13.157269425302964,15.336569469432092,16.317593944125733,0.0,0.0,20.744084999490816,18.058997250415832,19.579754913608742,0.0,0.0,0.0,0.0,21.64024576530093,19.976917071183678,0.0,2.1894303784569957,1493.6369618367069,0.13707619394823187
1184,4,886,10.150759259259258,15.0,5.0,8.0,17.0,18.0,24.0,20.0,15.285714285714286,3.0,3.0,3.0,4.0,4.0,4.0,5.0,5.0,5.0,4.0,4.0,5.0,5.0,5.0,6.0,5.0,6.0,5.0,5.0,5.0,4.0,4.0,4.0,4.0,0.022573363431151242,0.0,0.0,0.0,0.003386004514672686,0.0,0.17832957110609482,0.7945823927765236,0.001128668171557562,18,182238.98092702514,32.59949195596952,32.345469940728194,35.05503810330229,15.325994919559696,9.568162574089754,27.265029635901776,11.600338696020323,20.067739204064353,4.318374259102455,11.854360711261643,0.0,0.0,79.0008467400508,0.0,20.999153259949196,0.0,0.0,0.0,0.0,0.0,0.0,0.0,0.3889862834665873,67.82234065665074,0.025959367945823927
1244,30,7924,1.9363614848031887,8.0,4.0,9.0,6.0,4.0,6.0,4.0,5.857142857142857,1.0,1.0,0.0,0.0,1.0,4.0,7.0,7.0,6.0,4.0,1.0,0.0,0.0,0.0,0.0,0.0,0.0,0.0,0.0,0.0,0.0,2.0,7.0,0.0,0.09285530049006964,0.0016765540366262574,0.007608976012380707,0.039979365488779985,0.02953314418364715,0.008382770183131287,0.05300490069641475,0.7661851947381997,0.0007737941707505803,18,384297.01129114284,48.44482009176527,42.84713837237382,8.708041535860902,14.641390968365128,14.240521613136922,13.936247283264914,14.334701762859211,14.489253803429122,13.970055542139582,14.387829026805118,4.742815744989133,8.471383723738228,13.540207679304517,8.244385414151171,14.081139821299201,2.2385897126297993,0.6834098043950737,4.535136440473315,3.745472108186428,13.706834098043952,13.429123400144894,12.58150205264429,8.765975914144857,1385.8807210016787,0.18003611039463502
1261,7,10809,10.771484910836763,15.0,13.0,4.0,17.0,20.0,20.0,19.0,15.428571428571429,0.0,1.0,0.0,2.0,3.0,6.0,6.0,7.0,4.0,6.0,6.0,6.0,6.0,5.0,4.0,4.0,6.0,6.0,6.0,6.0,6.0,6.0,5.0,1.0,0.013322231473771857,0.0,0.0,0.01322971597742622,0.002590433897677861,0.0,0.022666296604681283,0.9475437135720233,0.0006476084744194652,18,10176274.957876278,48.79600963192294,41.51186790505676,9.692122463020295,15.264877880976952,15.64327485380117,11.97110423116615,12.985896112831096,15.299277605779155,13.73409012727898,15.101479188166495,0.0,0.0,12.19470244238046,0.0,37.26350189198486,0.0,0.0,0.0,0.0,39.28448572411421,11.257309941520468,0.0,2.1187986790182527,10207.343104816178,0.029142381348875937
1262,2,79,0.0,4.0,6.0,7.0,4.0,4.0,4.0,1.0,4.285714285714286,0.0,0.0,0.0,0.0,0.0,0.0,0.0,1.0,3.0,2.0,0.0,3.0,2.0,2.0,2.0,1.0,3.0,1.0,3.0,2.0,2.0,1.0,1.0,1.0,0.015151515151515152,0.0,0.0,0.0,0.015151515151515152,0.0,0.3939393939393939,0.5606060606060606,0.015151515151515152,18,3564.671810777622,42.4163689509581,45.794088989931794,11.7895420591101,12.633972068853524,12.796362455342644,14.192919779149074,13.316011692107827,14.225397856446897,18.1552452094836,14.680090938616432,30.626826891848,0.12991230919129587,0.12991230919129587,11.984410522897045,13.121143228320884,0.3247807729782397,11.20493666774927,17.635595972718416,14.063007469957778,0.7794738551477752,0.0,0.0,0.564754287717014,31.17093388422308,0.030303030303030304
1262,2,79,0.0,4.0,6.0,7.0,4.0,4.0,4.0,1.0,4.285714285714286,0.0,0.0,0.0,0.0,0.0,0.0,0.0,1.0,3.0,2.0,0.0,3.0,2.0,2.0,2.0,1.0,3.0,1.0,3.0,2.0,2.0,1.0,1.0,1.0,0.015151515151515152,0.0,0.0,0.0,0.015151515151515152,0.0,0.3939393939393939,0.5606060606060606,0.015151515151515152,18,3564.671810777622,42.4163689509581,45.794088989931794,11.7895420591101,12.633972068853524,12.796362455342644,14.192919779149074,13.316011692107827,14.225397856446897,18.1552452094836,14.680090938616432,30.626826891848,0.12991230919129587,0.12991230919129587,11.984410522897045,13.121143228320884,0.3247807729782397,11.20493666774927,17.635595972718416,14.063007469957778,0.7794738551477752,0.0,0.0,0.564754287717014,31.17093388422308,0.030303030303030304
1265,14,3359,5.528832553547523,17.0,14.0,14.0,15.0,15.0,13.0,15.0,14.714285714285714,6.0,7.0,6.0,5.0,5.0,6.0,5.0,5.0,3.0,1.0,0.0,2.0,2.0,4.0,5.0,3.0,4.0,4.0,3.0,5.0,5.0,6.0,4.0,7.0,0.05749180816204945,0.0011915400655347036,0.0,0.032171581769437,0.020554066130473638,0.002680965147453083,0.18349717009234434,0.7021149836163241,0.0002978850163836759,18,7613.426289127558,30.28065669999083,40.73649454278639,28.982848757222783,14.830780519123177,11.308814087865725,15.706686233146842,12.267265890121985,15.160964872053565,14.619829404750986,16.105658992937723,21.84719801889388,0.0,1.9031459231404202,1.6738512336054296,5.906631202421352,0.6282674493258736,19.838576538567366,16.7155828671008,8.497661194166744,8.607722645143538,13.147757497936347,1.2336054296982482,1.6954745452003879,278.1823616206276,0.11408996127494787
1349,1,4,0.0,0.0,0.0,0.0,0.0,1.0,0.0,0.0,0.14285714285714285,0.0,0.0,0.0,0.0,0.0,0.0,0.0,0.0,0.0,0.0,0.0,1.0,0.0,0.0,0.0,0.0,0.0,0.0,0.0,0.0,0.0,0.0,0.0,0.0,0.0,0.0,0.0,0.0,0.0,0.0,0.0,0.75,0.25,18,3.7710624806415126e-05,0.0,100.0,0.0,100.0,0.0,0.0,0.0,0.0,0.0,0.0,0.0,0.0,100.0,0.0,0.0,0.0,0.0,0.0,0.0,0.0,0.0,0.0,0.04984445479733333,0.09438960703646924,0.0
1355,11,2074,9.524827441077441,20.0,15.0,22.0,15.0,17.0,20.0,13.0,17.428571428571427,4.0,5.0,5.0,5.0,6.0,5.0,7.0,5.0,6.0,5.0,5.0,6.0,3.0,4.0,4.0,3.0,4.0,5.0,4.0,5.0,6.0,6.0,7.0,7.0,0.12208067940552017,0.0005307855626326964,0.0,0.022292993630573247,0.014331210191082803,0.0,0.1587048832271762,0.6809978768577495,0.0010615711252653928,18,1889584.7525025203,30.14229106628242,34.5371037463977,35.320605187319885,7.979106628242075,15.922190201729105,14.463256484149856,14.7514409221902,15.724063400576368,16.19236311239193,14.967579250720462,0.0,19.173270893371757,0.0,0.0,0.0,46.2536023054755,22.847622478386167,0.0,0.0,0.0,3.2060518731988474,8.519452449567723,2.4028671243961006,1578.868830142326,0.1592356687898089
1392,7,5935,12.491426767676769,22.0,13.0,19.0,24.0,13.0,18.0,6.0,16.428571428571427,7.0,6.0,7.0,7.0,6.0,6.0,7.0,5.0,3.0,3.0,3.0,4.0,3.0,4.0,5.0,4.0,3.0,4.0,6.0,5.0,3.0,5.0,4.0,5.0,0.022197761878554392,0.0,0.0,0.0056870299027701335,0.011190607228031554,0.0,0.0379746835443038,0.9227664648688314,0.000183452577508714,18,14384.257168265282,31.34008338296605,25.443716497915425,43.216200119118525,19.52352590827874,9.958308516974391,21.643835616438356,13.353186420488386,11.756998213222156,11.566408576533652,12.197736748064324,0.0,0.0,45.90827873734366,3.049434187016081,38.63013698630137,0.0,0.0,0.0,0.0,12.412150089338892,0.0,0.0,0.5720239738287538,71.80500855248646,0.03907539900935608
1404,2,405,2.413690476190476,2.0,11.0,6.0,3.0,1.0,7.0,10.0,5.714285714285714,2.0,1.0,1.0,1.0,1.0,1.0,0.0,0.0,2.0,3.0,2.0,2.0,1.0,2.0,2.0,2.0,1.0,1.0,2.0,3.0,3.0,3.0,1.0,3.0,0.0,0.0027247956403269754,0.0027247956403269754,0.0027247956403269754,0.0,0.0,0.043596730245231606,0.9455040871934605,0.0027247956403269754,18,6403.293490418712,31.865413161801087,29.39139040079169,38.74319643740722,14.992577931716971,12.370113805047007,8.2632360217714,18.25828797624938,19.643740722414645,18.703612073231074,7.76843146956952,0.0,0.0,36.912419594260264,0.0,0.0,0.0,0.0,0.0,0.0,35.9228104898565,27.164769915883223,0.0,1.5269742064269216,312.1696481565124,0.008174386920980926
1404,2,405,2.413690476190476,2.0,11.0,6.0,3.0,1.0,7.0,10.0,5.714285714285714,2.0,1.0,1.0,1.0,1.0,1.0,0.0,0.0,2.0,3.0,2.0,2.0,1.0,2.0,2.0,2.0,1.0,1.0,2.0,3.0,3.0,3.0,1.0,3.0,0.0,0.0027247956403269754,0.0027247956403269754,0.0027247956403269754,0.0,0.0,0.043596730245231606,0.9455040871934605,0.0027247956403269754,18,6403.293490418712,31.865413161801087,29.39139040079169,38.74319643740722,14.992577931716971,12.370113805047007,8.2632360217714,18.25828797624938,19.643740722414645,18.703612073231074,7.76843146956952,0.0,0.0,36.912419594260264,0.0,0.0,0.0,0.0,0.0,0.0,35.9228104898565,27.164769915883223,0.0,1.5269742064269216,312.1696481565124,0.008174386920980926
1410,14,1686,2.518073727933541,9.0,15.0,8.0,9.0,6.0,9.0,17.0,10.428571428571429,1.0,2.0,2.0,2.0,3.0,3.0,7.0,6.0,6.0,5.0,2.0,4.0,4.0,2.0,2.0,1.0,1.0,1.0,3.0,4.0,2.0,2.0,5.0,3.0,0.07730986800754243,0.0,0.0,0.0339409176618479,0.039597737272155875,0.00502828409805154,0.24072910119421748,0.6027655562539284,0.0006285355122564425,18,3484.7389044209176,28.39247705781779,29.474161694406643,42.13336124777557,15.325028786768554,15.590215987996789,15.105202554171465,15.68093792525908,11.689172685718273,14.382916361352455,12.226525698733383,0.0,0.0,23.33996301336404,10.22715377368366,28.211033183293203,0.0,0.0,2.4913639694336855,0.0,22.55138002023797,13.179106039987436,0.0,2.6750639485093015,184.46270544008587,0.15587680703959775
1451,9,1768,3.958169834983498,21.0,22.0,18.0,14.0,13.0,14.0,20.0,17.428571428571427,6.0,6.0,5.0,7.0,7.0,7.0,7.0,7.0,7.0,6.0,5.0,3.0,5.0,2.0,3.0,5.0,5.0,4.0,4.0,4.0,5.0,2.0,5.0,5.0,0.030542986425339366,0.0,0.0,0.015271493212669683,0.011877828054298642,0.0016968325791855204,0.125,0.8150452488687783,0.0005656108597285068,18,320077.35976935487,9.78939570324902,27.854799449677216,62.355804847073756,14.562387554238542,13.631072071118636,12.625674674568737,12.689173457508732,13.969732246798602,16.774261826648324,15.747698169118426,0.0,6.561540903799344,12.445761456238754,1.0159805270398983,1.3863900941898613,8.9956609164991,10.826542491268917,0.0,9.31315483119907,18.954386707588107,13.948565985818606,16.552016086358346,0.9842285910211166,100.94421715017855,0.05938914027149321
1451,9,1768,3.958169834983498,21.0,22.0,18.0,14.0,13.0,14.0,20.0,17.428571428571427,6.0,6.0,5.0,7.0,7.0,7.0,7.0,7.0,7.0,6.0,5.0,3.0,5.0,2.0,3.0,5.0,5.0,4.0,4.0,4.0,5.0,2.0,5.0,5.0,0.030542986425339366,0.0,0.0,0.015271493212669683,0.011877828054298642,0.0016968325791855204,0.125,0.8150452488687783,0.0005656108597285068,18,320077.35976935487,9.78939570324902,27.854799449677216,62.355804847073756,14.562387554238542,13.631072071118636,12.625674674568737,12.689173457508732,13.969732246798602,16.774261826648324,15.747698169118426,0.0,6.561540903799344,12.445761456238754,1.0159805270398983,1.3863900941898613,8.9956609164991,10.826542491268917,0.0,9.31315483119907,18.954386707588107,13.948565985818606,16.552016086358346,0.9842285910211166,100.94421715017855,0.05938914027149321
1462,16,7553,2.2212203876603875,18.0,11.0,12.0,14.0,12.0,11.0,13.0,13.0,7.0,7.0,7.0,7.0,7.0,7.0,6.0,7.0,4.0,3.0,3.0,3.0,1.0,2.0,1.0,3.0,4.0,2.0,1.0,0.0,0.0,3.0,3.0,3.0,0.08548627079669958,0.0009468416069254701,0.0009468416069254701,0.025158934126876774,0.06776680643852293,0.015690518057622074,0.12241309346679291,0.6813201677262275,0.00027052617340727714,18,499720.8087018909,31.805820513861267,32.24520030847911,35.948979177659616,14.726833624223728,14.51576896537728,14.5391078459228,14.228599261273695,13.546698055769776,14.228599261273695,14.21439298615903,3.0370986727280105,9.618662986564923,6.712464991679182,8.965174331290337,7.106181759142753,12.334091001339448,7.6226813329545,9.311198603726103,3.0198481958030605,9.802329829118806,11.490847099890408,10.97942119576247,5.699699269638256,1199.0839091063644,0.1959962126335723
1470,39,17675,15.938551136363639,12.0,11.0,11.0,8.0,8.0,11.0,9.0,10.0,7.0,7.0,7.0,7.0,7.0,7.0,7.0,5.0,1.0,0.0,0.0,0.0,0.0,0.0,0.0,0.0,0.0,0.0,0.0,0.0,2.0,4.0,5.0,4.0,0.12194657699384556,0.0,0.00012689550155446988,0.022777742529027346,0.01319713216166487,0.002093775775648753,0.014973669183427447,0.8248207601040544,6.344775077723494e-05,18,3007157.581925755,31.37965852762989,31.06297044244538,37.55737102992473,11.662382963098954,14.026069395997798,13.590049568569857,15.540664586010648,17.179181200660913,15.31118046631173,12.690471819350101,0.12851110703139343,0.0,0.0,0.0,0.0,32.07270056912061,33.97282908022765,0.0,33.82595924362034,0.0,0.0,0.0,1.4170884165535476,549.1894574295338,0.16014212296174102
1476,19,408,4.082222222222223,4.0,1.0,7.0,12.0,14.0,12.0,6.0,8.0,2.0,1.0,0.0,0.0,5.0,3.0,4.0,2.0,5.0,1.0,3.0,3.0,4.0,2.0,4.0,3.0,3.0,5.0,1.0,2.0,1.0,2.0,0.0,0.0,0.08069164265129683,0.002881844380403458,0.0,0.0345821325648415,0.16714697406340057,0.040345821325648415,0.1873198847262248,0.484149855907781,0.002881844380403458,18,8249.497221801304,27.534025787965614,32.333452722063036,40.132521489971346,19.242478510028654,11.87320916905444,13.995343839541546,12.267191977077365,17.14720630372493,9.95702005730659,15.517550143266476,15.007163323782235,19.251432664756447,0.0,0.0,0.0,4.0025071633237825,1.916189111747851,0.0,9.41977077363897,0.0,0.0,50.40293696275072,12.95416202798697,235.9884545955831,0.3256484149855908
1489,17,12312,14.582203703703703,20.0,16.0,17.0,19.0,13.0,17.0,20.0,17.428571428571427,7.0,7.0,7.0,7.0,7.0,7.0,4.0,3.0,4.0,3.0,3.0,3.0,3.0,1.0,2.0,3.0,4.0,7.0,6.0,6.0,7.0,7.0,7.0,7.0,0.09153671215074724,0.0,0.00024366471734892786,0.005847953216374269,0.0028427550357374917,8.122157244964262e-05,0.03443794671864847,0.8649285250162443,8.122157244964262e-05,18,4329372.906689476,29.880619761239522,32.700025400050805,37.41935483870968,12.451104902209805,15.788671577343155,13.64490728981458,16.662433324866647,12.288544577089153,15.417830835661672,13.746507493014986,24.094488188976378,15.722631445262891,0.0,0.0,0.0,23.093726187452372,5.521971043942088,3.586487172974346,4.531369062738126,0.0,11.927863855727711,11.521463042926086,0.6858665856086507,937.7762725486177,0.10055230669265756
1491,11,9586,17.66132447665056,16.0,16.0,14.0,14.0,15.0,24.0,23.0,17.428571428571427,7.0,7.0,7.0,7.0,7.0,7.0,4.0,3.0,2.0,2.0,2.0,2.0,1.0,3.0,2.0,4.0,7.0,6.0,7.0,7.0,7.0,7.0,7.0,7.0,0.10077195910703109,0.0,0.0,0.0077195910703108704,0.006259127894846651,0.00010431879824744419,0.025245149175881495,0.859795535155435,0.00010431879824744419,18,122033.49330812445,29.374883024518063,30.123526108927567,40.50159086655437,14.926071495414561,15.478195770166572,13.924761370016844,15.581134194272881,11.023769417930001,14.991577765300393,14.074489986898747,0.0,43.4961632041924,0.0,0.0,0.0,24.312184166198765,0.0,0.0,0.0,0.0,3.743215422047539,28.448437207561295,0.6111800894888032,95.82502921246119,0.11485499687043606
1503,17,705,2.734866255144033,9.0,12.0,11.0,10.0,14.0,15.0,18.0,12.714285714285714,0.0,2.0,2.0,2.0,2.0,1.0,3.0,5.0,4.0,5.0,5.0,5.0,6.0,5.0,6.0,3.0,5.0,5.0,4.0,4.0,5.0,4.0,4.0,2.0,0.05531914893617021,0.0028368794326241137,0.0014184397163120568,0.02269503546099291,0.031205673758865248,0.02127659574468085,0.21418439716312057,0.64822695035461,0.0028368794326241137,18,461202.0279599304,37.48300860897145,36.40688717716357,26.110104213864975,14.193475305845038,14.454009968282735,14.102854553692795,14.374716810149524,15.043044857272314,14.182147711826007,13.649750792931581,0.0,8.82419574082465,0.0,0.0,0.0,45.53692795650204,43.180788400543726,0.0,2.458087902129588,0.0,0.0,0.0,7.367664124283434,1034.425377390442,0.1347517730496454
1510,4,210,0.0,6.0,4.0,7.0,6.0,8.0,12.0,9.0,7.428571428571429,0.0,0.0,0.0,0.0,1.0,0.0,0.0,0.0,2.0,4.0,2.0,4.0,4.0,5.0,5.0,4.0,5.0,5.0,2.0,3.0,3.0,1.0,1.0,1.0,0.023809523809523808,0.0,0.0,0.02857142857142857,0.009523809523809525,0.0,0.2761904761904762,0.6571428571428571,0.004761904761904762,18,215.760693016361,27.321508421523326,28.200924131763305,44.477567446713365,12.98256073930541,15.069309882247728,16.73870919660158,17.498882098673423,10.22507080041735,14.353853033238934,13.131614249515577,0.0,0.0,39.43955880160978,0.0,38.813534058727086,0.0,0.0,0.0,0.0,21.746907139663136,0.0,0.0,0.8421667342923528,63.029565417265424,0.06190476190476191
1510,4,210,0.0,6.0,4.0,7.0,6.0,8.0,12.0,9.0,7.428571428571429,0.0,0.0,0.0,0.0,1.0,0.0,0.0,0.0,2.0,4.0,2.0,4.0,4.0,5.0,5.0,4.0,5.0,5.0,2.0,3.0,3.0,1.0,1.0,1.0,0.023809523809523808,0.0,0.0,0.02857142857142857,0.009523809523809525,0.0,0.2761904761904762,0.6571428571428571,0.004761904761904762,18,215.760693016361,27.321508421523326,28.200924131763305,44.477567446713365,12.98256073930541,15.069309882247728,16.73870919660158,17.498882098673423,10.22507080041735,14.353853033238934,13.131614249515577,0.0,0.0,39.43955880160978,0.0,38.813534058727086,0.0,0.0,0.0,0.0,21.746907139663136,0.0,0.0,0.8421667342923528,63.029565417265424,0.06190476190476191
1517,9,257,0.0,0.0,6.0,3.0,5.0,6.0,13.0,1.0,4.857142857142857,0.0,0.0,0.0,0.0,0.0,0.0,2.0,0.0,2.0,1.0,1.0,2.0,2.0,1.0,3.0,3.0,3.0,3.0,2.0,2.0,2.0,2.0,2.0,1.0,0.042801556420233464,0.0,0.0,0.027237354085603113,0.023346303501945526,0.0,0.08171206225680934,0.8210116731517509,0.0038910505836575876,18,97917.05479728118,49.746192893401016,23.604060913705585,26.649746192893403,17.766497461928935,0.0,36.54822335025381,6.852791878172589,13.959390862944163,17.00507614213198,7.868020304568528,0.0,0.0,17.766497461928935,0.0,10.406091370558377,0.0,0.0,0.0,0.0,0.0,2.030456852791878,69.79695431472082,1.5658768220941002,68.12141849858229,0.0933852140077821
1533,9,1177,3.539755555555556,12.0,7.0,8.0,8.0,15.0,23.0,19.0,13.142857142857142,3.0,2.0,2.0,2.0,2.0,5.0,6.0,4.0,3.0,2.0,4.0,4.0,3.0,4.0,3.0,3.0,4.0,6.0,6.0,6.0,7.0,5.0,4.0,2.0,0.039484978540772535,0.0017167381974248926,0.0008583690987124463,0.01888412017167382,0.030042918454935622,0.0034334763948497852,0.09184549356223176,0.8128755364806867,0.0008583690987124463,18,39725971.49184606,27.54140708099073,31.051511928278373,41.40708099073089,13.911259686977662,15.468773742592312,16.061388846679836,16.4488679531986,11.875094970369245,14.473484272906854,11.76113052727549,0.0,18.3558729676341,2.089348123385504,0.0,0.0,62.194195411031764,7.210150433064884,0.0,0.0,1.7246619054854886,6.974623917337791,1.4511472420604772,2.7545156805671875,302.74787493635915,0.0944206008583691
1570,5,5996,11.4035101010101,23.0,24.0,24.0,24.0,24.0,21.0,21.0,23.0,6.0,6.0,5.0,5.0,7.0,7.0,7.0,7.0,7.0,7.0,6.0,7.0,7.0,7.0,7.0,7.0,7.0,7.0,7.0,7.0,7.0,7.0,7.0,7.0,0.00909090909090909,0.0,0.0,0.0016363636363636363,0.0012727272727272728,0.0,0.04381818181818182,0.944,0.0001818181818181818,18,671.0542046663023,42.814791699173036,33.56217818692463,23.623030113902324,12.014354813543454,14.776096114838507,10.781713215790296,8.28522390388516,15.493836792011233,12.248400686534561,26.400374473396788,13.995943204868155,0.0,11.124980496177251,0.0,6.116398814167577,0.0,0.0,0.0,0.015603058199407084,36.54236230301139,32.20471212357622,0.0,0.21543306296038361,43.9102425624171,0.012
1570,5,5996,11.4035101010101,23.0,24.0,24.0,24.0,24.0,21.0,21.0,23.0,6.0,6.0,5.0,5.0,7.0,7.0,7.0,7.0,7.0,7.0,6.0,7.0,7.0,7.0,7.0,7.0,7.0,7.0,7.0,7.0,7.0,7.0,7.0,7.0,0.00909090909090909,0.0,0.0,0.0016363636363636363,0.0012727272727272728,0.0,0.04381818181818182,0.944,0.0001818181818181818,18,671.0542046663023,42.814791699173036,33.56217818692463,23.623030113902324,12.014354813543454,14.776096114838507,10.781713215790296,8.28522390388516,15.493836792011233,12.248400686534561,26.400374473396788,13.995943204868155,0.0,11.124980496177251,0.0,6.116398814167577,0.0,0.0,0.0,0.015603058199407084,36.54236230301139,32.20471212357622,0.0,0.21543306296038361,43.9102425624171,0.012
1603,5,285,1.346485913580247,7.0,8.0,9.0,14.0,13.0,7.0,9.0,9.571428571428571,1.0,2.0,1.0,0.0,0.0,0.0,0.0,1.0,2.0,3.0,5.0,3.0,6.0,5.0,5.0,2.0,3.0,5.0,2.0,4.0,6.0,5.0,4.0,2.0,0.010526315789473684,0.0,0.010526315789473684,0.0,0.014035087719298246,0.007017543859649123,0.21754385964912282,0.7333333333333333,0.007017543859649123,18,2486284.3724701866,32.64705882352941,33.01470588235294,34.338235294117645,16.191176470588236,14.779411764705882,12.573529411764707,15.220588235294116,14.058823529411764,13.602941176470587,13.573529411764707,6.764705882352941,0.0,10.647058823529413,12.264705882352942,23.397058823529413,0.0,0.0,16.897058823529413,0.0,30.029411764705884,0.0,0.0,12.957616170035516,1393.561341490108,0.042105263157894736
1603,5,285,1.346485913580247,7.0,8.0,9.0,14.0,13.0,7.0,9.0,9.571428571428571,1.0,2.0,1.0,0.0,0.0,0.0,0.0,1.0,2.0,3.0,5.0,3.0,6.0,5.0,5.0,2.0,3.0,5.0,2.0,4.0,6.0,5.0,4.0,2.0,0.010526315789473684,0.0,0.010526315789473684,0.0,0.014035087719298246,0.007017543859649123,0.21754385964912282,0.7333333333333333,0.007017543859649123,18,2486284.3724701866,32.64705882352941,33.01470588235294,34.338235294117645,16.191176470588236,14.779411764705882,12.573529411764707,15.220588235294116,14.058823529411764,13.602941176470587,13.573529411764707,6.764705882352941,0.0,10.647058823529413,12.264705882352942,23.397058823529413,0.0,0.0,16.897058823529413,0.0,30.029411764705884,0.0,0.0,12.957616170035516,1393.561341490108,0.042105263157894736
1622,14,582,3.456651335978836,11.0,14.0,12.0,11.0,9.0,14.0,9.0,11.428571428571429,3.0,0.0,1.0,0.0,1.0,1.0,1.0,3.0,5.0,6.0,5.0,6.0,5.0,6.0,5.0,3.0,4.0,5.0,5.0,4.0,5.0,3.0,2.0,1.0,0.06724137931034482,0.0017241379310344827,0.0,0.03103448275862069,0.032758620689655175,0.017241379310344827,0.3275862068965517,0.5206896551724138,0.0017241379310344827,18,28104.304998299365,36.345852895148674,33.822378716744915,29.83176838810642,13.321596244131456,14.886541471048515,13.624804381846637,13.302034428794993,13.634585289514867,15.277777777777779,15.95266040688576,0.0,0.0,11.199139280125197,20.187793427230048,38.546557120500786,0.0,0.0,30.066510172143975,0.0,0.0,0.0,0.0,4.488047418076237,283.88217648828277,0.15
1636,9,5987,6.905648428689885,18.0,13.0,19.0,13.0,21.0,17.0,22.0,17.571428571428573,7.0,7.0,7.0,7.0,7.0,7.0,6.0,6.0,5.0,5.0,4.0,4.0,4.0,3.0,3.0,3.0,5.0,5.0,4.0,4.0,5.0,6.0,5.0,4.0,0.026022304832713755,0.0003379520108144643,0.0006759040216289286,0.006083136194660358,0.0021966880702940185,0.0013518080432578573,0.09513349104427171,0.86752281176073,0.0006759040216289286,18,51271736.71881373,30.279201884439516,28.813911597616737,40.90688651794374,15.484273243730081,14.632118608840239,13.146044062629903,14.594014133296385,13.849244838575586,14.389635582652073,13.904669530275736,7.8668421781903834,0.0,14.323818761258138,18.05112927809339,19.537203824303727,0.0,0.0,21.674518497990857,3.4155466260218925,15.13094083414161,0.0,0.0,7.523004676947126,24641.982210252805,0.03666779317336938
1637,10,4579,7.825226809378185,23.0,23.0,24.0,24.0,24.0,24.0,18.0,22.857142857142858,7.0,7.0,7.0,7.0,7.0,7.0,7.0,5.0,7.0,7.0,7.0,7.0,7.0,7.0,6.0,6.0,7.0,6.0,6.0,7.0,7.0,7.0,6.0,6.0,0.03607402201920824,0.0,0.0,0.0014054813773717498,0.0030452096509721244,0.00046849379245724994,0.06348090887795736,0.8952916373858046,0.00023424689622862497,18,40289.847903634574,36.887813211845106,17.68223234624146,45.42995444191344,16.486332574031888,17.69646924829157,11.660022779043281,14.749430523917994,14.279612756264237,13.468109339407745,11.660022779043281,0.683371298405467,35.905466970387245,0.0,0.0,0.0,11.603075170842825,4.840546697038724,0.0,0.05694760820045558,0.0,14.578587699316628,32.33200455580866,0.5155266399100302,102.831945168365,0.04099320684000937
1725,3,164,0.0,3.0,4.0,4.0,6.0,5.0,3.0,8.0,4.714285714285714,0.0,0.0,0.0,0.0,0.0,0.0,1.0,0.0,0.0,2.0,3.0,4.0,5.0,2.0,2.0,3.0,3.0,3.0,2.0,2.0,0.0,1.0,0.0,0.0,0.0,0.0,0.0,0.012195121951219513,0.012195121951219513,0.0,0.13414634146341464,0.8353658536585366,0.006097560975609756,18,1731.0588578306279,38.506538196834136,35.54714384033035,25.946317962835515,14.108740536820372,9.084652443220923,9.56641431520991,15.313145216792842,18.754301445285616,14.487267721954577,18.68547832071576,0.0,1.6861665519614588,5.47143840330351,0.0,0.0,5.47143840330351,19.993117687543013,0.0,47.625602202339984,0.1720578114246387,17.30901582931865,2.271163110805231,0.6176360102040822,43.10376714284509,0.024390243902439025
1725,3,164,0.0,3.0,4.0,4.0,6.0,5.0,3.0,8.0,4.714285714285714,0.0,0.0,0.0,0.0,0.0,0.0,1.0,0.0,0.0,2.0,3.0,4.0,5.0,2.0,2.0,3.0,3.0,3.0,2.0,2.0,0.0,1.0,0.0,0.0,0.0,0.0,0.0,0.012195121951219513,0.012195121951219513,0.0,0.13414634146341464,0.8353658536585366,0.006097560975609756,18,1731.0588578306279,38.506538196834136,35.54714384033035,25.946317962835515,14.108740536820372,9.084652443220923,9.56641431520991,15.313145216792842,18.754301445285616,14.487267721954577,18.68547832071576,0.0,1.6861665519614588,5.47143840330351,0.0,0.0,5.47143840330351,19.993117687543013,0.0,47.625602202339984,0.1720578114246387,17.30901582931865,2.271163110805231,0.6176360102040822,43.10376714284509,0.024390243902439025
1752,25,4447,12.90899585921325,19.0,16.0,22.0,23.0,15.0,12.0,14.0,17.285714285714285,7.0,7.0,7.0,7.0,7.0,7.0,6.0,6.0,6.0,4.0,3.0,3.0,2.0,5.0,4.0,4.0,3.0,2.0,3.0,3.0,6.0,6.0,6.0,7.0,0.05217000224870699,0.001124353496739375,0.0013492241960872497,0.0170901731504385,0.023836294130874746,0.006521250281088374,0.18281987856982235,0.7148639532268946,0.00022487069934787497,18,96292.54094235733,28.857760562111523,28.66408431672822,42.478155121160256,14.886046302134941,16.221511575533736,14.554995045491397,16.048103774434736,12.748851454823889,13.552833078101074,11.987658769480227,14.71939464913071,13.913160976488603,0.0,2.6236375101342224,0.0,17.453382578146112,16.13818574903162,16.563823079001892,18.58841545806684,0.0,0.0,0.0,3.1138081860287286,615.8461523520663,0.10209129750393524
1755,14,16788,19.912050147492625,21.0,19.0,17.0,24.0,22.0,24.0,24.0,21.571428571428573,7.0,7.0,7.0,7.0,7.0,7.0,7.0,7.0,7.0,7.0,7.0,7.0,7.0,5.0,4.0,3.0,4.0,6.0,7.0,6.0,7.0,6.0,6.0,6.0,0.027239455210895783,0.0,0.0,0.004799904001919961,0.009119817603647927,0.00023999520009599807,0.03629927401451971,0.9222415551688966,5.999880002399952e-05,18,2361.3834234734813,29.546290414256575,29.25540807114915,41.19830151459427,15.226186097830086,14.3635694941322,14.10612190310609,13.38393125814972,14.878464676184427,14.152930556019927,13.88879601457755,0.0,0.0,26.316493363201708,0.0,0.0,0.0,0.0,0.0,0.0,25.674546123240493,27.807683306028284,20.201277207529504,0.6074489514260846,104.84963559165378,0.04139917201655967
1777,14,6454,10.723797101449277,20.0,23.0,21.0,21.0,15.0,22.0,24.0,20.857142857142858,7.0,7.0,7.0,7.0,7.0,7.0,7.0,7.0,6.0,5.0,5.0,6.0,5.0,4.0,4.0,5.0,4.0,5.0,7.0,7.0,7.0,7.0,7.0,6.0,0.05790541595130326,0.00015607928827844546,0.00015607928827844546,0.010925550179491181,0.010145153738098954,0.002809427189012018,0.0824098642110192,0.83533635086624,0.00015607928827844546,18,7998.056113051769,30.790927253496296,27.535550593489244,41.67352215301445,17.111293924080385,15.066400282054296,14.643318838876485,15.2779410036432,14.58455752732401,12.563168409918909,10.753320014102714,5.882007286402632,0.0,17.9692090727465,18.016218121988484,26.113526853919378,0.0,0.0,13.356446115877308,0.0,17.36984369491127,1.2927488541544248,0.0,1.2129395372896583,713.4572270553623,0.08209770563446231
1783,12,70783,22.08416654738356,24.0,24.0,24.0,23.0,24.0,24.0,24.0,23.857142857142858,7.0,7.0,7.0,7.0,7.0,7.0,7.0,7.0,7.0,7.0,7.0,6.0,7.0,7.0,7.0,7.0,7.0,7.0,7.0,7.0,7.0,7.0,7.0,7.0,0.0037862198550499414,0.0,0.0,0.004732774818812427,0.0022463020781826144,0.0,0.0184225025783027,0.970798072983626,1.4127686026305752e-05,18,13430074.722744111,29.33566180649561,29.78103396608558,40.883304227418805,14.492678743037832,14.131007615760593,14.355243714672481,13.704235685573455,14.597046696909263,14.251909106878985,14.467878437167393,8.293635621505999,8.607772829198227,8.814442044785219,7.794529465863412,8.678040362497805,8.686307131121284,7.878230498176145,7.1941553945832,8.462071032209398,8.450704225352112,8.839242350655658,8.300869044051543,0.21408454771769211,214.08178394074827,0.010765296752044982
1783,12,70783,22.08416654738356,24.0,24.0,24.0,23.0,24.0,24.0,24.0,23.857142857142858,7.0,7.0,7.0,7.0,7.0,7.0,7.0,7.0,7.0,7.0,7.0,6.0,7.0,7.0,7.0,7.0,7.0,7.0,7.0,7.0,7.0,7.0,7.0,7.0,0.0037862198550499414,0.0,0.0,0.004732774818812427,0.0022463020781826144,0.0,0.0184225025783027,0.970798072983626,1.4127686026305752e-05,18,13430074.722744111,29.33566180649561,29.78103396608558,40.883304227418805,14.492678743037832,14.131007615760593,14.355243714672481,13.704235685573455,14.597046696909263,14.251909106878985,14.467878437167393,8.293635621505999,8.607772829198227,8.814442044785219,7.794529465863412,8.678040362497805,8.686307131121284,7.878230498176145,7.1941553945832,8.462071032209398,8.450704225352112,8.839242350655658,8.300869044051543,0.21408454771769211,214.08178394074827,0.010765296752044982
1798,14,13498,16.623878340365685,12.0,14.0,10.0,6.0,13.0,12.0,11.0,11.142857142857142,7.0,7.0,7.0,7.0,7.0,5.0,4.0,2.0,2.0,0.0,1.0,2.0,2.0,0.0,0.0,0.0,0.0,0.0,1.0,2.0,4.0,5.0,6.0,7.0,0.029930360053341237,0.0,0.0,0.007038079715513409,0.0035560823825751963,0.0001481700992739665,0.025559342124759223,0.9336938805749,7.408504963698325e-05,18,118463.36463953114,34.30220849835538,32.556890649123986,33.140900852520645,14.895616567094047,14.204202188360075,14.069946969188427,15.808552057461235,12.586426797341746,15.942807276632879,12.492448143921594,0.0,8.337249110559174,0.0,0.0,0.0,39.79995972343425,36.0341008256696,0.0,15.828690340336982,0.0,0.0,0.0,0.40444342036995695,92.72018738659717,0.04067269225070381
1807,17,1287,6.613827022946859,10.0,11.0,12.0,11.0,13.0,14.0,7.0,11.142857142857142,5.0,2.0,0.0,2.0,1.0,0.0,1.0,0.0,6.0,7.0,2.0,2.0,6.0,4.0,6.0,6.0,6.0,4.0,3.0,0.0,2.0,3.0,4.0,6.0,0.09421487603305785,0.0008264462809917355,0.0,0.07272727272727272,0.04132231404958678,0.010743801652892562,0.1834710743801653,0.5958677685950413,0.0008264462809917355,18,4150.73421906549,39.3389662027833,38.09642147117297,22.564612326043736,11.69234592445328,16.94831013916501,14.326540755467196,16.128230616302186,14.41351888667992,13.916500994035786,12.57455268389662,0.0,0.0,66.8986083499006,1.6277335984095427,12.64910536779324,0.0,0.0,1.2798210735586482,0.0,17.544731610337973,0.0,0.0,4.0019564152919145,213.24409764307939,0.21983471074380165
1809,11,1334,1.6695604890453832,14.0,16.0,9.0,13.0,14.0,18.0,20.0,14.857142857142858,3.0,2.0,3.0,3.0,4.0,5.0,4.0,4.0,4.0,3.0,6.0,7.0,5.0,4.0,5.0,4.0,5.0,6.0,7.0,5.0,3.0,3.0,5.0,4.0,0.049475262368815595,0.0007496251874062968,0.0007496251874062968,0.02623688155922039,0.021739130434782608,0.0037481259370314842,0.11694152923538231,0.7796101949025487,0.0007496251874062968,18,4319.7063188848,31.531681357059703,32.42973557292533,36.038583070014965,14.291257830256665,13.066134486390599,14.695936581850436,12.267864072287821,14.828981650867565,15.810189034868896,15.03963634347802,36.87565829591441,0.0,0.0,19.197294750263318,0.0,0.0,0.0,32.51288874106103,11.41415821276124,0.0,0.0,0.0,2.189008845228987,334.32473012006426,0.10269865067466268
1816,13,957,6.9146858465608485,18.0,11.0,17.0,14.0,19.0,17.0,15.0,15.857142857142858,4.0,2.0,2.0,3.0,7.0,7.0,5.0,7.0,5.0,5.0,4.0,5.0,4.0,6.0,6.0,3.0,4.0,5.0,6.0,4.0,5.0,5.0,5.0,2.0,0.04493207941483804,0.003134796238244514,0.0010449320794148381,0.047021943573667714,0.03343782654127482,0.024033437826541274,0.3552769070010449,0.49007314524555906,0.0010449320794148381,18,10636.227959945232,36.1149637848667,35.4060718138388,28.478964401294498,14.43211588842657,13.877330867622128,14.601633533672368,15.472337802434891,14.948374171675145,13.723223917398675,12.944983818770226,15.225766682077364,0.0,0.0,0.0,0.0,15.187239944521497,35.81445523193096,0.0,33.77253814147018,0.0,0.0,0.0,6.180530977309916,310.3758083152238,0.1536050156739812
1833,5,338,1.9955917874396134,13.0,5.0,12.0,10.0,4.0,5.0,15.0,9.142857142857142,3.0,2.0,2.0,2.0,3.0,2.0,2.0,1.0,1.0,1.0,3.0,2.0,3.0,3.0,4.0,3.0,2.0,4.0,4.0,5.0,2.0,3.0,5.0,2.0,0.018575851393188854,0.0,0.0,0.01238390092879257,0.021671826625386997,0.0,0.13003095975232198,0.8142414860681114,0.0030959752321981426,18,159.6280331020645,35.00309214594929,25.458668315811174,39.53823953823954,13.358070500927644,16.821273964131105,11.544011544011545,13.234384662956092,13.172541743970315,17.707689136260566,14.162028447742733,0.0,0.0,0.0,0.0,0.0,0.0,0.0,0.0,0.0,62.234590806019376,37.765409193980624,0.0,0.9475026125157422,64.84822891666818,0.05263157894736842
1843,32,33780,9.867452550415184,2.0,2.0,6.0,4.0,4.0,1.0,5.0,3.4285714285714284,7.0,5.0,4.0,3.0,2.0,2.0,0.0,1.0,0.0,0.0,0.0,0.0,0.0,0.0,0.0,0.0,0.0,0.0,0.0,0.0,0.0,0.0,0.0,0.0,0.09715157680569685,0.0011369756447848723,0.00032912452875351566,0.08925258811561247,0.0655855424570642,0.006762013045299504,0.018670336903835797,0.7209323200287236,0.00017952247022919035,18,1905279.790433872,29.897977044835088,29.560401090245303,40.541621864919605,14.18194093671076,14.719561901427822,13.996899302343028,14.543272236253157,13.945637768497912,14.534520267060088,14.078167587707235,0.295066389937736,11.091245530244304,11.326298417143857,8.350628891500588,11.273786601985448,9.602160486109375,10.186041859418369,4.159685929334101,0.0,11.25628266359931,11.52259258333125,10.936210647395663,7.12719696585353,80196.73058504086,0.26021782059721144
1844,14,1016,2.259061653116531,17.0,19.0,21.0,13.0,18.0,19.0,15.0,17.428571428571427,4.0,4.0,4.0,4.0,4.0,3.0,4.0,6.0,7.0,5.0,7.0,7.0,6.0,7.0,5.0,6.0,5.0,5.0,6.0,2.0,6.0,4.0,7.0,4.0,0.06976744186046512,0.0,0.0,0.020222446916076844,0.025278058645096056,0.003033367037411527,0.20424671385237614,0.6764408493427705,0.0010111223458038423,18,80688.75567187696,35.05980861244019,31.525119617224878,33.41507177033493,14.055023923444976,14.85645933014354,15.06578947368421,13.3433014354067,15.466507177033492,14.16866028708134,13.044258373205741,22.966507177033492,0.0,0.0,23.76196172248804,29.63516746411483,0.0,0.0,20.029904306220097,3.60645933014354,0.0,0.0,0.0,1.7417570888741791,136.16147984422452,0.11830131445904954
1853,14,12074,16.034561657032757,9.0,10.0,9.0,10.0,7.0,5.0,6.0,8.0,7.0,6.0,6.0,6.0,7.0,6.0,0.0,1.0,1.0,0.0,0.0,0.0,0.0,0.0,0.0,0.0,0.0,0.0,0.0,1.0,3.0,4.0,4.0,4.0,0.18900115951631605,0.0,0.0,0.05979791287063111,0.006460162332284247,0.0004969355640218651,0.09648832201424548,0.6476726851084976,8.282259400364419e-05,18,33009.035723614725,33.50787326882945,31.40201100360463,35.09011572756593,15.154619616771011,14.596850692468221,14.300891671409598,14.771390627964335,14.331246442800227,12.760387023335232,14.084613925251373,16.31948396888636,18.653007019540883,0.0,0.0,0.0,20.55397457787896,19.11591728324796,8.74976285334851,15.867956744450767,0.0,0.0,0.7398975526465565,1.46055862546772,122.98713756050789,0.25575617028325326
1906,17,12299,19.795586854460094,24.0,23.0,24.0,24.0,24.0,23.0,24.0,23.714285714285715,7.0,7.0,7.0,7.0,7.0,7.0,7.0,7.0,7.0,7.0,7.0,7.0,7.0,7.0,7.0,7.0,6.0,6.0,7.0,7.0,7.0,7.0,7.0,7.0,0.05673819014502587,0.0,0.0,0.011194979221440082,0.003646849291832754,0.0,0.02968365702654567,0.8986515138665083,8.481044864727334e-05,18,2158.0067014610945,31.26057529610829,28.021513173797434,40.71791153009427,14.720812182741117,13.58472322939328,15.325114817500603,14.781242446217066,15.077350737249215,12.545322697606961,13.965433889291756,26.160261058738215,0.0,0.0,28.11215856901136,0.006043026347594876,0.0,0.0,0.04230118443316413,45.67923616146967,0.0,0.0,0.0,0.48567589589793553,71.69213980163477,0.0715800186582987
2013,7,1661,5.422637791164659,20.0,17.0,14.0,17.0,21.0,15.0,19.0,17.571428571428573,4.0,5.0,4.0,3.0,2.0,5.0,7.0,6.0,7.0,7.0,7.0,7.0,5.0,3.0,5.0,4.0,5.0,4.0,4.0,6.0,7.0,7.0,3.0,6.0,0.03431667670078266,0.0006020469596628537,0.0,0.016857314870559904,0.021673690547862733,0.002408187838651415,0.16074653822998194,0.7621914509331728,0.0012040939193257074,18,200190.57661304376,32.00037993920973,33.691109422492396,34.308510638297875,14.969604863221885,14.789133738601823,14.342705167173253,13.022416413373861,14.048252279635259,15.302051671732523,13.5258358662614,2.621580547112462,0.0,10.647796352583587,32.65577507598784,38.68731003039514,0.0,0.0,15.121580547112462,0.26595744680851063,0.0,0.0,0.0,2.7677987317563177,2091.6589281790357,0.07585791691751957
2041,7,1583,8.082662037037037,18.0,22.0,22.0,19.0,23.0,23.0,22.0,21.285714285714285,4.0,5.0,6.0,5.0,6.0,7.0,7.0,7.0,7.0,7.0,4.0,7.0,7.0,6.0,7.0,7.0,5.0,6.0,5.0,6.0,7.0,7.0,7.0,7.0,0.029411764705882353,0.0,0.0,0.00130718954248366,0.00130718954248366,0.0,0.35490196078431374,0.6124183006535948,0.00065359477124183,18,578.9566490712921,31.964459854805504,36.86928883591577,31.166251309278724,14.681980712969986,15.187633185249394,14.035467909127028,14.07880954960812,14.021020695633329,13.753747245999929,14.241340701412215,8.476902517426952,4.424459132444829,0.0,19.73850543576408,11.16408422725467,8.487737927547224,7.815942500090295,26.954888575865933,8.054321522736302,0.0,0.0,4.883158160869723,0.15984877073317225,25.889169742135795,0.03202614379084967
2041,7,1583,8.082662037037037,18.0,22.0,22.0,19.0,23.0,23.0,22.0,21.285714285714285,4.0,5.0,6.0,5.0,6.0,7.0,7.0,7.0,7.0,7.0,4.0,7.0,7.0,6.0,7.0,7.0,5.0,6.0,5.0,6.0,7.0,7.0,7.0,7.0,0.029411764705882353,0.0,0.0,0.00130718954248366,0.00130718954248366,0.0,0.35490196078431374,0.6124183006535948,0.00065359477124183,18,578.9566490712921,31.964459854805504,36.86928883591577,31.166251309278724,14.681980712969986,15.187633185249394,14.035467909127028,14.07880954960812,14.021020695633329,13.753747245999929,14.241340701412215,8.476902517426952,4.424459132444829,0.0,19.73850543576408,11.16408422725467,8.487737927547224,7.815942500090295,26.954888575865933,8.054321522736302,0.0,0.0,4.883158160869723,0.15984877073317225,25.889169742135795,0.03202614379084967
2042,11,3668,11.161170033670034,23.0,15.0,22.0,24.0,23.0,19.0,16.0,20.285714285714285,7.0,7.0,7.0,7.0,7.0,7.0,7.0,6.0,7.0,7.0,6.0,5.0,6.0,6.0,6.0,6.0,7.0,2.0,3.0,4.0,5.0,5.0,7.0,5.0,0.03232152894884767,0.0,0.0,0.0070264193367060145,0.008712759977515458,0.0008431703204047217,0.041596402473299605,0.9092186621697583,0.0002810567734682406,18,184119.36357996828,30.906148867313917,27.382236605537575,41.711614527148505,17.15210355987055,10.086299892125135,12.998921251348436,15.74973031283711,13.556274721323264,12.153901474289825,18.302768788205682,0.0,0.0,69.57928802588997,0.0,0.0,0.0,0.0,0.0,0.0,30.42071197411003,0.0,0.0,0.6783069085288058,129.03022526870018,0.048903878583473864
2046,1,3,0.0,1.0,0.0,0.0,0.0,0.0,0.0,0.0,0.14285714285714285,0.0,0.0,0.0,0.0,0.0,0.0,0.0,0.0,1.0,0.0,0.0,0.0,0.0,0.0,0.0,0.0,0.0,0.0,0.0,0.0,0.0,0.0,0.0,0.0,0.0,0.0,0.0,0.0,0.0,0.0,0.0,0.6666666666666666,0.3333333333333333,18,1270.8924760626314,29.553264604810998,34.707903780068726,35.738831615120276,0.0,37.11340206185567,0.0,0.0,0.0,62.19931271477663,0.6872852233676976,0.0,100.0,0.0,0.0,0.0,0.0,0.0,0.0,0.0,0.0,0.0,0.0,0.0,0.0,0.0
2077,14,2067,4.094217002743484,13.0,12.0,13.0,12.0,12.0,20.0,15.0,13.857142857142858,6.0,5.0,3.0,3.0,3.0,5.0,7.0,4.0,6.0,6.0,4.0,4.0,4.0,3.0,3.0,5.0,3.0,2.0,2.0,1.0,3.0,5.0,4.0,6.0,0.04160619254958878,0.0019351717464925011,0.0,0.049830672472181904,0.03483309143686502,0.009192065795839382,0.13255926463473633,0.7295597484276729,0.0004837929366231253,18,88679.18282883962,32.34905011377467,25.95650103190983,41.6944488543155,14.658411388051013,15.89141133513256,14.31973329099857,14.706037995449012,13.737630311689685,13.113192570249247,13.57358310842991,13.822299835952798,0.0,0.0,21.84473725988252,8.752712070699053,10.229136900037043,4.254643594221305,30.76149653384135,10.33497380536593,0.0,0.0,0.0,3.556197682850496,213.22011258684333,0.1373971940009676
2130,6,416,0.0,9.0,10.0,17.0,12.0,5.0,5.0,10.0,9.714285714285714,1.0,0.0,1.0,0.0,0.0,0.0,4.0,3.0,5.0,7.0,5.0,6.0,3.0,5.0,5.0,5.0,3.0,4.0,2.0,3.0,1.0,3.0,1.0,1.0,0.04807692307692308,0.0,0.0,0.036057692307692304,0.002403846153846154,0.0,0.21875,0.6923076923076923,0.002403846153846154,18,404027.34558842424,41.35338345864661,40.762620837808804,17.883995703544574,7.196562835660581,11.654135338345863,5.155746509129968,12.567132116004295,16.86358754027927,14.070891514500536,32.49194414607948,3.920515574650913,22.12674543501611,1.1815252416756177,4.457572502685284,1.1278195488721803,7.572502685284641,8.861439312567132,10.365198711063373,9.398496240601503,3.007518796992481,27.980665950590762,0.0,0.6180626843405677,21.85248796694646,0.08653846153846154
2130,6,416,0.0,9.0,10.0,17.0,12.0,5.0,5.0,10.0,9.714285714285714,1.0,0.0,1.0,0.0,0.0,0.0,4.0,3.0,5.0,7.0,5.0,6.0,3.0,5.0,5.0,5.0,3.0,4.0,2.0,3.0,1.0,3.0,1.0,1.0,0.04807692307692308,0.0,0.0,0.036057692307692304,0.002403846153846154,0.0,0.21875,0.6923076923076923,0.002403846153846154,18,404027.34558842424,41.35338345864661,40.762620837808804,17.883995703544574,7.196562835660581,11.654135338345863,5.155746509129968,12.567132116004295,16.86358754027927,14.070891514500536,32.49194414607948,3.920515574650913,22.12674543501611,1.1815252416756177,4.457572502685284,1.1278195488721803,7.572502685284641,8.861439312567132,10.365198711063373,9.398496240601503,3.007518796992481,27.980665950590762,0.0,0.6180626843405677,21.85248796694646,0.08653846153846154
2143,9,993,2.9997697037037043,11.0,13.0,14.0,6.0,6.0,14.0,9.0,10.428571428571429,2.0,1.0,1.0,1.0,2.0,1.0,6.0,3.0,4.0,4.0,4.0,4.0,2.0,1.0,2.0,4.0,4.0,7.0,4.0,4.0,4.0,3.0,2.0,3.0,0.07049345417925479,0.002014098690835851,0.0,0.035246727089627394,0.05740181268882175,0.00906344410876133,0.20040281973816718,0.6243705941591138,0.0010070493454179255,18,242296.95034641787,28.096532970768184,26.458191706322232,45.44527532290958,14.41196464989803,14.146838885112167,15.078178110129164,13.031951053704963,15.159755268524814,13.949694085656017,14.221617946974845,0.0,0.0,10.999320190346703,39.61250849762067,35.16655336505779,0.0,0.0,14.221617946974845,0.0,0.0,0.0,0.0,4.50483762399215,207.55320136425982,0.17421953675730112
2146,16,6858,10.532155172413793,15.0,13.0,16.0,17.0,13.0,10.0,14.0,14.0,7.0,7.0,7.0,7.0,6.0,7.0,6.0,6.0,7.0,6.0,4.0,3.0,3.0,4.0,4.0,5.0,1.0,1.0,2.0,2.0,0.0,0.0,2.0,1.0,0.07796057507040166,0.0014821402104639098,0.001037498147324737,0.026233881725211204,0.03646064917741218,0.004001778568252557,0.16407292129835482,0.6883059137394397,0.00044464206313917296,18,3050564.138384943,29.677419354838708,28.887300939158838,41.43527970600245,14.128215598203347,13.654552878726012,14.501837484687627,13.591261739485505,14.412004899959166,15.514495712535728,14.197631686402612,0.0,15.902409146590447,17.63168640261331,0.0,1.5577786851776234,12.846059616169866,0.0,0.0,0.0,17.421396488362596,17.49081257656186,17.149857084524296,5.9151845836235335,11920.951887015946,0.14717652289906624
2178,8,2066,4.417366161616163,13.0,21.0,17.0,23.0,23.0,20.0,19.0,19.428571428571427,7.0,4.0,4.0,4.0,3.0,3.0,5.0,5.0,7.0,7.0,6.0,5.0,6.0,6.0,7.0,6.0,6.0,6.0,6.0,7.0,7.0,6.0,7.0,6.0,0.047918683446272994,0.000484027105517909,0.000484027105517909,0.002904162633107454,0.005808325266214908,0.001936108422071636,0.11761858664085188,0.8213939980638916,0.001452081316553727,18,222501.9741640781,31.760271390878252,26.64530719939691,41.59442140972484,15.60874481718809,12.710139464756878,14.779494911421033,14.372408594044478,13.954014323407463,13.407463249151904,15.167734640030153,0.0,17.896720693554467,5.186581228797587,0.0,0.0,8.643045608744817,9.585375047116472,0.0,0.0,19.17451941198643,20.74632491519035,18.767433094609874,2.4062775780065877,1483.7133070174646,0.05953533397870281
2178,8,2066,4.417366161616163,13.0,21.0,17.0,23.0,23.0,20.0,19.0,19.428571428571427,7.0,4.0,4.0,4.0,3.0,3.0,5.0,5.0,7.0,7.0,6.0,5.0,6.0,6.0,7.0,6.0,6.0,6.0,6.0,7.0,7.0,6.0,7.0,6.0,0.047918683446272994,0.000484027105517909,0.000484027105517909,0.002904162633107454,0.005808325266214908,0.001936108422071636,0.11761858664085188,0.8213939980638916,0.001452081316553727,18,222501.9741640781,31.760271390878252,26.64530719939691,41.59442140972484,15.60874481718809,12.710139464756878,14.779494911421033,14.372408594044478,13.954014323407463,13.407463249151904,15.167734640030153,0.0,17.896720693554467,5.186581228797587,0.0,0.0,8.643045608744817,9.585375047116472,0.0,0.0,19.17451941198643,20.74632491519035,18.767433094609874,2.4062775780065877,1483.7133070174646,0.05953533397870281
2194,13,23110,20.154414945919374,20.0,20.0,19.0,20.0,19.0,18.0,17.0,19.0,7.0,7.0,7.0,7.0,7.0,1.0,0.0,0.0,1.0,1.0,6.0,7.0,6.0,7.0,7.0,7.0,7.0,6.0,7.0,7.0,7.0,7.0,7.0,7.0,0.025656796415077763,0.0,0.0,0.006853527809507073,0.006238467621474387,0.0,0.011861875054916088,0.9493454002284509,4.393287057376329e-05,18,79508.54136700448,30.108708928789547,27.934530352998653,41.9567607182118,14.323521029274053,13.350433614266521,14.197304670005293,12.373274703798705,14.38459346117829,15.019746752982371,16.351125768494768,0.0,30.984080452750295,0.0,0.0,0.0,23.533243760433205,22.136720817556288,0.0,0.0,0.0,4.376857619803754,18.969097349456455,0.3803970975005306,75.84875190389315,0.03874879184605922
2211,9,839,6.058829365079365,11.0,12.0,20.0,14.0,19.0,16.0,11.0,14.714285714285714,5.0,5.0,5.0,3.0,2.0,3.0,4.0,4.0,5.0,4.0,5.0,5.0,4.0,2.0,7.0,3.0,4.0,5.0,5.0,4.0,3.0,4.0,6.0,6.0,0.08695652173913043,0.0,0.0,0.11231884057971014,0.018115942028985508,0.006038647342995169,0.14855072463768115,0.6268115942028986,0.0012077294685990338,18,6957135.491828459,23.356935366739286,26.93355119825708,49.709513435003636,14.587872185911403,13.852578068264343,14.633260711692083,14.006899055918664,14.842047930283226,15.513798111837326,12.563543936092955,52.22403776325345,0.0,0.0,0.0,0.0,11.201888162672477,6.045751633986928,0.0,30.52832244008715,0.0,0.0,0.0,2.97176554215089,145.53113015616557,0.22342995169082125
2215,15,4305,7.45527376654633,18.0,21.0,17.0,18.0,17.0,20.0,18.0,18.428571428571427,7.0,7.0,7.0,6.0,7.0,7.0,7.0,7.0,6.0,2.0,0.0,0.0,4.0,6.0,7.0,6.0,6.0,3.0,1.0,6.0,7.0,7.0,6.0,7.0,0.10444920295027361,0.0007137758743754461,0.0,0.03259576492981204,0.01879609802522008,0.0028551034975017845,0.22127052105638828,0.6190816083749703,0.00023792529145848205,18,56469.21815375242,29.498487420701274,28.031859898140233,42.46965268115849,15.258542562832671,13.211135647090359,14.739032204536462,14.144211990860702,14.836041509771134,13.559603282999118,14.251432801909553,9.37926809032077,15.341511047572853,0.0,6.7064064434601685,0.0,14.02805611222445,9.727735726229529,10.791008769130618,10.26001046679346,5.421033149100749,2.079317871411613,16.26565232375579,1.8209966190127576,252.30781875516416,0.15940994527718297
2229,7,10465,19.032581699346405,19.0,17.0,21.0,23.0,14.0,14.0,21.0,18.428571428571427,7.0,7.0,7.0,7.0,7.0,7.0,7.0,7.0,7.0,4.0,5.0,3.0,3.0,2.0,3.0,2.0,4.0,5.0,3.0,6.0,6.0,6.0,7.0,7.0,0.0117123221372568,0.0,0.0,0.0024199012680282644,0.011131545832930016,9.679605072113058e-05,0.015874552318265414,0.9586680863420772,9.679605072113058e-05,18,12503496.102208124,29.126633774777115,29.879684930321126,40.993681294901755,15.649614818661819,12.801869644248248,14.861940621483596,15.035055829654635,16.238206526443346,12.213277936466719,13.200034623041635,0.0,0.0,3.6354193715917944,0.0,0.008655760408551892,0.0,0.0,0.0,0.0,64.79702241841946,31.558902449580195,0.0,0.5191669822675749,120.57966575798245,0.02536056528893621
2239,29,22168,13.879746185383246,19.0,18.0,22.0,20.0,18.0,17.0,19.0,19.0,7.0,7.0,7.0,7.0,7.0,7.0,7.0,7.0,7.0,7.0,6.0,6.0,4.0,6.0,5.0,2.0,4.0,2.0,2.0,2.0,5.0,7.0,7.0,5.0,0.050817598699069474,0.0014003071641521367,0.0004968831872797904,0.04087993495347367,0.015538892402204355,0.008266329388381968,0.10660402927093685,0.7759508537356582,4.517119884361731e-05,18,312265.6649462526,30.951828655377717,30.180822038859617,38.867349305762666,14.430416100562237,14.756271332471748,13.989683091979543,13.869282345273994,14.628138427720891,14.198451359202924,14.127757342788657,16.143641404601738,6.407749831549414,8.079000563342943,8.324220432779931,3.3104682373993435,8.092255691420618,7.491356551899349,16.003357965779678,7.203057516209917,5.857662016325899,6.32711446907689,6.760115319614275,2.665381346475166,424.4651789046154,0.1173999457945614
2295,5,7648,11.3154747207525,24.0,24.0,24.0,24.0,24.0,24.0,24.0,24.0,7.0,7.0,7.0,7.0,7.0,7.0,7.0,7.0,7.0,7.0,7.0,7.0,7.0,7.0,7.0,7.0,7.0,7.0,7.0,7.0,7.0,7.0,7.0,7.0,0.017306350314026518,0.0,0.0,0.000418702023726448,0.0,0.0,0.13189113747383113,0.8502442428471738,0.00013956734124214934,18,61.605476706853835,30.992517062741555,29.94613929775512,39.061343639503335,13.506290601101883,13.607022448811776,13.130087986185346,14.488940054271854,15.469533755447742,14.486884302277772,15.311240851903626,15.95057972206233,0.06989556779870076,13.171203026066935,11.051722720171037,14.665734725762682,4.576103938820821,7.783077049584739,16.53852479236905,16.193158457363705,0.0,0.0,0.0,0.07870905254627787,7.744443177449991,0.017725052337752966
2295,5,7648,11.3154747207525,24.0,24.0,24.0,24.0,24.0,24.0,24.0,24.0,7.0,7.0,7.0,7.0,7.0,7.0,7.0,7.0,7.0,7.0,7.0,7.0,7.0,7.0,7.0,7.0,7.0,7.0,7.0,7.0,7.0,7.0,7.0,7.0,0.017306350314026518,0.0,0.0,0.000418702023726448,0.0,0.0,0.13189113747383113,0.8502442428471738,0.00013956734124214934,18,61.605476706853835,30.992517062741555,29.94613929775512,39.061343639503335,13.506290601101883,13.607022448811776,13.130087986185346,14.488940054271854,15.469533755447742,14.486884302277772,15.311240851903626,15.95057972206233,0.06989556779870076,13.171203026066935,11.051722720171037,14.665734725762682,4.576103938820821,7.783077049584739,16.53852479236905,16.193158457363705,0.0,0.0,0.0,0.07870905254627787,7.744443177449991,0.017725052337752966
2297,12,2664,4.711272923408846,7.0,17.0,13.0,13.0,10.0,13.0,13.0,12.285714285714286,5.0,3.0,5.0,6.0,6.0,6.0,6.0,1.0,6.0,5.0,4.0,4.0,3.0,1.0,1.0,3.0,3.0,1.0,0.0,1.0,3.0,4.0,3.0,6.0,0.11524024024024024,0.00037537537537537537,0.0,0.027402402402402402,0.04241741741741742,0.006756756756756757,0.1704204204204204,0.637012012012012,0.00037537537537537537,18,5398.068458735102,29.903065421897914,29.355796401616768,40.741138176485315,15.184032621525914,14.2504560575169,13.975033086525738,13.377687162428014,14.465071359587938,14.933648102443037,13.814071609972459,0.0,26.286797582000933,0.0,0.0,0.0,29.244911828880067,16.00314769109704,0.0,0.0,0.0,0.0,28.465142898021963,3.062084040178342,226.06675129725278,0.1921921921921922
2339,6,261,0.0,10.0,0.0,2.0,3.0,4.0,11.0,10.0,5.714285714285714,0.0,0.0,1.0,0.0,1.0,1.0,1.0,2.0,1.0,2.0,1.0,3.0,4.0,3.0,2.0,2.0,2.0,2.0,3.0,3.0,3.0,3.0,0.0,0.0,0.0038314176245210726,0.0,0.0,0.01532567049808429,0.038314176245210725,0.0038314176245210726,0.06513409961685823,0.8697318007662835,0.0038314176245210726,18,135.4317976252425,19.949012109623965,28.87189292543021,51.179094964945826,21.159974506054812,18.10070108349267,16.762268961121734,18.291905672402805,7.0108349267049075,7.520713830465264,11.153601019757806,0.0,0.0,0.0,0.0,0.0,0.0,0.0,0.0,100.0,0.0,0.0,0.0,1.5704677011799044,90.32473061097632,0.06130268199233716
2348,6,9277,17.049014170572562,23.0,24.0,24.0,23.0,24.0,24.0,24.0,23.714285714285715,7.0,7.0,7.0,7.0,7.0,7.0,7.0,7.0,7.0,7.0,5.0,7.0,7.0,7.0,7.0,7.0,7.0,7.0,7.0,7.0,7.0,7.0,7.0,7.0,0.011210520642449068,0.0,0.0,0.0009701412094427077,0.00021558693543171284,0.00021558693543171284,0.005605260321224534,0.9816751104883044,0.00010779346771585642,18,19495.55675107333,33.4,29.799999999999997,36.8,12.736842105263158,19.61052631578947,9.6,14.000000000000002,11.08421052631579,17.74736842105263,15.221052631578946,0.0,0.0,26.852631578947367,21.652631578947368,51.49473684210526,0.0,0.0,0.0,0.0,0.0,0.0,0.0,0.1284844182736875,104.05594631638978,0.012611835722755201
2362,17,3514,9.32766621399177,21.0,20.0,19.0,18.0,19.0,20.0,17.0,19.142857142857142,7.0,7.0,6.0,7.0,7.0,5.0,6.0,6.0,6.0,5.0,6.0,5.0,6.0,7.0,5.0,5.0,7.0,4.0,6.0,3.0,3.0,5.0,5.0,5.0,0.03813318155947638,0.0011383039271485487,0.00199203187250996,0.01593625498007968,0.014797951052931132,0.003699487763232783,0.14598747865680137,0.7777461582242459,0.0005691519635742744,18,491093.08408563986,32.307548405200635,32.08306051819287,35.60939107660649,16.986250116920775,11.439528575437285,14.479468712000749,10.5696380132822,15.854457019923299,14.919090824057617,15.751566738378076,27.546534468244317,0.0,0.0,0.0,0.0,0.6360490131886634,24.029557571789358,23.253203629220838,24.534655317556822,0.0,0.0,0.0,3.02717690176233,1393.1292374893414,0.07569721115537849
2371,4,77,7.899506944444445,0.0,0.0,11.0,1.0,0.0,0.0,0.0,1.7142857142857142,1.0,1.0,1.0,1.0,1.0,1.0,0.0,1.0,1.0,2.0,0.0,0.0,0.0,0.0,0.0,1.0,1.0,0.0,0.0,0.0,0.0,0.0,0.0,0.0,0.012987012987012988,0.0,0.0,0.0,0.012987012987012988,0.0,0.05194805194805195,0.9090909090909091,0.012987012987012988,18,1542457.1279911953,39.130434782608695,38.224637681159415,22.644927536231883,12.13768115942029,8.695652173913043,8.242753623188406,12.5,13.949275362318842,9.782608695652174,34.69202898550724,36.41304347826087,3.260869565217391,0.4528985507246377,0.4528985507246377,0.0,3.713768115942029,20.19927536231884,0.0,33.69565217391305,0.4528985507246377,0.0,1.358695652173913,0.27083840884881116,15.30973932580427,0.025974025974025976
2371,4,77,7.899506944444445,0.0,0.0,11.0,1.0,0.0,0.0,0.0,1.7142857142857142,1.0,1.0,1.0,1.0,1.0,1.0,0.0,1.0,1.0,2.0,0.0,0.0,0.0,0.0,0.0,1.0,1.0,0.0,0.0,0.0,0.0,0.0,0.0,0.0,0.012987012987012988,0.0,0.0,0.0,0.012987012987012988,0.0,0.05194805194805195,0.9090909090909091,0.012987012987012988,18,1542457.1279911953,39.130434782608695,38.224637681159415,22.644927536231883,12.13768115942029,8.695652173913043,8.242753623188406,12.5,13.949275362318842,9.782608695652174,34.69202898550724,36.41304347826087,3.260869565217391,0.4528985507246377,0.4528985507246377,0.0,3.713768115942029,20.19927536231884,0.0,33.69565217391305,0.4528985507246377,0.0,1.358695652173913,0.27083840884881116,15.30973932580427,0.025974025974025976
2371,4,77,7.899506944444445,0.0,0.0,11.0,1.0,0.0,0.0,0.0,1.7142857142857142,1.0,1.0,1.0,1.0,1.0,1.0,0.0,1.0,1.0,2.0,0.0,0.0,0.0,0.0,0.0,1.0,1.0,0.0,0.0,0.0,0.0,0.0,0.0,0.0,0.012987012987012988,0.0,0.0,0.0,0.012987012987012988,0.0,0.05194805194805195,0.9090909090909091,0.012987012987012988,18,1542457.1279911953,39.130434782608695,38.224637681159415,22.644927536231883,12.13768115942029,8.695652173913043,8.242753623188406,12.5,13.949275362318842,9.782608695652174,34.69202898550724,36.41304347826087,3.260869565217391,0.4528985507246377,0.4528985507246377,0.0,3.713768115942029,20.19927536231884,0.0,33.69565217391305,0.4528985507246377,0.0,1.358695652173913,0.27083840884881116,15.30973932580427,0.025974025974025976
2371,4,77,7.899506944444445,0.0,0.0,11.0,1.0,0.0,0.0,0.0,1.7142857142857142,1.0,1.0,1.0,1.0,1.0,1.0,0.0,1.0,1.0,2.0,0.0,0.0,0.0,0.0,0.0,1.0,1.0,0.0,0.0,0.0,0.0,0.0,0.0,0.0,0.012987012987012988,0.0,0.0,0.0,0.012987012987012988,0.0,0.05194805194805195,0.9090909090909091,0.012987012987012988,18,1542457.1279911953,39.130434782608695,38.224637681159415,22.644927536231883,12.13768115942029,8.695652173913043,8.242753623188406,12.5,13.949275362318842,9.782608695652174,34.69202898550724,36.41304347826087,3.260869565217391,0.4528985507246377,0.4528985507246377,0.0,3.713768115942029,20.19927536231884,0.0,33.69565217391305,0.4528985507246377,0.0,1.358695652173913,0.27083840884881116,15.30973932580427,0.025974025974025976
2410,20,9118,11.112833751229106,13.0,11.0,16.0,14.0,13.0,10.0,11.0,12.571428571428571,7.0,7.0,6.0,7.0,7.0,7.0,5.0,6.0,2.0,2.0,0.0,0.0,0.0,2.0,4.0,5.0,5.0,3.0,0.0,0.0,0.0,5.0,3.0,5.0,0.04244351831542005,0.0039482342618995395,0.0004386926957666155,0.025663522702347005,0.03421803026979601,0.013489800394823425,0.05878482123272648,0.8209037069532792,0.00010967317394165388,18,171389.34969116785,25.982065637944373,27.115480904911465,46.902453457144155,13.778506076744504,15.271518958532477,13.864991579043199,13.286904274204561,14.233692930948155,14.834539578496972,14.729846602030133,0.0,27.065410350949065,0.0,0.0,0.0,26.541945468614863,27.6935682097501,0.0,16.263826300696437,0.0,0.0,2.4352496699895307,4.568318350834823,589.5361859211389,0.12020179864005265
2422,12,3081,7.357768670309653,21.0,21.0,17.0,18.0,19.0,18.0,16.0,18.571428571428573,7.0,7.0,7.0,7.0,7.0,7.0,7.0,7.0,7.0,7.0,6.0,6.0,6.0,7.0,5.0,3.0,3.0,3.0,3.0,4.0,5.0,3.0,2.0,4.0,0.05850885991307255,0.0,0.0,0.0160481444332999,0.001671681711802073,0.0,0.04212637913741224,0.8813105984620528,0.00033433634236041456,18,277.6891240386311,20.275802628743804,39.388062917474684,40.33613445378151,12.583494936436113,16.00948071536307,25.145442792501616,14.975220857573799,10.170221934927817,13.96250808015514,7.153630683042447,0.0,0.0,40.788623141564315,0.0,17.733247145011852,0.0,0.0,0.0,0.0,41.47812971342383,0.0,0.0,0.40069662076100016,34.673787897423416,0.07622868605817452
2422,12,3081,7.357768670309653,21.0,21.0,17.0,18.0,19.0,18.0,16.0,18.571428571428573,7.0,7.0,7.0,7.0,7.0,7.0,7.0,7.0,7.0,7.0,6.0,6.0,6.0,7.0,5.0,3.0,3.0,3.0,3.0,4.0,5.0,3.0,2.0,4.0,0.05850885991307255,0.0,0.0,0.0160481444332999,0.001671681711802073,0.0,0.04212637913741224,0.8813105984620528,0.00033433634236041456,18,277.6891240386311,20.275802628743804,39.388062917474684,40.33613445378151,12.583494936436113,16.00948071536307,25.145442792501616,14.975220857573799,10.170221934927817,13.96250808015514,7.153630683042447,0.0,0.0,40.788623141564315,0.0,17.733247145011852,0.0,0.0,0.0,0.0,41.47812971342383,0.0,0.0,0.40069662076100016,34.673787897423416,0.07622868605817452
2429,17,8807,11.928659722222221,9.0,19.0,10.0,14.0,13.0,11.0,8.0,12.0,7.0,7.0,7.0,7.0,7.0,7.0,4.0,1.0,0.0,1.0,0.0,0.0,1.0,1.0,2.0,2.0,5.0,3.0,4.0,3.0,3.0,3.0,5.0,4.0,0.015480269001395762,0.0001268874508311128,0.0,0.01218119527978683,0.028803451338662606,0.004060398426595609,0.048597893668316204,0.8903692424819185,0.00038066235249333843,18,54562.56903304016,29.848969876056803,29.422145612739065,40.728884511204136,15.213822539604365,13.863580398916522,16.034638430600015,15.410818353443323,13.670688664532546,13.42444389723385,12.382007715669376,0.0,0.0,35.18837724698351,0.0,8.372322088155627,0.0,0.0,0.0,0.0,43.42116063366987,13.018140031191002,0.0,2.7649792455520648,3927.9188401574615,0.06065220149727192
2448,6,1748,1.6925568089430894,16.0,20.0,15.0,17.0,12.0,20.0,17.0,16.714285714285715,5.0,5.0,3.0,2.0,1.0,3.0,2.0,3.0,6.0,6.0,5.0,5.0,7.0,6.0,6.0,7.0,6.0,6.0,6.0,6.0,6.0,6.0,5.0,4.0,0.01667625071880391,0.0,0.0,0.009200690051753882,0.004600345025876941,0.0,0.10005750431282347,0.8688901667625072,0.0005750431282346176,18,39884.8748067451,40.098468271334795,33.56375571911677,26.337776009548435,13.860155162124526,17.241893773622436,14.501690869305751,14.069027252834692,12.587030037795902,16.257211060274518,11.482991844042171,3.9437039984085938,16.580465486373583,1.2830714143624429,13.616471056296001,2.954048140043764,21.14581261189576,12.800875273522976,5.077581062263776,14.655858364829918,0.6415357071812214,4.326636164710563,2.9739407201113988,0.32626558165121966,54.161705663567,0.030477285796434734
2448,6,1748,1.6925568089430894,16.0,20.0,15.0,17.0,12.0,20.0,17.0,16.714285714285715,5.0,5.0,3.0,2.0,1.0,3.0,2.0,3.0,6.0,6.0,5.0,5.0,7.0,6.0,6.0,7.0,6.0,6.0,6.0,6.0,6.0,6.0,5.0,4.0,0.01667625071880391,0.0,0.0,0.009200690051753882,0.004600345025876941,0.0,0.10005750431282347,0.8688901667625072,0.0005750431282346176,18,39884.8748067451,40.098468271334795,33.56375571911677,26.337776009548435,13.860155162124526,17.241893773622436,14.501690869305751,14.069027252834692,12.587030037795902,16.257211060274518,11.482991844042171,3.9437039984085938,16.580465486373583,1.2830714143624429,13.616471056296001,2.954048140043764,21.14581261189576,12.800875273522976,5.077581062263776,14.655858364829918,0.6415357071812214,4.326636164710563,2.9739407201113988,0.32626558165121966,54.161705663567,0.030477285796434734
2455,4,299,15.244521082430555,0.0,0.0,15.0,22.0,16.0,8.0,0.0,8.714285714285714,2.0,2.0,2.0,1.0,1.0,2.0,2.0,2.0,4.0,4.0,2.0,3.0,3.0,3.0,3.0,3.0,3.0,3.0,3.0,3.0,3.0,3.0,2.0,2.0,0.0,0.0,0.0,0.010033444816053512,0.0,0.0,0.08695652173913043,0.8996655518394648,0.0033444816053511705,18,411.3683047270788,33.65122615803814,33.106267029972756,33.2425068119891,25.47683923705722,0.0,15.122615803814716,0.0,35.14986376021799,0.0,24.250681198910083,0.0,0.0,0.0,0.0,0.0,0.0,99.86376021798365,0.0,0.0,0.13623978201634876,0.0,0.0,0.20293125087742717,13.988096979881238,0.010033444816053512
2455,4,299,15.244521082430555,0.0,0.0,15.0,22.0,16.0,8.0,0.0,8.714285714285714,2.0,2.0,2.0,1.0,1.0,2.0,2.0,2.0,4.0,4.0,2.0,3.0,3.0,3.0,3.0,3.0,3.0,3.0,3.0,3.0,3.0,3.0,2.0,2.0,0.0,0.0,0.0,0.010033444816053512,0.0,0.0,0.08695652173913043,0.8996655518394648,0.0033444816053511705,18,411.3683047270788,33.65122615803814,33.106267029972756,33.2425068119891,25.47683923705722,0.0,15.122615803814716,0.0,35.14986376021799,0.0,24.250681198910083,0.0,0.0,0.0,0.0,0.0,0.0,99.86376021798365,0.0,0.0,0.13623978201634876,0.0,0.0,0.20293125087742717,13.988096979881238,0.010033444816053512
2455,4,299,15.244521082430555,0.0,0.0,15.0,22.0,16.0,8.0,0.0,8.714285714285714,2.0,2.0,2.0,1.0,1.0,2.0,2.0,2.0,4.0,4.0,2.0,3.0,3.0,3.0,3.0,3.0,3.0,3.0,3.0,3.0,3.0,3.0,2.0,2.0,0.0,0.0,0.0,0.010033444816053512,0.0,0.0,0.08695652173913043,0.8996655518394648,0.0033444816053511705,18,411.3683047270788,33.65122615803814,33.106267029972756,33.2425068119891,25.47683923705722,0.0,15.122615803814716,0.0,35.14986376021799,0.0,24.250681198910083,0.0,0.0,0.0,0.0,0.0,0.0,99.86376021798365,0.0,0.0,0.13623978201634876,0.0,0.0,0.20293125087742717,13.988096979881238,0.010033444816053512
2455,4,299,15.244521082430555,0.0,0.0,15.0,22.0,16.0,8.0,0.0,8.714285714285714,2.0,2.0,2.0,1.0,1.0,2.0,2.0,2.0,4.0,4.0,2.0,3.0,3.0,3.0,3.0,3.0,3.0,3.0,3.0,3.0,3.0,3.0,2.0,2.0,0.0,0.0,0.0,0.010033444816053512,0.0,0.0,0.08695652173913043,0.8996655518394648,0.0033444816053511705,18,411.3683047270788,33.65122615803814,33.106267029972756,33.2425068119891,25.47683923705722,0.0,15.122615803814716,0.0,35.14986376021799,0.0,24.250681198910083,0.0,0.0,0.0,0.0,0.0,0.0,99.86376021798365,0.0,0.0,0.13623978201634876,0.0,0.0,0.20293125087742717,13.988096979881238,0.010033444816053512
2456,10,16682,11.639906271301978,24.0,24.0,23.0,23.0,17.0,24.0,20.0,22.142857142857142,7.0,7.0,7.0,7.0,7.0,7.0,7.0,6.0,5.0,7.0,7.0,7.0,5.0,6.0,5.0,7.0,7.0,6.0,6.0,5.0,6.0,7.0,7.0,7.0,0.01711590296495957,0.0,0.0,0.0061994609164420485,0.004582210242587601,0.0,0.04521563342318059,0.9268194070080863,6.738544474393532e-05,18,85229.84897129958,29.69035587571229,29.577464788732392,40.732179335555315,11.224599505429524,17.00892377163746,13.794215675733792,14.073755510160199,11.719169981722395,16.68637780883776,15.492957746478872,3.5265025266100416,4.9349532308353945,0.0,0.0,0.0,17.30996667025051,16.8906569186109,0.0,23.03515750994517,7.122890011826685,22.126653048059346,5.053220083861951,0.30417861685772424,78.79615467490908,0.02789757412398922
2456,10,16682,11.639906271301978,24.0,24.0,23.0,23.0,17.0,24.0,20.0,22.142857142857142,7.0,7.0,7.0,7.0,7.0,7.0,7.0,6.0,5.0,7.0,7.0,7.0,5.0,6.0,5.0,7.0,7.0,6.0,6.0,5.0,6.0,7.0,7.0,7.0,0.01711590296495957,0.0,0.0,0.0061994609164420485,0.004582210242587601,0.0,0.04521563342318059,0.9268194070080863,6.738544474393532e-05,18,85229.84897129958,29.69035587571229,29.577464788732392,40.732179335555315,11.224599505429524,17.00892377163746,13.794215675733792,14.073755510160199,11.719169981722395,16.68637780883776,15.492957746478872,3.5265025266100416,4.9349532308353945,0.0,0.0,0.0,17.30996667025051,16.8906569186109,0.0,23.03515750994517,7.122890011826685,22.126653048059346,5.053220083861951,0.30417861685772424,78.79615467490908,0.02789757412398922
2522,11,11352,20.72454501915709,24.0,21.0,24.0,22.0,23.0,24.0,22.0,22.857142857142858,7.0,7.0,7.0,7.0,7.0,7.0,7.0,7.0,6.0,4.0,5.0,6.0,6.0,7.0,7.0,7.0,7.0,7.0,7.0,7.0,7.0,7.0,7.0,7.0,0.020001810118562766,0.0,0.0,0.003348719341116843,0.007874015748031496,0.0,0.015476513711648113,0.9532084351525025,9.050592813829306e-05,18,2655.600951616168,29.100096603997923,31.396299323772013,39.50360407223006,12.915211414133909,14.20078769413688,12.402467117485322,13.613732629858067,14.104183696217582,15.523519357954967,17.24009809021327,28.030021550122612,0.0,0.0,0.0,0.0,0.0,28.654231998216538,0.029724307052091847,43.28602214460876,0.0,0.0,0.0,0.4311546588938035,62.39870827278925,0.031224545207711105
2536,6,671,7.701069023569024,14.0,16.0,17.0,18.0,14.0,15.0,19.0,16.142857142857142,5.0,5.0,6.0,4.0,2.0,1.0,4.0,4.0,5.0,4.0,5.0,5.0,5.0,7.0,4.0,4.0,6.0,3.0,6.0,5.0,5.0,5.0,7.0,6.0,0.06706408345752608,0.0,0.0,0.01788375558867362,0.0029806259314456036,0.0014903129657228018,0.21758569299552907,0.6915052160953801,0.0014903129657228018,18,1043.5292573666134,29.53768067968664,28.566699768288643,41.89561955202471,15.259847732538894,15.767405936224208,13.89164735738718,15.204678362573098,13.65993600353084,13.593732759571886,12.622751848173893,0.0,0.0,0.0,0.0,0.0,48.626282687851706,51.373717312148294,0.0,0.0,0.0,0.0,0.0,0.7362962455383422,89.41086714025228,0.08941877794336811
2538,12,870,9.108377192982456,17.0,15.0,17.0,16.0,15.0,19.0,15.0,16.285714285714285,6.0,6.0,5.0,6.0,5.0,6.0,5.0,4.0,7.0,7.0,4.0,3.0,4.0,6.0,5.0,5.0,1.0,4.0,4.0,6.0,3.0,2.0,4.0,6.0,0.08899297423887588,0.0,0.0,0.08430913348946135,0.07377049180327869,0.00819672131147541,0.18969555035128804,0.5538641686182669,0.00117096018735363,18,3907.995695143531,27.796280877046904,36.12267554815431,36.08104357479878,11.587565917291148,12.545101304468497,16.11157368859284,17.832361920621704,13.40549542048293,15.903413821815155,12.614487926727728,0.0,0.0,0.0,36.70552317513183,63.29447682486816,0.0,0.0,0.0,0.0,0.0,0.0,0.0,4.463452554937978,114.62180670937417,0.25526932084309134
2546,1,742,20.350601851851852,24.0,24.0,18.0,0.0,11.0,24.0,24.0,17.857142857142858,5.0,5.0,5.0,5.0,5.0,5.0,5.0,5.0,5.0,5.0,5.0,5.0,5.0,6.0,6.0,6.0,6.0,6.0,5.0,5.0,5.0,5.0,5.0,5.0,0.0,0.0,0.0,0.0,0.0,0.0,0.1752021563342318,0.8234501347708895,0.0013477088948787063,18,0.001227636509052048,31.895424836601304,30.326797385620914,37.77777777777778,2.8758169934640523,22.22222222222222,6.2745098039215685,6.0130718954248366,0.39215686274509803,35.68627450980392,26.535947712418302,0.0,0.0,0.0,0.0,0.0,0.0,98.56209150326798,0.0,1.4379084967320261,0.0,0.0,0.0,0.04105646969836641,0.31690135804549685,0.0
2574,28,25103,16.277603174603176,19.0,22.0,17.0,6.0,6.0,9.0,17.0,13.714285714285714,7.0,7.0,7.0,7.0,7.0,6.0,1.0,4.0,4.0,4.0,2.0,2.0,3.0,4.0,4.0,2.0,1.0,2.0,4.0,4.0,4.0,3.0,3.0,4.0,0.032848392036753445,7.656967840735069e-05,7.656967840735069e-05,0.01225114854517611,0.008652373660030627,0.0011485451761102604,0.018376722817764167,0.9264931087289433,7.656967840735069e-05,18,121794.58315242502,31.13073749355338,31.56910778751934,37.30015471892728,13.28971119133574,11.44920061887571,16.287390407426507,20.75812274368231,14.385636926250644,11.371841155234657,12.45809695719443,2.507735946364105,25.306214543579163,0.0,0.0,0.0,5.089608045384219,15.829680247550284,0.0,51.26676121712222,0.0,0.0,0.0,0.8455566123892491,663.370666484096,0.055053598774885144
2591,11,5691,14.038314270152506,17.0,12.0,18.0,24.0,22.0,15.0,22.0,18.571428571428573,7.0,7.0,7.0,7.0,7.0,7.0,7.0,6.0,7.0,7.0,4.0,4.0,5.0,4.0,5.0,5.0,4.0,2.0,1.0,4.0,4.0,6.0,7.0,6.0,0.04891005678695732,0.00018318373328448433,0.0,0.01648653599560359,0.010624656530500091,0.0,0.14086829089576847,0.7827440923246016,0.00018318373328448433,18,976.635436785253,30.98036379416338,29.76892199761328,39.25071420822334,13.908075073228945,14.87361226630022,14.566231511951688,12.993165298520957,13.817668969008787,14.830217336274545,15.01102954471486,0.0,26.13459660796297,0.0,0.0,0.0,0.0,0.0,0.0,0.0,16.287563736303476,27.49430441543413,30.083535240299426,0.8140633703494902,273.02295719023437,0.07620443304634548
2592,8,8002,21.527522298245614,24.0,24.0,24.0,22.0,24.0,24.0,24.0,23.714285714285715,7.0,7.0,7.0,7.0,7.0,7.0,7.0,7.0,7.0,7.0,7.0,7.0,7.0,7.0,7.0,6.0,6.0,7.0,7.0,7.0,7.0,7.0,7.0,7.0,0.021994501374656337,0.0,0.0,0.026243439140214948,0.008372906773306673,0.00012496875781054737,0.09435141214696326,0.8487878030492377,0.00012496875781054737,18,4006.4969395963612,29.894366197183096,34.19718309859155,35.90845070422535,13.683098591549294,15.63380281690141,12.66901408450704,13.774647887323944,14.535211267605632,14.584507042253522,15.119718309859154,0.0,0.0,33.83802816901408,0.0,21.183098591549296,0.0,0.0,0.0,0.0,30.788732394366196,14.190140845070424,0.0,0.7461196902364748,82.93495486805818,0.056735816045988506
2592,8,8002,21.527522298245614,24.0,24.0,24.0,22.0,24.0,24.0,24.0,23.714285714285715,7.0,7.0,7.0,7.0,7.0,7.0,7.0,7.0,7.0,7.0,7.0,7.0,7.0,7.0,7.0,6.0,6.0,7.0,7.0,7.0,7.0,7.0,7.0,7.0,0.021994501374656337,0.0,0.0,0.026243439140214948,0.008372906773306673,0.00012496875781054737,0.09435141214696326,0.8487878030492377,0.00012496875781054737,18,4006.4969395963612,29.894366197183096,34.19718309859155,35.90845070422535,13.683098591549294,15.63380281690141,12.66901408450704,13.774647887323944,14.535211267605632,14.584507042253522,15.119718309859154,0.0,0.0,33.83802816901408,0.0,21.183098591549296,0.0,0.0,0.0,0.0,30.788732394366196,14.190140845070424,0.0,0.7461196902364748,82.93495486805818,0.056735816045988506
2609,1,103,3.573985625,6.0,3.0,1.0,0.0,0.0,0.0,2.0,1.7142857142857142,1.0,1.0,1.0,1.0,1.0,1.0,1.0,0.0,0.0,0.0,1.0,0.0,0.0,1.0,0.0,0.0,1.0,0.0,0.0,0.0,0.0,0.0,1.0,1.0,0.0,0.0,0.0,0.0,0.0,0.0,0.038834951456310676,0.9514563106796117,0.009708737864077669,18,19895.91332294753,24.519940915805023,27.17872968980798,48.301329394387,19.35007385524372,11.964549483013293,10.3397341211226,18.61152141802068,17.429837518463813,10.487444608567207,11.816838995568684,0.0,0.0,0.0,0.0,0.0,12.998522895125554,52.437223042836045,0.0,34.5642540620384,0.0,0.0,0.0,0.011153560543325928,1.0940740601917178,0.0
2618,17,129907,19.738403828242838,20.0,19.0,20.0,19.0,20.0,24.0,24.0,20.857142857142858,7.0,7.0,7.0,7.0,7.0,7.0,7.0,7.0,7.0,2.0,2.0,2.0,2.0,5.0,7.0,7.0,7.0,7.0,7.0,7.0,7.0,7.0,7.0,7.0,0.014125489773453317,7.697814590437775e-05,0.00011546721885656662,0.003756533520133634,0.011700678177465418,0.0002463300668940088,0.010145719630196988,0.9597866165795531,4.618688754262665e-05,18,44747175.864684485,30.00755821277338,29.071018130020637,40.92142365720598,14.713805366331071,13.605267492902062,14.231727051618718,13.134817197841064,14.978342813399353,14.404209343113788,14.931830734793941,8.682254673010398,8.214711382862237,7.892518338355991,9.71230341379277,8.248626440178684,7.624589385556062,7.845037258112966,11.48460740898652,7.3779784687836125,7.427397552301864,7.4923206620219185,7.997655016036977,0.8100435177159439,2905.106380886539,0.03002147690270732
2636,9,4224,13.470025252525254,19.0,15.0,16.0,14.0,17.0,12.0,23.0,16.571428571428573,6.0,6.0,6.0,6.0,6.0,7.0,7.0,4.0,5.0,2.0,4.0,4.0,6.0,5.0,4.0,4.0,5.0,4.0,4.0,4.0,3.0,4.0,5.0,5.0,0.010238095238095239,0.0,0.0009523809523809524,0.015238095238095238,0.025714285714285714,0.0002380952380952381,0.007857142857142858,0.9395238095238095,0.0002380952380952381,18,798.9839554672837,29.13541255428346,35.096723253059615,35.76786419265693,15.831030398736676,12.672720094749309,18.33793920252665,17.114093959731544,14.58744571654165,7.244374259771022,14.21239636794315,0.0,91.35412554283458,0.0,0.0,0.0,8.645874457165416,0.0,0.0,0.0,0.0,0.0,0.0,1.55327289071421,480.1686080887676,0.05238095238095238
2672,4,124,0.0,4.0,2.0,4.0,6.0,7.0,7.0,9.0,5.571428571428571,0.0,0.0,0.0,0.0,0.0,0.0,0.0,1.0,3.0,4.0,2.0,2.0,2.0,0.0,1.0,2.0,4.0,4.0,5.0,4.0,1.0,2.0,2.0,0.0,0.056451612903225805,0.0,0.0,0.016129032258064516,0.008064516129032258,0.008064516129032258,0.27419354838709675,0.6290322580645161,0.008064516129032258,18,10083188.822391111,44.134078212290504,40.30327214684757,15.562649640861931,13.008778930566638,10.05586592178771,23.782920989624902,15.562649640861931,17.637669592976856,7.023144453312051,12.928970470869913,4.549082202713488,49.24181963288108,0.0,0.0,0.0,27.693535514764566,16.999201915403034,1.5163607342378291,0.0,0.0,0.0,0.0,1.9737646374841757,104.76868904149451,0.08870967741935484
2672,4,124,0.0,4.0,2.0,4.0,6.0,7.0,7.0,9.0,5.571428571428571,0.0,0.0,0.0,0.0,0.0,0.0,0.0,1.0,3.0,4.0,2.0,2.0,2.0,0.0,1.0,2.0,4.0,4.0,5.0,4.0,1.0,2.0,2.0,0.0,0.056451612903225805,0.0,0.0,0.016129032258064516,0.008064516129032258,0.008064516129032258,0.27419354838709675,0.6290322580645161,0.008064516129032258,18,10083188.822391111,44.134078212290504,40.30327214684757,15.562649640861931,13.008778930566638,10.05586592178771,23.782920989624902,15.562649640861931,17.637669592976856,7.023144453312051,12.928970470869913,4.549082202713488,49.24181963288108,0.0,0.0,0.0,27.693535514764566,16.999201915403034,1.5163607342378291,0.0,0.0,0.0,0.0,1.9737646374841757,104.76868904149451,0.08870967741935484
2672,4,124,0.0,4.0,2.0,4.0,6.0,7.0,7.0,9.0,5.571428571428571,0.0,0.0,0.0,0.0,0.0,0.0,0.0,1.0,3.0,4.0,2.0,2.0,2.0,0.0,1.0,2.0,4.0,4.0,5.0,4.0,1.0,2.0,2.0,0.0,0.056451612903225805,0.0,0.0,0.016129032258064516,0.008064516129032258,0.008064516129032258,0.27419354838709675,0.6290322580645161,0.008064516129032258,18,10083188.822391111,44.134078212290504,40.30327214684757,15.562649640861931,13.008778930566638,10.05586592178771,23.782920989624902,15.562649640861931,17.637669592976856,7.023144453312051,12.928970470869913,4.549082202713488,49.24181963288108,0.0,0.0,0.0,27.693535514764566,16.999201915403034,1.5163607342378291,0.0,0.0,0.0,0.0,1.9737646374841757,104.76868904149451,0.08870967741935484
2683,5,860,4.668855391621129,23.0,19.0,22.0,15.0,22.0,18.0,21.0,20.0,5.0,6.0,7.0,7.0,6.0,7.0,6.0,6.0,5.0,4.0,7.0,5.0,6.0,6.0,7.0,6.0,7.0,6.0,6.0,6.0,5.0,6.0,5.0,3.0,0.018028846153846152,0.0,0.0,0.004807692307692308,0.006009615384615385,0.0,0.30649038461538464,0.6634615384615384,0.001201923076923077,18,1331.102186684747,36.4506073309685,35.69816188326346,27.85123078576803,14.823175319789314,13.716005589594754,14.575943244114804,15.016661292056327,14.618940126840805,13.662259486187251,13.587014941416747,38.804686660217136,3.8697194453402126,0.01074922068150059,0.0,0.0,42.760399871009355,0.0,14.554444802751801,0.0,0.0,0.0,0.0,0.4537827211754489,68.99478049973504,0.028846153846153848
2684,3,57,0.0,0.0,3.0,3.0,4.0,5.0,0.0,2.0,2.4285714285714284,0.0,0.0,0.0,0.0,0.0,0.0,0.0,1.0,2.0,2.0,1.0,0.0,1.0,1.0,0.0,1.0,0.0,1.0,2.0,1.0,1.0,2.0,1.0,0.0,0.07017543859649122,0.0,0.0,0.03508771929824561,0.017543859649122806,0.0,0.21052631578947367,0.6491228070175439,0.017543859649122806,18,1109494.0928377523,23.429541595925297,31.748726655348047,44.821731748726656,29.20203735144312,1.697792869269949,10.186757215619695,11.884550084889643,11.37521222410866,31.918505942275043,3.7351443123938877,59.42275042444821,0.0,0.0,5.093378607809847,0.0,0.0,0.0,28.35314091680815,7.130730050933787,0.0,0.0,0.0,1.7473183854943157,32.17687768167052,0.12280701754385964
2684,3,57,0.0,0.0,3.0,3.0,4.0,5.0,0.0,2.0,2.4285714285714284,0.0,0.0,0.0,0.0,0.0,0.0,0.0,1.0,2.0,2.0,1.0,0.0,1.0,1.0,0.0,1.0,0.0,1.0,2.0,1.0,1.0,2.0,1.0,0.0,0.07017543859649122,0.0,0.0,0.03508771929824561,0.017543859649122806,0.0,0.21052631578947367,0.6491228070175439,0.017543859649122806,18,1109494.0928377523,23.429541595925297,31.748726655348047,44.821731748726656,29.20203735144312,1.697792869269949,10.186757215619695,11.884550084889643,11.37521222410866,31.918505942275043,3.7351443123938877,59.42275042444821,0.0,0.0,5.093378607809847,0.0,0.0,0.0,28.35314091680815,7.130730050933787,0.0,0.0,0.0,1.7473183854943157,32.17687768167052,0.12280701754385964
2695,12,3954,6.433538114035088,19.0,22.0,21.0,20.0,21.0,17.0,17.0,19.571428571428573,7.0,7.0,7.0,6.0,6.0,6.0,7.0,7.0,7.0,7.0,6.0,7.0,6.0,5.0,5.0,3.0,3.0,5.0,4.0,5.0,5.0,6.0,4.0,6.0,0.01618614061709661,0.0012645422357106728,0.00025290844714213456,0.009610520991401113,0.010622154779969651,0.0032878098128477492,0.22129489124936774,0.7372281234193222,0.00025290844714213456,18,107868.55320540079,28.867333037897815,27.706927962972085,43.42573899913011,14.42545997669342,13.84279547655391,14.45500352881317,14.098839594925074,14.712688955635434,14.377862031611603,14.087350435767393,3.5895415825496086,9.150294614866972,9.516306399461651,8.881120028887029,9.985720616475454,9.636121916391748,8.593891049945016,7.586127660971326,7.569714576460354,8.4855646921726,9.299653683916818,7.705943177901423,1.5690901497976644,881.501022642172,0.04122407688416793
2724,7,14499,19.893065134099615,24.0,24.0,24.0,24.0,24.0,24.0,24.0,24.0,7.0,7.0,7.0,7.0,7.0,7.0,7.0,7.0,7.0,7.0,7.0,7.0,7.0,7.0,7.0,7.0,7.0,7.0,7.0,7.0,7.0,7.0,7.0,7.0,0.00887261460460531,0.0,0.0,0.002112527286810788,0.002464615167945919,7.041757622702627e-05,0.020843602563199774,0.9654249700725301,0.0002112527286810788,18,12100747.052841848,28.70054822936731,28.67585321282165,42.62359855781103,13.957623351607646,11.823973922062528,15.464019360892973,16.362917963155034,14.896033980342766,13.320491924729588,14.174939497209463,0.0,16.46169802933768,0.0,0.0,0.0,0.0,0.0,0.0,0.0,20.151133501259448,29.48584975551934,33.90131871388354,0.6036151091059032,3325.4151892064733,0.013520174635589043
2769,6,142,0.0,4.0,12.0,3.0,5.0,7.0,2.0,2.0,5.0,0.0,0.0,0.0,0.0,0.0,0.0,1.0,4.0,1.0,0.0,4.0,3.0,2.0,3.0,3.0,4.0,3.0,3.0,1.0,0.0,0.0,1.0,1.0,1.0,0.09154929577464789,0.0,0.0,0.028169014084507043,0.02112676056338028,0.0,0.19718309859154928,0.6549295774647887,0.007042253521126761,18,95.94691233771267,30.71739992072929,29.567974633372966,39.71462544589774,18.7871581450654,10.384462940943322,10.146650812524772,7.13436385255648,21.482362267142292,14.149821640903687,17.91518034086405,0.0,0.07927070947284978,0.0,0.0,0.0,0.0,0.0,0.0,0.0,0.0,0.0,99.92072929052715,1.109265255977819,39.56794363839034,0.14084507042253522
2772,1,265,6.8801041666666665,7.0,11.0,24.0,1.0,0.0,9.0,4.0,8.0,4.0,3.0,2.0,3.0,1.0,1.0,2.0,2.0,2.0,1.0,1.0,2.0,1.0,2.0,2.0,2.0,2.0,3.0,2.0,3.0,3.0,4.0,4.0,4.0,0.0,0.0,0.0,0.0,0.0,0.0,0.07169811320754717,0.9245283018867925,0.0037735849056603774,18,1413.1668214534486,30.574712643678158,31.494252873563216,37.93103448275862,11.839080459770116,4.482758620689655,4.252873563218391,3.218390804597701,27.70114942528736,15.632183908045977,32.87356321839081,0.0,0.0,55.86206896551724,0.0,0.0,0.0,0.0,0.0,0.0,44.13793103448276,0.0,0.0,0.0077971016050455855,0.6262230128331644,0.0
2789,19,12277,19.926076388888887,24.0,22.0,24.0,24.0,24.0,24.0,24.0,23.714285714285715,7.0,7.0,7.0,7.0,7.0,7.0,7.0,7.0,6.0,7.0,7.0,7.0,6.0,7.0,7.0,7.0,7.0,7.0,7.0,7.0,7.0,7.0,7.0,7.0,0.017454235845040442,0.0,0.0,0.004001702852277565,0.002213707960834398,0.0002554278416347382,0.0552575564069817,0.9207322264793529,8.514261387824607e-05,18,19816.573881788663,29.296010027156882,29.250052224775438,41.45393774806768,15.583872989346146,15.115939001462294,14.86526007938166,14.334656360977649,14.42239398370587,12.195529559222894,13.482348025903487,0.0,38.136620012533946,0.0,0.0,0.0,21.921871735951534,0.22561102987257156,0.0,0.0,0.0,15.111761019427616,24.60413620221433,0.30621476040735107,96.36345987405048,0.023925074499787143
2796,22,36167,12.731288601212572,10.0,16.0,13.0,9.0,12.0,20.0,20.0,14.285714285714286,7.0,7.0,7.0,7.0,7.0,7.0,6.0,3.0,4.0,3.0,2.0,3.0,2.0,0.0,1.0,1.0,0.0,2.0,4.0,4.0,5.0,6.0,6.0,6.0,0.0468915824163548,0.0,0.0,0.020722783890967995,0.009998324303189409,0.0004747807630006144,0.05496285538736525,0.8669217449589455,2.792828017650673e-05,18,1009.421238698682,34.992565441405304,25.668245789965077,39.33918876862962,13.629447767903455,14.969397282063696,13.824821051903594,14.260520764895052,14.015007434558594,15.052387703585879,14.248417995089731,9.294927210484456,10.200905978768283,10.752446488467788,1.3658840208859226,2.8337771015595283,13.131505238770359,8.983713129776271,5.947646875756423,6.997129914589024,9.471281856219095,10.0418410041841,10.978941180538747,0.6249072439823995,166.8849205939488,0.07808747137351282
2819,13,125100,22.105869449463256,24.0,24.0,24.0,24.0,24.0,24.0,24.0,24.0,7.0,7.0,7.0,7.0,7.0,7.0,7.0,7.0,7.0,7.0,7.0,7.0,7.0,7.0,7.0,7.0,7.0,7.0,7.0,7.0,7.0,7.0,7.0,7.0,0.004108713029576339,0.0,0.0,0.0025019984012789767,0.0019184652278177458,1.598721023181455e-05,0.0037490007993605115,0.9876978417266187,7.993605115907275e-06,18,11821545.336269649,29.568332275324206,29.29702850578882,41.134639218886974,14.367008252471209,14.277833197303588,13.982346361960039,14.264230222786495,14.510595205707203,14.403282851183457,14.19470390858801,12.302379009098878,6.527160605785798,6.332940358513952,8.210906562679483,7.827756113781324,6.467458662071884,10.455397358000061,10.751639914150116,12.832139294459054,6.150811644146187,6.079773888334693,6.061636588978567,0.1463445695319567,96.03966606286811,0.008545163868904877
2856,12,17640,9.96361709770115,13.0,12.0,14.0,7.0,8.0,16.0,16.0,12.285714285714286,7.0,7.0,7.0,7.0,7.0,7.0,6.0,5.0,4.0,3.0,2.0,1.0,0.0,1.0,0.0,1.0,1.0,1.0,0.0,1.0,4.0,5.0,4.0,5.0,0.04038405586267094,0.0,0.0,0.009194064591213268,0.011172534186790806,0.00023276112889147513,0.0503345941227815,0.8886237998254292,5.819028222286878e-05,18,354806.7964814191,39.14941608760505,31.076508895114053,29.7740750172809,13.238985702332013,13.490013460908793,17.608323934951066,11.536362644159057,13.926583475824936,15.301779022810782,14.897951759013353,12.242150834940153,6.42485538618256,9.990177174664387,6.064685123876742,18.943500563902933,6.101065958453087,0.0,7.046967657438062,17.229963255357077,6.4757885545894425,3.201513442718376,6.279332047877179,0.7031987336986155,110.33744980106677,0.06098341576956648
2880,20,8711,11.704364364364366,9.0,6.0,9.0,11.0,7.0,13.0,8.0,9.0,7.0,7.0,7.0,7.0,7.0,5.0,1.0,2.0,1.0,0.0,0.0,0.0,1.0,0.0,0.0,0.0,0.0,0.0,2.0,2.0,2.0,2.0,4.0,6.0,0.09464390818128311,0.0012948793407886992,0.00011771630370806356,0.038022366097704534,0.02801648028251913,0.010005885815185403,0.20506180105944674,0.6227192466156563,0.00011771630370806356,18,687884.5602451827,29.62547547059397,29.56207939139764,40.812445138008385,14.025163366819468,14.459182678240515,14.316135114925713,13.877239182028026,14.472187002178224,14.815176046035305,14.034916609772749,0.0,13.747195942650931,14.160083227673201,0.0,10.200266588640723,13.807340940862836,7.066224519652785,0.0,0.0,13.555382164569718,14.260866738190447,13.202639877759356,3.293765204105348,324.7346738591529,0.17210123602118893
2883,1,24,9.435055555555557,3.0,0.0,2.0,0.0,6.0,2.0,2.0,2.142857142857143,1.0,1.0,0.0,0.0,0.0,1.0,1.0,2.0,0.0,0.0,0.0,0.0,0.0,0.0,1.0,1.0,2.0,0.0,1.0,0.0,1.0,1.0,0.0,2.0,0.0,0.0,0.0,0.0,0.0,0.0,0.5833333333333334,0.375,0.041666666666666664,18,0.10876744934507905,22.466216216216218,13.513513513513514,64.02027027027027,25.506756756756754,9.121621621621621,27.027027027027028,4.898648648648648,2.7027027027027026,20.60810810810811,10.135135135135135,0.0,0.0,0.0,0.0,0.0,0.0,100.0,0.0,0.0,0.0,0.0,0.0,0.04569152147208765,0.46250901774533754,0.0
2886,12,1474,3.907557523474178,12.0,15.0,15.0,10.0,14.0,16.0,11.0,13.285714285714286,2.0,2.0,2.0,1.0,2.0,1.0,0.0,4.0,7.0,6.0,6.0,6.0,5.0,3.0,4.0,4.0,5.0,6.0,6.0,6.0,6.0,3.0,3.0,3.0,0.04816824966078698,0.0,0.0,0.11804613297150611,0.057666214382632294,0.0006784260515603799,0.09633649932157395,0.6784260515603799,0.0006784260515603799,18,142.909319667338,40.94606542882405,34.71264367816092,24.34129089301503,16.224580017683465,13.961096374889479,16.198054818744474,13.757736516357205,11.87444739168877,15.579133510167992,12.404951370468611,21.246684350132625,0.0,0.0,15.59681697612732,0.0,0.05305039787798408,21.202475685234308,28.267020335985855,13.63395225464191,0.0,0.0,0.0,3.187521829345061,135.54513322404185,0.22455902306648576
2908,18,2384,1.6219452034428794,17.0,16.0,16.0,20.0,13.0,5.0,17.0,14.857142857142858,7.0,5.0,4.0,5.0,7.0,3.0,4.0,4.0,4.0,5.0,5.0,5.0,4.0,4.0,4.0,4.0,4.0,3.0,5.0,3.0,4.0,4.0,3.0,4.0,0.0549496644295302,0.006291946308724832,0.008389261744966443,0.017197986577181208,0.016778523489932886,0.008389261744966443,0.14429530201342283,0.7411912751677853,0.0025167785234899327,18,4227826.7445243085,30.737646313811208,29.415970420607522,39.84638326558127,14.232018466692542,14.201376830837741,14.875492819643332,13.798950013278041,14.526178170898618,14.21159070945601,14.154392989193717,0.0,13.145261781708987,15.100198149245195,12.804118235858885,15.008273241680795,0.0,0.0,0.0,0.0,14.00935591281433,14.503707637938431,15.429085040753376,14.471637647234635,7005.240207680327,0.11199664429530201
2924,6,88,0.0,4.0,0.0,0.0,7.0,5.0,0.0,0.0,2.2857142857142856,0.0,0.0,0.0,0.0,0.0,0.0,2.0,1.0,2.0,2.0,2.0,0.0,1.0,0.0,2.0,0.0,1.0,2.0,1.0,0.0,0.0,0.0,0.0,0.0,0.045454545454545456,0.0,0.0,0.03409090909090909,0.06818181818181818,0.0,0.125,0.7159090909090909,0.011363636363636364,18,76.69201089873705,33.52272727272727,54.82954545454546,11.647727272727272,18.46590909090909,36.64772727272727,0.0,0.0,22.443181818181817,1.9886363636363635,20.454545454545457,0.0,0.0,0.0,0.0,0.0,0.0,10.511363636363637,0.0,89.48863636363636,0.0,0.0,0.0,2.5436653158791667,44.850900210048714,0.14772727272727273
2924,6,88,0.0,4.0,0.0,0.0,7.0,5.0,0.0,0.0,2.2857142857142856,0.0,0.0,0.0,0.0,0.0,0.0,2.0,1.0,2.0,2.0,2.0,0.0,1.0,0.0,2.0,0.0,1.0,2.0,1.0,0.0,0.0,0.0,0.0,0.0,0.045454545454545456,0.0,0.0,0.03409090909090909,0.06818181818181818,0.0,0.125,0.7159090909090909,0.011363636363636364,18,76.69201089873705,33.52272727272727,54.82954545454546,11.647727272727272,18.46590909090909,36.64772727272727,0.0,0.0,22.443181818181817,1.9886363636363635,20.454545454545457,0.0,0.0,0.0,0.0,0.0,0.0,10.511363636363637,0.0,89.48863636363636,0.0,0.0,0.0,2.5436653158791667,44.850900210048714,0.14772727272727273
3005,1,5,0.0,3.0,2.0,0.0,0.0,0.0,0.0,0.0,0.7142857142857143,0.0,0.0,0.0,0.0,0.0,0.0,0.0,1.0,1.0,1.0,0.0,0.0,1.0,1.0,0.0,0.0,0.0,0.0,0.0,0.0,0.0,0.0,0.0,0.0,0.0,0.0,0.0,0.0,0.0,0.0,0.8,0.0,0.2,18,0.01014720225571829,33.18385650224215,48.20627802690583,18.609865470852018,5.829596412556054,17.48878923766816,2.8026905829596416,7.73542600896861,39.91031390134529,18.385650224215247,7.847533632286996,47.309417040358746,0.0,0.0,0.0,0.0,0.0,0.0,0.0,13.901345291479823,0.0,0.0,38.789237668161434,0.011677162594167512,0.01843597089093652,0.0
3026,24,964,5.870820105820106,14.0,18.0,16.0,16.0,10.0,11.0,13.0,14.0,3.0,1.0,1.0,1.0,1.0,4.0,5.0,5.0,5.0,3.0,6.0,6.0,6.0,6.0,5.0,4.0,4.0,5.0,6.0,4.0,5.0,5.0,4.0,3.0,0.06892067620286085,0.0,0.0,0.03901170351105332,0.044213263979193757,0.011703511053315995,0.16775032509752927,0.6671001300390117,0.0013003901170351106,18,265566.60254772706,30.58823529411765,28.359861591695502,41.05190311418685,14.034602076124566,14.477508650519031,15.529411764705884,10.93425605536332,13.37024221453287,15.889273356401384,15.764705882352942,0.0,0.0,0.0,0.0,0.0,0.0,23.847750865051903,0.0,76.15224913494811,0.0,0.0,0.0,3.6088408996740857,161.59029512358734,0.16384915474642392
3032,3,63,0.0,0.0,7.0,3.0,5.0,5.0,0.0,0.0,2.857142857142857,0.0,0.0,0.0,0.0,0.0,0.0,0.0,1.0,3.0,2.0,3.0,4.0,2.0,1.0,1.0,0.0,1.0,1.0,1.0,0.0,0.0,0.0,0.0,0.0,0.031746031746031744,0.0,0.0,0.0,0.0,0.015873015873015872,0.23809523809523808,0.6984126984126984,0.015873015873015872,18,5.374433579558142,39.7459165154265,44.64609800362977,15.60798548094374,9.618874773139746,10.163339382940109,4.3557168784029034,11.978221415607985,23.593466424682397,23.593466424682397,16.696914700544465,0.0,0.0,0.0,0.0,0.0,0.0,0.0,0.0,0.0,24.137931034482758,75.86206896551724,0.0,1.71230590904559,97.71014981845155,0.047619047619047616
3032,3,63,0.0,0.0,7.0,3.0,5.0,5.0,0.0,0.0,2.857142857142857,0.0,0.0,0.0,0.0,0.0,0.0,0.0,1.0,3.0,2.0,3.0,4.0,2.0,1.0,1.0,0.0,1.0,1.0,1.0,0.0,0.0,0.0,0.0,0.0,0.031746031746031744,0.0,0.0,0.0,0.0,0.015873015873015872,0.23809523809523808,0.6984126984126984,0.015873015873015872,18,5.374433579558142,39.7459165154265,44.64609800362977,15.60798548094374,9.618874773139746,10.163339382940109,4.3557168784029034,11.978221415607985,23.593466424682397,23.593466424682397,16.696914700544465,0.0,0.0,0.0,0.0,0.0,0.0,0.0,0.0,0.0,24.137931034482758,75.86206896551724,0.0,1.71230590904559,97.71014981845155,0.047619047619047616
3032,3,63,0.0,0.0,7.0,3.0,5.0,5.0,0.0,0.0,2.857142857142857,0.0,0.0,0.0,0.0,0.0,0.0,0.0,1.0,3.0,2.0,3.0,4.0,2.0,1.0,1.0,0.0,1.0,1.0,1.0,0.0,0.0,0.0,0.0,0.0,0.031746031746031744,0.0,0.0,0.0,0.0,0.015873015873015872,0.23809523809523808,0.6984126984126984,0.015873015873015872,18,5.374433579558142,39.7459165154265,44.64609800362977,15.60798548094374,9.618874773139746,10.163339382940109,4.3557168784029034,11.978221415607985,23.593466424682397,23.593466424682397,16.696914700544465,0.0,0.0,0.0,0.0,0.0,0.0,0.0,0.0,0.0,24.137931034482758,75.86206896551724,0.0,1.71230590904559,97.71014981845155,0.047619047619047616
3049,2,29,0.0,0.0,0.0,0.0,0.0,4.0,0.0,2.0,0.8571428571428571,0.0,0.0,0.0,0.0,1.0,0.0,1.0,0.0,1.0,1.0,0.0,0.0,0.0,0.0,0.0,0.0,0.0,0.0,0.0,0.0,1.0,1.0,0.0,0.0,0.0,0.0,0.0,0.0,0.0,0.034482758620689655,0.10344827586206896,0.8275862068965517,0.034482758620689655,18,200214.34735381376,24.32950191570881,31.60919540229885,44.06130268199234,36.7816091954023,10.344827586206897,0.38314176245210724,5.172413793103448,3.8314176245210727,40.03831417624521,3.4482758620689653,0.0,0.0,39.84674329501915,0.0,23.946360153256705,0.0,0.0,0.0,0.0,35.63218390804598,0.5747126436781609,0.0,3.171279144807408,85.87230540915921,0.034482758620689655
3049,2,29,0.0,0.0,0.0,0.0,0.0,4.0,0.0,2.0,0.8571428571428571,0.0,0.0,0.0,0.0,1.0,0.0,1.0,0.0,1.0,1.0,0.0,0.0,0.0,0.0,0.0,0.0,0.0,0.0,0.0,0.0,1.0,1.0,0.0,0.0,0.0,0.0,0.0,0.0,0.0,0.034482758620689655,0.10344827586206896,0.8275862068965517,0.034482758620689655,18,200214.34735381376,24.32950191570881,31.60919540229885,44.06130268199234,36.7816091954023,10.344827586206897,0.38314176245210724,5.172413793103448,3.8314176245210727,40.03831417624521,3.4482758620689653,0.0,0.0,39.84674329501915,0.0,23.946360153256705,0.0,0.0,0.0,0.0,35.63218390804598,0.5747126436781609,0.0,3.171279144807408,85.87230540915921,0.034482758620689655
3082,12,11910,11.000111111111112,21.0,24.0,18.0,20.0,9.0,22.0,16.0,18.571428571428573,7.0,7.0,7.0,7.0,7.0,7.0,7.0,6.0,6.0,4.0,3.0,2.0,5.0,5.0,6.0,7.0,5.0,4.0,4.0,5.0,5.0,5.0,5.0,4.0,0.03380255602889424,0.0,0.0,0.0066679014632339325,0.0024078533061678087,0.0,0.03676606779033154,0.9202630116688275,9.260974254491573e-05,18,345.7657466063991,29.95366435445398,29.978340142022862,40.06799550352315,15.334631096975846,14.82740657472651,14.843857099772434,14.358566610917665,12.820442519123734,13.324925287198749,14.490170811285061,5.859128670523401,17.2072491980369,9.969018177830176,18.188797192443726,19.077125544923643,16.088613494914046,6.311518109286321,0.0,4.644531571299317,0.0,0.0,2.654018040742467,0.24746856074335086,77.58475304887041,0.04287831079829598
3084,13,3394,6.547829566854991,15.0,14.0,17.0,14.0,15.0,16.0,18.0,15.571428571428571,7.0,7.0,7.0,7.0,6.0,7.0,2.0,0.0,0.0,2.0,2.0,5.0,5.0,6.0,4.0,4.0,3.0,6.0,4.0,5.0,3.0,6.0,6.0,5.0,0.042395493625852355,0.0,0.0,0.06403794841387489,0.007708271568336793,0.0,0.051289653127779423,0.834272161280759,0.0002964719833975689,18,43928299.80986718,29.10817506193229,30.565058393299516,40.3267665447682,13.583815028901732,14.568833313672288,13.507136958829774,13.52483189807715,15.01710510793913,14.250324407219535,15.547953285360386,0.0,30.91305886516456,0.0,0.0,0.0,0.0,0.0,0.0,14.999410168691755,0.0,3.5684794148873418,50.51905155125635,0.934463442623358,50.20639043836925,0.11414171360806404
3085,17,1222,5.255415217864924,8.0,11.0,15.0,17.0,22.0,16.0,13.0,14.571428571428571,5.0,3.0,5.0,3.0,3.0,5.0,2.0,4.0,7.0,6.0,6.0,6.0,4.0,4.0,3.0,5.0,5.0,4.0,4.0,4.0,2.0,3.0,4.0,5.0,0.054009819967266774,0.007364975450081833,0.004909983633387889,0.027004909983633387,0.02127659574468085,0.006546644844517185,0.1783960720130933,0.6996726677577741,0.0008183306055646482,18,118147.33692207484,33.18884723523899,29.803186504217432,37.007966260543576,14.702436738519213,13.62464854732896,11.62136832239925,11.914245548266166,16.119962511715087,14.690721649484537,17.326616682286787,0.0,0.0,55.060918462980325,0.0,37.25398313027179,0.0,0.0,0.0,0.0,7.6850984067478905,0.0,0.0,6.669503009676582,856.3377510611505,0.12111292962356793
3086,10,3832,2.219324324324324,17.0,20.0,22.0,14.0,18.0,8.0,9.0,15.428571428571429,3.0,3.0,3.0,3.0,2.0,3.0,5.0,5.0,4.0,7.0,6.0,5.0,5.0,5.0,4.0,6.0,5.0,7.0,5.0,5.0,5.0,5.0,4.0,3.0,0.051431344007763224,0.0,0.0,0.008733624454148471,0.012615235322658904,0.0024260067928190197,0.053372149442018436,0.8709364386220282,0.00048520135856380397,18,370.8191776470796,30.92721091603409,29.17850323662274,39.89428584734318,15.63591486983654,13.610115028174919,13.007032086806689,14.42974898710008,16.585945140408885,13.370278954966702,13.36096493270619,0.0,10.024216457877335,17.063288781260187,0.0,0.0,0.0,0.0,0.0,0.0,25.899967400922087,22.134773902109625,24.877753457830764,0.9794580208798108,194.49560706280332,0.07520621057738962
3106,11,6036,13.370391812865497,16.0,18.0,21.0,17.0,19.0,13.0,17.0,17.285714285714285,7.0,7.0,7.0,6.0,7.0,7.0,7.0,7.0,5.0,6.0,6.0,2.0,2.0,3.0,4.0,3.0,4.0,4.0,5.0,3.0,4.0,4.0,6.0,5.0,0.08139920424403183,0.0,0.0,0.015915119363395226,0.0021551724137931034,0.0003315649867374005,0.21982758620689655,0.6802055702917772,0.00016578249336870026,18,1932.3517572058117,29.793752157404214,29.252243700379704,40.954004142216085,14.107266137383501,14.370469451156367,13.718933379357956,14.06411805315844,14.109423541594754,14.745857783914392,14.883931653434587,0.0,18.45227821884708,0.0,0.0,0.0,18.519157749395927,16.437262685536762,0.0,8.467811529168106,8.41387642388678,15.5721435968243,14.137469796341042,0.5403248387349813,108.04441674508718,0.09980106100795756
3115,16,8606,7.5775748910675365,12.0,7.0,11.0,12.0,3.0,10.0,13.0,9.714285714285714,6.0,5.0,5.0,5.0,6.0,7.0,7.0,5.0,2.0,2.0,1.0,0.0,2.0,2.0,0.0,1.0,1.0,0.0,0.0,0.0,0.0,1.0,5.0,5.0,0.04074505238649592,0.0008149010477299185,0.0009313154831199069,0.023981373690337603,0.027008149010477298,0.007217694994179278,0.12665890570430732,0.7724097788125728,0.00023282887077997672,18,2829962.7640108042,29.521953332250554,29.31081154241784,41.1672351253316,14.027394293757784,14.395538952953277,14.215075884720191,14.034612816487105,14.045440600581092,14.787143811019074,14.494793640481477,2.3947449154530527,15.920451879522856,0.3320520455488784,0.0,0.0,15.961958385216466,15.350188583906304,0.0,16.108133470485264,3.8871744897406746,14.52727699276343,15.518019237363074,2.9900264687574407,1266.1078544954125,0.10069848661233993
3123,6,7900,16.77576767676768,18.0,24.0,15.0,24.0,19.0,23.0,18.0,20.142857142857142,7.0,7.0,7.0,7.0,7.0,7.0,7.0,7.0,7.0,5.0,4.0,5.0,5.0,5.0,2.0,3.0,5.0,6.0,5.0,7.0,6.0,6.0,7.0,7.0,0.015316455696202531,0.0,0.0,0.003291139240506329,0.008987341772151899,0.00025316455696202533,0.033417721518987344,0.9386075949367089,0.00012658227848101267,18,48888.407672669484,30.602957906712174,30.72484966682919,38.67219242645864,13.505607020965382,13.643751015764668,14.220705346985211,15.366487892085162,15.618397529660328,12.018527547537786,15.626523647001465,0.0,37.770193401592714,0.0,0.0,0.0,0.0,0.0,0.0,0.0,0.0,14.01755241345685,48.21225418495043,0.5463189394227065,97.72592926808618,0.027848101265822784
3123,6,7900,16.77576767676768,18.0,24.0,15.0,24.0,19.0,23.0,18.0,20.142857142857142,7.0,7.0,7.0,7.0,7.0,7.0,7.0,7.0,7.0,5.0,4.0,5.0,5.0,5.0,2.0,3.0,5.0,6.0,5.0,7.0,6.0,6.0,7.0,7.0,0.015316455696202531,0.0,0.0,0.003291139240506329,0.008987341772151899,0.00025316455696202533,0.033417721518987344,0.9386075949367089,0.00012658227848101267,18,48888.407672669484,30.602957906712174,30.72484966682919,38.67219242645864,13.505607020965382,13.643751015764668,14.220705346985211,15.366487892085162,15.618397529660328,12.018527547537786,15.626523647001465,0.0,37.770193401592714,0.0,0.0,0.0,0.0,0.0,0.0,0.0,0.0,14.01755241345685,48.21225418495043,0.5463189394227065,97.72592926808618,0.027848101265822784
3141,3,461,4.47362292145594,20.0,20.0,23.0,19.0,21.0,24.0,21.0,21.142857142857142,7.0,7.0,7.0,7.0,7.0,6.0,7.0,7.0,6.0,4.0,6.0,4.0,7.0,7.0,5.0,5.0,5.0,4.0,6.0,6.0,7.0,7.0,7.0,7.0,0.004889975550122249,0.0,0.0,0.0024449877750611247,0.004889975550122249,0.0,0.7334963325183375,0.25183374083129584,0.0024449877750611247,18,401464.31608369615,33.13856427378965,30.217028380634392,36.64440734557596,13.02170283806344,13.35559265442404,19.69949916527546,12.020033388981636,12.353923205342237,12.93823038397329,16.6110183639399,15.191986644407345,2.4207011686143574,2.8380634390651087,13.439065108514189,16.193656093489146,3.589315525876461,2.0868113522537564,23.205342237061767,9.68280467445743,6.67779632721202,2.0868113522537564,2.5876460767946576,0.25878437597922405,31.73124729909617,0.012224938875305624
3141,3,461,4.47362292145594,20.0,20.0,23.0,19.0,21.0,24.0,21.0,21.142857142857142,7.0,7.0,7.0,7.0,7.0,6.0,7.0,7.0,6.0,4.0,6.0,4.0,7.0,7.0,5.0,5.0,5.0,4.0,6.0,6.0,7.0,7.0,7.0,7.0,0.004889975550122249,0.0,0.0,0.0024449877750611247,0.004889975550122249,0.0,0.7334963325183375,0.25183374083129584,0.0024449877750611247,18,401464.31608369615,33.13856427378965,30.217028380634392,36.64440734557596,13.02170283806344,13.35559265442404,19.69949916527546,12.020033388981636,12.353923205342237,12.93823038397329,16.6110183639399,15.191986644407345,2.4207011686143574,2.8380634390651087,13.439065108514189,16.193656093489146,3.589315525876461,2.0868113522537564,23.205342237061767,9.68280467445743,6.67779632721202,2.0868113522537564,2.5876460767946576,0.25878437597922405,31.73124729909617,0.012224938875305624
3147,16,3309,2.9080843621399177,6.0,8.0,9.0,10.0,6.0,10.0,11.0,8.571428571428571,1.0,1.0,2.0,2.0,2.0,3.0,4.0,4.0,2.0,2.0,2.0,1.0,1.0,2.0,1.0,3.0,1.0,3.0,3.0,1.0,5.0,5.0,5.0,4.0,0.0643488868557487,0.008539188777066178,0.0036596523330283625,0.04940530649588289,0.058859408356206164,0.021957913998170174,0.11588899054589814,0.6758157974992376,0.0015248551387618177,18,950038.5428903443,39.17594884488449,46.99876237623762,13.825288778877887,14.598803630363037,17.362830033003302,10.117574257425744,11.081889438943895,15.465140264026402,17.244224422442244,14.12953795379538,0.0,15.222772277227723,2.2431930693069306,0.0,0.0,18.425123762376238,11.308787128712872,0.0,0.0,14.227516501650165,18.404496699669966,20.168110561056103,12.350060721992307,3070.075744457179,0.20677035681610248
3189,12,446,2.176048752834467,12.0,11.0,12.0,13.0,16.0,10.0,10.0,12.0,0.0,1.0,0.0,0.0,0.0,3.0,3.0,5.0,6.0,4.0,4.0,4.0,6.0,4.0,6.0,5.0,5.0,3.0,5.0,6.0,6.0,3.0,2.0,3.0,0.09417040358744394,0.004484304932735426,0.002242152466367713,0.006726457399103139,0.02466367713004484,0.011210762331838564,0.2219730941704036,0.6322869955156951,0.002242152466367713,18,94532.08393410277,41.688948306595364,31.77361853832442,26.537433155080215,14.193404634581105,15.675133689839571,13.313279857397504,13.413547237076648,13.302139037433156,16.633244206773618,13.469251336898397,2.6737967914438503,0.0,13.43582887700535,23.540552584670234,22.749554367201426,0.0,0.0,24.598930481283425,0.0,13.00133689839572,0.0,0.0,5.735200444346436,616.9268532632362,0.14349775784753363
3224,9,1765,14.690468936678611,21.0,24.0,23.0,19.0,21.0,23.0,24.0,22.142857142857142,7.0,7.0,7.0,7.0,7.0,7.0,7.0,7.0,7.0,6.0,7.0,7.0,7.0,6.0,7.0,7.0,6.0,6.0,4.0,5.0,5.0,6.0,6.0,7.0,0.0113314447592068,0.0005665722379603399,0.0011331444759206798,0.0084985835694051,0.035694050991501414,0.00396600566572238,0.3087818696883853,0.6294617563739376,0.0005665722379603399,18,59718.88870844915,21.844660194174757,30.660194174757283,47.495145631067956,14.375404530744337,14.893203883495145,13.592233009708737,13.203883495145632,13.359223300970873,15.818770226537218,14.757281553398057,0.0,0.0,34.692556634304204,0.0,16.20064724919094,0.0,0.0,0.0,0.0,31.592233009708735,17.514563106796118,0.0,2.7484126755305893,661.5605953240819,0.06118980169971672
3224,9,1765,14.690468936678611,21.0,24.0,23.0,19.0,21.0,23.0,24.0,22.142857142857142,7.0,7.0,7.0,7.0,7.0,7.0,7.0,7.0,7.0,6.0,7.0,7.0,7.0,6.0,7.0,7.0,6.0,6.0,4.0,5.0,5.0,6.0,6.0,7.0,0.0113314447592068,0.0005665722379603399,0.0011331444759206798,0.0084985835694051,0.035694050991501414,0.00396600566572238,0.3087818696883853,0.6294617563739376,0.0005665722379603399,18,59718.88870844915,21.844660194174757,30.660194174757283,47.495145631067956,14.375404530744337,14.893203883495145,13.592233009708737,13.203883495145632,13.359223300970873,15.818770226537218,14.757281553398057,0.0,0.0,34.692556634304204,0.0,16.20064724919094,0.0,0.0,0.0,0.0,31.592233009708735,17.514563106796118,0.0,2.7484126755305893,661.5605953240819,0.06118980169971672
3268,7,41695,15.726464070027173,24.0,24.0,24.0,24.0,24.0,20.0,23.0,23.285714285714285,7.0,7.0,7.0,7.0,7.0,7.0,7.0,7.0,7.0,7.0,7.0,7.0,6.0,6.0,6.0,5.0,7.0,7.0,7.0,7.0,7.0,7.0,7.0,7.0,0.0032145855823437685,0.0,0.0,0.004030226700251889,0.0007196833393306944,4.797888928871297e-05,0.011562912318579826,0.9804006237255608,2.3989444644356484e-05,18,30654694.37572371,30.28321957273291,29.312560943178795,40.40421948408829,12.871199361758709,13.365393138906127,15.111692225866502,14.938835209644536,13.824129066572114,14.719439765978192,15.169311231273824,2.9540820849215494,18.014803652158495,4.78237744880773,3.889282864994238,0.6027834411842922,12.443489052388973,12.177555181278256,3.720858079957451,3.49703040510593,1.5424164524421593,17.983778033862247,18.39154330289868,0.1486675130976016,337.7520299579408,0.008012474511215065
3268,7,41695,15.726464070027173,24.0,24.0,24.0,24.0,24.0,20.0,23.0,23.285714285714285,7.0,7.0,7.0,7.0,7.0,7.0,7.0,7.0,7.0,7.0,7.0,7.0,6.0,6.0,6.0,5.0,7.0,7.0,7.0,7.0,7.0,7.0,7.0,7.0,0.0032145855823437685,0.0,0.0,0.004030226700251889,0.0007196833393306944,4.797888928871297e-05,0.011562912318579826,0.9804006237255608,2.3989444644356484e-05,18,30654694.37572371,30.28321957273291,29.312560943178795,40.40421948408829,12.871199361758709,13.365393138906127,15.111692225866502,14.938835209644536,13.824129066572114,14.719439765978192,15.169311231273824,2.9540820849215494,18.014803652158495,4.78237744880773,3.889282864994238,0.6027834411842922,12.443489052388973,12.177555181278256,3.720858079957451,3.49703040510593,1.5424164524421593,17.983778033862247,18.39154330289868,0.1486675130976016,337.7520299579408,0.008012474511215065
3309,17,8477,2.7643627015093126,10.0,10.0,11.0,7.0,10.0,12.0,11.0,10.142857142857142,6.0,7.0,7.0,5.0,6.0,7.0,4.0,3.0,4.0,1.0,0.0,0.0,0.0,0.0,1.0,0.0,0.0,1.0,0.0,2.0,4.0,4.0,5.0,4.0,0.082573154839474,0.0011846937566639024,0.0003554081269991707,0.022390712000947756,0.01492714133396517,0.0055680606563203415,0.11290131501006989,0.7599810448998934,0.00011846937566639024,18,321481.26067316247,30.805884623981466,30.676853676873993,38.517261699144534,14.668888301871458,13.915022453416782,14.117204803608802,13.70369617783919,14.3955865320139,14.424034299880113,14.77556743136976,3.3222928900900164,12.581025338833236,12.839087233048177,2.5582671245402637,8.997622579399753,7.023550687826387,6.411923678702782,3.6342023449088656,6.138621908845224,15.362810639465183,10.474874525023877,10.655721049316238,2.2664685741787416,961.424376394629,0.12699917071437034
3329,30,8943,15.13505991285403,15.0,13.0,20.0,14.0,15.0,13.0,13.0,14.714285714285714,7.0,7.0,7.0,7.0,7.0,7.0,7.0,7.0,3.0,3.0,4.0,0.0,2.0,2.0,2.0,2.0,2.0,1.0,3.0,4.0,4.0,5.0,5.0,5.0,0.06224627875507442,0.0,0.0006150818058801821,0.007380981670562185,0.007134948948210112,0.0003690490835281092,0.023865174068151064,0.8972813384180096,0.0011071472505843278,18,2525419.7214953494,32.13647731332619,26.661307609860664,41.20221507681315,16.121829224723115,11.271882815291177,11.736334405144696,11.879242586638085,15.978921043229724,13.942479456948911,19.069310468024295,0.0,3.0010718113612005,0.0,0.0,0.0,50.04465880671668,46.73990710968203,0.0,0.21436227224008575,0.0,0.0,0.0,17.490547567813966,60097.17452970481,0.07774634026325501
3331,2,100,1.2072222222222222,0.0,0.0,4.0,3.0,6.0,0.0,2.0,2.142857142857143,1.0,1.0,1.0,1.0,1.0,0.0,0.0,0.0,1.0,1.0,1.0,0.0,0.0,0.0,0.0,0.0,0.0,0.0,1.0,1.0,0.0,2.0,1.0,2.0,0.02,0.0,0.0,0.0,0.0,0.0,0.06,0.91,0.01,18,15.989585118335455,27.95539033457249,9.913258983890955,62.13135068153656,14.002478314745973,15.836431226765798,13.035935563816606,11.672862453531598,15.241635687732341,16.257744733581163,13.952912019826519,0.0,16.57992565055762,13.85377942998761,0.0,0.0,0.0,0.0,0.0,0.0,35.613382899628256,31.17719950433705,2.775712515489467,0.04450661204727067,2.190101787138337,0.02
3331,2,100,1.2072222222222222,0.0,0.0,4.0,3.0,6.0,0.0,2.0,2.142857142857143,1.0,1.0,1.0,1.0,1.0,0.0,0.0,0.0,1.0,1.0,1.0,0.0,0.0,0.0,0.0,0.0,0.0,0.0,1.0,1.0,0.0,2.0,1.0,2.0,0.02,0.0,0.0,0.0,0.0,0.0,0.06,0.91,0.01,18,15.989585118335455,27.95539033457249,9.913258983890955,62.13135068153656,14.002478314745973,15.836431226765798,13.035935563816606,11.672862453531598,15.241635687732341,16.257744733581163,13.952912019826519,0.0,16.57992565055762,13.85377942998761,0.0,0.0,0.0,0.0,0.0,0.0,35.613382899628256,31.17719950433705,2.775712515489467,0.04450661204727067,2.190101787138337,0.02
3354,17,1963,4.7562467700258395,12.0,8.0,15.0,14.0,17.0,19.0,16.0,14.428571428571429,3.0,3.0,4.0,4.0,4.0,3.0,4.0,7.0,5.0,4.0,3.0,5.0,7.0,3.0,2.0,4.0,6.0,4.0,4.0,5.0,7.0,4.0,3.0,3.0,0.047885888945491596,0.003565970453387672,0.0010188487009679063,0.022414671421293938,0.056546102903718795,0.02598064187468161,0.04279164544065207,0.7992868059093224,0.0005094243504839531,18,15819.639959904427,27.117061021170606,46.98007471980075,25.90286425902864,18.89788293897883,13.013698630136986,9.059775840597759,6.911581569115816,15.909090909090908,20.703611457036114,15.504358655043587,0.0,20.983810709838107,0.0,0.0,0.0,21.606475716064757,6.662515566625156,0.0,0.0,0.18679950186799502,0.18679950186799502,50.37359900373599,7.289342657056805,315.78604260012315,0.15741212429954152
3363,8,9946,15.175403225806452,24.0,24.0,23.0,23.0,24.0,24.0,24.0,23.714285714285715,7.0,7.0,7.0,7.0,7.0,7.0,7.0,7.0,7.0,7.0,6.0,7.0,7.0,7.0,7.0,6.0,7.0,7.0,7.0,7.0,7.0,7.0,7.0,7.0,0.025687876182287187,0.0,0.0,0.0030094582975064487,0.0006448839208942391,0.00021496130696474635,0.01999140154772141,0.9503439380911436,0.00010748065348237318,18,210902.26183474745,30.649325810461892,29.67390264894329,39.67677154059482,15.386822224347327,17.28985368652577,9.811609448216506,12.58487137802429,15.635459500812853,15.358133307832075,13.933250454241177,0.0,0.506837525102802,4.217270727742182,0.0,0.0,44.563450320359564,25.313187338624843,0.0,0.3347040260112843,24.710720091804532,0.22951133212202354,0.12431863823276275,0.24780518692218553,98.46450412985145,0.029557179707652623
3371,6,309,3.2503225806451614,8.0,11.0,17.0,6.0,18.0,17.0,9.0,12.285714285714286,1.0,4.0,5.0,4.0,3.0,4.0,4.0,6.0,4.0,5.0,3.0,1.0,2.0,4.0,4.0,4.0,1.0,5.0,4.0,5.0,5.0,3.0,3.0,2.0,0.038834951456310676,0.0,0.0,0.006472491909385114,0.006472491909385114,0.003236245954692557,0.20711974110032363,0.7346278317152104,0.003236245954692557,18,114693.28107266226,32.85340314136126,19.56806282722513,47.57853403141361,17.081151832460733,11.878272251308902,11.485602094240837,13.678010471204189,17.146596858638745,14.430628272251308,14.29973821989529,0.0,30.20287958115183,0.0,9.162303664921465,0.0,11.780104712041885,17.93193717277487,30.07198952879581,0.7198952879581152,0.0,0.0,0.13089005235602094,0.8992686111841924,125.9193287051785,0.05501618122977346
3449,3,48,0.0,0.0,0.0,0.0,0.0,0.0,11.0,0.0,1.5714285714285714,0.0,0.0,0.0,0.0,0.0,0.0,0.0,0.0,0.0,1.0,1.0,1.0,1.0,1.0,1.0,1.0,1.0,1.0,0.0,1.0,0.0,0.0,1.0,0.0,0.0,0.0,0.0,0.020833333333333332,0.0,0.0,0.041666666666666664,0.9166666666666666,0.020833333333333332,18,5.363040352874387,18.69158878504673,33.41121495327103,47.89719626168225,14.018691588785046,0.0,50.467289719626166,35.51401869158878,0.0,0.0,0.0,0.0,0.0,0.0,0.0,0.0,0.0,0.0,0.0,0.0,0.0,100.0,0.0,0.1751447008374281,8.1427445807967,0.020833333333333332
3449,3,48,0.0,0.0,0.0,0.0,0.0,0.0,11.0,0.0,1.5714285714285714,0.0,0.0,0.0,0.0,0.0,0.0,0.0,0.0,0.0,1.0,1.0,1.0,1.0,1.0,1.0,1.0,1.0,1.0,0.0,1.0,0.0,0.0,1.0,0.0,0.0,0.0,0.0,0.020833333333333332,0.0,0.0,0.041666666666666664,0.9166666666666666,0.020833333333333332,18,5.363040352874387,18.69158878504673,33.41121495327103,47.89719626168225,14.018691588785046,0.0,50.467289719626166,35.51401869158878,0.0,0.0,0.0,0.0,0.0,0.0,0.0,0.0,0.0,0.0,0.0,0.0,0.0,100.0,0.0,0.1751447008374281,8.1427445807967,0.020833333333333332
3450,22,2948,4.64787037037037,15.0,19.0,17.0,20.0,16.0,17.0,18.0,17.428571428571427,7.0,7.0,7.0,7.0,7.0,7.0,7.0,7.0,6.0,3.0,2.0,2.0,2.0,1.0,2.0,3.0,3.0,5.0,5.0,5.0,6.0,7.0,7.0,7.0,0.02596053997923157,0.00761509172724126,0.0020768431983385254,0.004499826929733472,0.037037037037037035,0.04430598823122188,0.05053651782623745,0.8269297334717896,0.0010384215991692627,18,41812267.32671013,29.932396001824895,29.447140309402347,40.62046368877276,13.732321347102982,14.690390278296213,12.707892663099829,15.013894073244577,16.20422213927253,12.774252415909752,14.877027083074115,0.0,0.0,36.42320932354527,0.0,0.767284641864709,0.0,0.0,0.0,0.0,26.27846211272863,24.55725602422131,11.973787897640081,22.62862711732021,33944.61736071626,0.12149532710280374
3451,28,9317,12.80552221290082,21.0,22.0,21.0,23.0,23.0,24.0,24.0,22.571428571428573,7.0,7.0,7.0,7.0,7.0,7.0,7.0,6.0,7.0,6.0,7.0,7.0,6.0,7.0,5.0,6.0,6.0,4.0,7.0,7.0,7.0,7.0,7.0,7.0,0.015982884470173674,0.0006292474200855776,0.0003775484520513466,0.006040775232821546,0.012207399949660207,0.002894538132393657,0.10709791089856531,0.8546438459602316,0.00012584948401711554,18,897190.2848268533,28.01441471641979,29.422363762073374,42.56322152150684,13.446751450899871,15.342873305537513,16.765488487083324,15.868759035387292,12.231557334115527,12.966959290997087,13.377611095979383,18.074964906031973,1.7180330616606256,1.7222233862012615,10.138490226068008,0.0,1.5944184877118732,10.50514362337363,14.565568103249596,23.021643026252384,3.2286450585597857,12.466215508391125,2.964654612499738,1.2809639449519767,487.88439885207396,0.03813239365718601
3464,7,73,0.0,0.0,0.0,8.0,10.0,11.0,0.0,0.0,4.142857142857143,0.0,0.0,0.0,0.0,0.0,0.0,1.0,3.0,3.0,3.0,1.0,3.0,3.0,2.0,3.0,1.0,2.0,1.0,0.0,2.0,1.0,0.0,0.0,0.0,0.0684931506849315,0.0,0.0,0.0547945205479452,0.0821917808219178,0.0,0.2328767123287671,0.547945205479452,0.0136986301369863,18,1362.8727509558576,47.023809523809526,29.464285714285715,23.511904761904763,44.345238095238095,0.0,0.0,0.0,30.952380952380953,0.0,24.702380952380953,0.0,0.0,0.0,100.0,0.0,0.0,0.0,0.0,0.0,0.0,0.0,0.0,3.7119677157032123,67.3958848707041,0.2054794520547945
3469,47,42979,5.556062636574074,6.0,5.0,5.0,7.0,5.0,6.0,8.0,6.0,7.0,7.0,7.0,7.0,6.0,4.0,2.0,0.0,0.0,0.0,0.0,0.0,0.0,0.0,0.0,0.0,0.0,0.0,0.0,0.0,0.0,1.0,1.0,0.0,0.08758436074350563,0.006861968857218264,0.0013196093956188968,0.02707084417298194,0.03513931304905177,0.017645062775704105,0.09305131395392678,0.7303472457866758,0.0009802812653168947,18,2910374.3756198185,40.005246360337516,39.41852839592533,20.576225243737156,12.766143487955231,14.898788965155424,13.716609102435184,14.073361605386264,14.17828881213658,15.45577755432169,14.911030472609626,4.348358326411052,10.029292178551131,10.951777204564333,3.278100817557819,11.196607353648407,8.201809994316443,8.520089188125738,4.115769684781183,4.730468237660123,12.886809775718094,11.966947929873651,9.773969308792026,9.529822789587579,6084.044111643079,0.17562115899408062
3495,18,5607,3.543112768778893,9.0,7.0,6.0,8.0,9.0,6.0,10.0,7.857142857142857,5.0,6.0,5.0,5.0,4.0,5.0,5.0,3.0,4.0,2.0,3.0,1.0,0.0,0.0,0.0,0.0,0.0,0.0,0.0,0.0,0.0,1.0,2.0,4.0,0.09683866279069768,0.0061773255813953485,0.00872093023255814,0.08157703488372094,0.15988372093023256,0.031795058139534885,0.3246729651162791,0.2747093023255814,0.015625,18,4024607.960397744,42.87415919282511,47.442544843049326,9.68329596412556,17.061378923766814,12.927410313901344,13.950392376681615,12.647141255605382,14.616031390134529,16.227578475336323,12.570067264573993,6.40414798206278,13.018497757847532,10.047645739910314,4.876681614349776,6.2640134529147975,13.21468609865471,8.253923766816143,4.014854260089686,3.7976457399103136,7.42713004484305,7.959641255605381,14.721132286995516,62.939431510678894,17217.664636177833,0.38499273255813954
3525,9,45306,19.464709247938515,24.0,24.0,24.0,24.0,24.0,24.0,24.0,24.0,7.0,7.0,7.0,7.0,7.0,7.0,7.0,7.0,7.0,7.0,7.0,7.0,7.0,7.0,7.0,7.0,7.0,7.0,7.0,7.0,7.0,7.0,7.0,7.0,0.004034000864428756,0.0,0.0,0.0005762858377755367,0.001008500216107189,0.00012005954953657014,0.00470633434183355,0.9895308072804111,2.4011909907314027e-05,18,10569247.748988898,29.765541067177857,27.991826588864782,42.24263234395737,13.642013018474437,14.686861452255062,13.863200690948158,15.127130247940848,13.947462661414336,14.26344505066251,14.46988687830465,17.82561985212024,16.296265088159085,0.0,0.2485728128752291,0.0,15.666406858924395,14.676328705946789,16.544837901034313,17.248425354426914,0.0,0.0,1.493543426513029,0.1609250396949889,122.41312515429252,0.0057388464678480525
3533,16,994,8.329113834688345,14.0,16.0,16.0,24.0,17.0,16.0,18.0,17.285714285714285,7.0,5.0,4.0,5.0,5.0,4.0,5.0,7.0,7.0,6.0,5.0,4.0,6.0,5.0,4.0,7.0,4.0,4.0,6.0,6.0,4.0,4.0,4.0,3.0,0.013874066168623266,0.0021344717182497333,0.0021344717182497333,0.013874066168623266,0.021344717182497332,0.0032017075773745998,0.12700106723585913,0.8153681963713981,0.0010672358591248667,18,33923.20108780195,29.780974174566854,33.34423014056881,36.87479568486434,23.471722785223932,8.074534161490684,15.495259888852567,12.749264465511606,25.62929061784897,5.720823798627003,8.859104282445243,2.680614579928081,0.0,60.28113762667539,14.743380189604446,6.7669172932330826,0.0,0.0,2.844066688460281,0.0,12.683883622098724,0.0,0.0,2.777487058983242,452.5749668672788,0.05656350053361793
3539,26,52430,16.548460526315786,18.0,15.0,14.0,17.0,16.0,17.0,18.0,16.428571428571427,7.0,7.0,7.0,7.0,7.0,7.0,7.0,7.0,7.0,6.0,4.0,1.0,0.0,1.0,2.0,1.0,0.0,0.0,2.0,7.0,7.0,7.0,7.0,7.0,0.022106420225542482,0.0,0.0,0.008549444286121402,0.017180311851158245,0.0004071163945772096,0.030248748117086676,0.9214672474860562,4.071163945772096e-05,18,5852.221567830041,33.68988411108202,34.70004521333556,31.61007067558242,11.849463389096448,18.395878447516836,14.0375508650025,13.619922423434785,13.449777502796087,14.878756871237181,13.768650500916166,22.988601480141828,10.623944030649882,0.0,0.0,0.0,10.015943649906003,12.282559550722222,0.7829045998619802,23.381243604692667,0.0,7.088975085072461,12.835827998952954,0.9074263868479202,192.88227183025924,0.04824329275739934
3544,27,23496,17.794946895424832,10.0,14.0,17.0,13.0,13.0,12.0,12.0,13.0,7.0,7.0,7.0,7.0,7.0,7.0,7.0,7.0,2.0,2.0,2.0,0.0,0.0,3.0,2.0,1.0,1.0,0.0,0.0,3.0,4.0,5.0,4.0,6.0,0.04673357827762344,0.0,0.0,0.014920691818263285,0.021104041580786808,0.00031364817635988885,0.01572721570033157,0.9011560175642979,4.4806882337126984e-05,18,11556037.050353175,29.577424682499004,29.63152799134347,40.791047326157525,18.70550714733185,14.340224386354574,12.455151204510507,13.101543368073354,14.058317671849194,14.061165214419955,13.278091007460564,0.0,0.0,19.189589384361298,17.244717808531238,24.283843043453498,0.0,0.0,0.0,0.0,17.714562332706873,21.567287430947093,0.0,1.2032829688982492,907.1485986308643,0.08307195985303342
3564,4,345,1.0900769729344728,8.0,9.0,8.0,12.0,11.0,11.0,12.0,10.142857142857142,2.0,2.0,1.0,1.0,0.0,2.0,3.0,4.0,6.0,6.0,5.0,6.0,4.0,4.0,4.0,3.0,1.0,1.0,2.0,2.0,4.0,3.0,4.0,1.0,0.02373887240356083,0.0,0.0,0.008902077151335312,0.011869436201780416,0.0,0.19584569732937684,0.7566765578635015,0.002967359050445104,18,94594.7552581207,21.99150542708825,44.83246814535158,33.17602642756017,13.119395941481832,16.375648890986312,11.65644171779141,11.090136857008023,17.46106654082114,16.941953751769702,13.355356300141578,18.87682869277961,0.0,24.162340726757904,0.0,7.597923548843795,0.0,0.14157621519584712,3.3978291647003305,4.058518168947617,30.20292590844738,11.562057574327513,0.0,0.8744897224632906,54.17296798610325,0.04451038575667656
3564,4,345,1.0900769729344728,8.0,9.0,8.0,12.0,11.0,11.0,12.0,10.142857142857142,2.0,2.0,1.0,1.0,0.0,2.0,3.0,4.0,6.0,6.0,5.0,6.0,4.0,4.0,4.0,3.0,1.0,1.0,2.0,2.0,4.0,3.0,4.0,1.0,0.02373887240356083,0.0,0.0,0.008902077151335312,0.011869436201780416,0.0,0.19584569732937684,0.7566765578635015,0.002967359050445104,18,94594.7552581207,21.99150542708825,44.83246814535158,33.17602642756017,13.119395941481832,16.375648890986312,11.65644171779141,11.090136857008023,17.46106654082114,16.941953751769702,13.355356300141578,18.87682869277961,0.0,24.162340726757904,0.0,7.597923548843795,0.0,0.14157621519584712,3.3978291647003305,4.058518168947617,30.20292590844738,11.562057574327513,0.0,0.8744897224632906,54.17296798610325,0.04451038575667656
3598,1,6,0.0,1.0,0.0,0.0,0.0,0.0,0.0,1.0,0.2857142857142857,0.0,0.0,0.0,0.0,0.0,0.0,0.0,0.0,0.0,0.0,0.0,0.0,1.0,0.0,0.0,0.0,0.0,1.0,0.0,0.0,0.0,0.0,0.0,0.0,0.0,0.0,0.0,0.0,0.0,0.0,0.16666666666666666,0.6666666666666666,0.16666666666666666,18,49.3815636146871,54.34426229508197,23.852459016393443,21.803278688524593,12.049180327868852,9.426229508196721,12.622950819672132,24.262295081967213,12.37704918032787,9.508196721311474,19.754098360655735,0.0,0.0,0.0,0.0,100.0,0.0,0.0,0.0,0.0,0.0,0.0,0.0,0.18231580572994183,0.4024118830088509,0.0
3609,9,2451,4.821077756734007,17.0,14.0,18.0,18.0,17.0,12.0,19.0,16.428571428571427,6.0,7.0,6.0,6.0,4.0,6.0,7.0,4.0,6.0,4.0,7.0,4.0,4.0,5.0,6.0,2.0,1.0,2.0,2.0,1.0,6.0,6.0,7.0,6.0,0.031415748674010605,0.0004079967360261118,0.0,0.014687882496940025,0.024071807425540596,0.002039983680130559,0.3153814769481844,0.6111791105671155,0.0008159934720522236,18,51642.71429330024,22.708803611738148,23.672819014739076,53.618377373522776,14.906386934006107,14.380560350551056,14.144203956977824,13.3873323595804,14.449608285752225,14.508033461691674,14.223874651440713,0.0,14.30088965608817,14.04859912362236,0.0,0.0,14.207940512548134,13.20674545213119,0.0,2.7937856858318946,13.939715841189749,14.30088965608817,13.201434072500332,2.0569962415238403,1157.6503763518035,0.0726234190126479
3616,9,492,10.35459265736111,0.0,6.0,16.0,16.0,15.0,20.0,16.0,12.714285714285714,3.0,2.0,2.0,2.0,1.0,2.0,3.0,5.0,5.0,5.0,4.0,4.0,4.0,4.0,4.0,4.0,6.0,5.0,6.0,4.0,4.0,4.0,3.0,3.0,0.022357723577235773,0.0,0.0,0.036585365853658534,0.08130081300813008,0.0,0.08536585365853659,0.7723577235772358,0.0020325203252032522,18,3348.0344913910835,31.015384615384615,32.184615384615384,36.8,25.6,0.0,11.753846153846153,11.138461538461538,28.307692307692307,5.846153846153846,17.353846153846153,0.0,0.0,0.0,0.0,100.0,0.0,0.0,0.0,0.0,0.0,0.0,0.0,2.9773530187215504,61.77341508929667,0.1402439024390244
3638,29,17809,8.129514455385364,16.0,12.0,9.0,14.0,10.0,14.0,14.0,12.714285714285714,7.0,7.0,7.0,7.0,7.0,7.0,6.0,7.0,5.0,4.0,3.0,2.0,1.0,1.0,1.0,2.0,1.0,0.0,0.0,0.0,1.0,3.0,5.0,5.0,0.045311091073038774,0.004283137962128043,0.0011834986474301172,0.016230838593327322,0.011158701532912534,0.009355275022542832,0.09687781785392245,0.8155432822362488,5.63570784490532e-05,18,1212332.107675531,29.915189889708248,30.912577377964816,39.17223273232694,14.843699728453213,14.636500521215398,13.621095710590325,13.29549695635947,14.161615381645495,14.793508616140945,14.64808308559515,8.984209103895603,8.486158835566195,10.017631236889182,2.276617376420473,8.004838938007541,9.03697411940337,7.9610825836840275,5.442518306886478,9.653423934725815,10.478359908883828,11.71640734591972,7.941778309717772,3.464584631089157,928.0386615357152,0.08752254283137963
3639,23,19809,4.358708010335916,8.0,9.0,9.0,9.0,9.0,10.0,9.0,9.0,7.0,7.0,7.0,7.0,7.0,7.0,7.0,7.0,5.0,2.0,0.0,0.0,0.0,0.0,0.0,0.0,0.0,0.0,0.0,0.0,0.0,0.0,0.0,0.0,0.04100995437577769,0.00046661136457901283,0.0006221484861053505,0.03359601824968893,0.04536499377851514,0.0038365823309829948,0.09591455827457486,0.7790335960182497,0.00015553712152633763,18,16468.782918798057,28.944951707394313,29.218345912281627,41.83670238032406,14.412835805140656,13.887158916978942,13.568374940623846,14.122552382963002,14.984958040850794,14.202776165092098,14.821343748350662,3.2100068612445245,10.903045336992664,15.751306275399799,5.439383543568903,9.1328442497493,3.014725286325012,3.882408824616034,2.9777801235024013,3.853908270438592,15.253074365334882,14.106718741753314,12.474798121074576,3.0686256227249635,1228.6881335745172,0.12489630858564911
3641,3,805,0.0,12.0,12.0,12.0,13.0,12.0,5.0,11.0,11.0,0.0,0.0,0.0,1.0,0.0,0.0,1.0,2.0,2.0,3.0,6.0,6.0,6.0,6.0,4.0,5.0,5.0,7.0,7.0,6.0,5.0,2.0,2.0,1.0,0.03850931677018633,0.0,0.0,0.007453416149068323,0.0012422360248447205,0.0,0.13167701863354037,0.8198757763975155,0.0012422360248447205,18,12.55690268310622,29.245847518828022,28.85793871866295,41.89621376250903,14.140101103889405,14.37325905292479,14.478489631692975,14.39801918910554,13.95027339317033,14.6435572062313,14.016300422985658,0.0,18.351387599298462,16.86784277313525,0.0,0.0,13.263179614154543,0.0,0.0,0.0,17.645723718147117,18.165686577942846,15.706179717321778,0.17714107297753814,16.762896597852826,0.04720496894409938
3641,3,805,0.0,12.0,12.0,12.0,13.0,12.0,5.0,11.0,11.0,0.0,0.0,0.0,1.0,0.0,0.0,1.0,2.0,2.0,3.0,6.0,6.0,6.0,6.0,4.0,5.0,5.0,7.0,7.0,6.0,5.0,2.0,2.0,1.0,0.03850931677018633,0.0,0.0,0.007453416149068323,0.0012422360248447205,0.0,0.13167701863354037,0.8198757763975155,0.0012422360248447205,18,12.55690268310622,29.245847518828022,28.85793871866295,41.89621376250903,14.140101103889405,14.37325905292479,14.478489631692975,14.39801918910554,13.95027339317033,14.6435572062313,14.016300422985658,0.0,18.351387599298462,16.86784277313525,0.0,0.0,13.263179614154543,0.0,0.0,0.0,17.645723718147117,18.165686577942846,15.706179717321778,0.17714107297753814,16.762896597852826,0.04720496894409938
3647,11,1228,3.31893482966457,14.0,14.0,14.0,12.0,16.0,11.0,20.0,14.428571428571429,7.0,3.0,4.0,4.0,5.0,5.0,5.0,6.0,4.0,5.0,4.0,4.0,4.0,4.0,3.0,5.0,7.0,5.0,1.0,4.0,0.0,5.0,5.0,2.0,0.03908794788273615,0.0016286644951140066,0.0,0.011400651465798045,0.012214983713355049,0.003257328990228013,0.2907166123778502,0.6408794788273615,0.0008143322475570033,18,41627333.27531508,29.16812100058173,28.429319371727747,42.402559627690515,14.74694589877836,13.141361256544503,14.281559045956952,12.693426410703898,13.240255962769051,16.858638743455497,15.03781268179174,0.0,0.0,17.888307155322863,7.609075043630018,23.205351948807447,0.0,0.0,0.0,0.0,24.083769633507853,27.21349621873182,0.0,3.053669228256167,1009.7626060790351,0.06758957654723127
3650,2,24,0.0,1.0,0.0,4.0,2.0,2.0,0.0,2.0,1.5714285714285714,0.0,0.0,0.0,1.0,0.0,0.0,1.0,0.0,2.0,1.0,0.0,0.0,0.0,1.0,0.0,0.0,2.0,2.0,0.0,1.0,0.0,0.0,0.0,0.0,0.0,0.041666666666666664,0.0,0.0,0.0,0.041666666666666664,0.3333333333333333,0.5416666666666666,0.041666666666666664,18,4173.844716509563,29.53488372093023,18.255813953488374,52.2093023255814,16.046511627906977,8.837209302325581,24.767441860465116,7.093023255813953,12.674418604651164,15.232558139534882,15.348837209302326,1.1627906976744187,0.0,0.0,77.44186046511628,0.0,0.0,3.953488372093023,8.13953488372093,9.30232558139535,0.0,0.0,0.0,14.282824481698558,238.78450804181816,0.08333333333333333
3650,2,24,0.0,1.0,0.0,4.0,2.0,2.0,0.0,2.0,1.5714285714285714,0.0,0.0,0.0,1.0,0.0,0.0,1.0,0.0,2.0,1.0,0.0,0.0,0.0,1.0,0.0,0.0,2.0,2.0,0.0,1.0,0.0,0.0,0.0,0.0,0.0,0.041666666666666664,0.0,0.0,0.0,0.041666666666666664,0.3333333333333333,0.5416666666666666,0.041666666666666664,18,4173.844716509563,29.53488372093023,18.255813953488374,52.2093023255814,16.046511627906977,8.837209302325581,24.767441860465116,7.093023255813953,12.674418604651164,15.232558139534882,15.348837209302326,1.1627906976744187,0.0,0.0,77.44186046511628,0.0,0.0,3.953488372093023,8.13953488372093,9.30232558139535,0.0,0.0,0.0,14.282824481698558,238.78450804181816,0.08333333333333333
3675,10,1598,6.271548821548821,22.0,19.0,18.0,17.0,20.0,19.0,21.0,19.428571428571427,4.0,3.0,3.0,4.0,5.0,7.0,7.0,7.0,6.0,6.0,6.0,7.0,6.0,7.0,6.0,7.0,6.0,5.0,7.0,6.0,7.0,6.0,4.0,4.0,0.008140262993112084,0.0031308703819661866,0.0,0.002504696305572949,0.030682529743268627,0.008766437069505322,0.13337507827175954,0.812773951158422,0.0006261740763932373,18,206314.26121411502,31.30180399804973,31.825938566552903,36.872257435397366,16.74792784007801,12.615797172111165,14.846416382252558,15.37055095075573,13.871282301316432,14.943929790346171,11.604095563139932,3.242320819112628,10.056070209653829,0.0,0.0,0.0,1.499268649439298,14.68795709410044,0.0,28.7786445636275,0.0,32.362262311067774,9.373476352998537,3.229389582446985,273.90965283611735,0.053224796493425174
3675,10,1598,6.271548821548821,22.0,19.0,18.0,17.0,20.0,19.0,21.0,19.428571428571427,4.0,3.0,3.0,4.0,5.0,7.0,7.0,7.0,6.0,6.0,6.0,7.0,6.0,7.0,6.0,7.0,6.0,5.0,7.0,6.0,7.0,6.0,4.0,4.0,0.008140262993112084,0.0031308703819661866,0.0,0.002504696305572949,0.030682529743268627,0.008766437069505322,0.13337507827175954,0.812773951158422,0.0006261740763932373,18,206314.26121411502,31.30180399804973,31.825938566552903,36.872257435397366,16.74792784007801,12.615797172111165,14.846416382252558,15.37055095075573,13.871282301316432,14.943929790346171,11.604095563139932,3.242320819112628,10.056070209653829,0.0,0.0,0.0,1.499268649439298,14.68795709410044,0.0,28.7786445636275,0.0,32.362262311067774,9.373476352998537,3.229389582446985,273.90965283611735,0.053224796493425174
3677,14,11267,12.478266998341626,13.0,8.0,13.0,14.0,19.0,22.0,24.0,16.142857142857142,7.0,7.0,7.0,7.0,7.0,7.0,7.0,6.0,4.0,2.0,4.0,2.0,2.0,2.0,3.0,4.0,4.0,4.0,3.0,4.0,5.0,5.0,5.0,5.0,0.028656601596307337,0.0,0.0,0.014424463890758727,0.007019905760169247,0.0013462832964708145,0.01115491874218675,0.937301663621502,9.616309260505818e-05,18,714.5018888272275,29.223940435280642,28.873138602520044,41.90292096219931,10.960767468499427,18.31328751431844,12.235108820160367,15.879152348224512,12.056128293241695,18.27033218785796,12.285223367697593,34.97279495990836,0.6371706758304696,0.0,0.0,0.0,0.30068728522336774,0.46534936998854526,37.86512027491409,25.737399770904922,0.0,0.0,0.02147766323024055,0.6132455734867124,118.48277438113296,0.05144725454370613
3696,10,1072,4.878761753086419,12.0,17.0,15.0,13.0,19.0,18.0,19.0,16.142857142857142,4.0,5.0,5.0,5.0,4.0,3.0,4.0,5.0,5.0,5.0,7.0,5.0,7.0,6.0,3.0,3.0,3.0,5.0,3.0,4.0,5.0,5.0,6.0,6.0,0.05228758169934641,0.0018674136321195146,0.0,0.015873015873015872,0.032679738562091505,0.006535947712418301,0.11017740429505135,0.7796451914098973,0.0009337068160597573,18,1375.0721870531272,37.56181998021761,36.733432245301685,25.704747774480712,15.479723046488624,14.218595450049456,14.230959446092978,15.059347181008903,13.513847675568744,14.416419386745796,13.0811078140455,0.0,0.0,31.132542037586546,0.0,0.5811078140454995,0.0,0.0,0.0,0.0,34.7057368941642,33.580613254203755,0.0,2.6675470397917636,273.08523270695304,0.1092436974789916
3702,5,5337,11.536559970566591,19.0,14.0,15.0,13.0,19.0,16.0,23.0,17.0,7.0,7.0,7.0,7.0,7.0,7.0,7.0,6.0,2.0,3.0,2.0,2.0,2.0,2.0,3.0,3.0,4.0,3.0,4.0,6.0,7.0,7.0,7.0,7.0,0.004309537193179689,0.0,0.0,0.0011242270938729624,0.000936855911560802,0.00037474236462432077,0.050215476859658985,0.9428517893947911,0.00018737118231216038,18,1747482.0277277597,8.354035062814962,4.60643054865498,87.03953438853006,15.473064092554475,13.71992334445312,12.946270139825394,14.202569380367663,14.614238058059478,14.443892398324934,14.600042586414933,0.0,16.835829370430833,0.0,0.0,0.0,16.338987862871743,14.039321456455392,0.0,19.504578039605367,0.0,15.778266732912202,17.503016537724466,0.15165764854662167,140.80711339816054,0.006745362563237774
3702,5,5337,11.536559970566591,19.0,14.0,15.0,13.0,19.0,16.0,23.0,17.0,7.0,7.0,7.0,7.0,7.0,7.0,7.0,6.0,2.0,3.0,2.0,2.0,2.0,2.0,3.0,3.0,4.0,3.0,4.0,6.0,7.0,7.0,7.0,7.0,0.004309537193179689,0.0,0.0,0.0011242270938729624,0.000936855911560802,0.00037474236462432077,0.050215476859658985,0.9428517893947911,0.00018737118231216038,18,1747482.0277277597,8.354035062814962,4.60643054865498,87.03953438853006,15.473064092554475,13.71992334445312,12.946270139825394,14.202569380367663,14.614238058059478,14.443892398324934,14.600042586414933,0.0,16.835829370430833,0.0,0.0,0.0,16.338987862871743,14.039321456455392,0.0,19.504578039605367,0.0,15.778266732912202,17.503016537724466,0.15165764854662167,140.80711339816054,0.006745362563237774
3704,4,326,4.788055555555555,24.0,3.0,0.0,5.0,1.0,9.0,6.0,6.857142857142857,3.0,1.0,1.0,1.0,1.0,1.0,1.0,1.0,1.0,2.0,2.0,3.0,2.0,1.0,1.0,2.0,2.0,2.0,3.0,4.0,4.0,3.0,3.0,3.0,0.04294478527607362,0.0,0.0,0.006134969325153374,0.015337423312883436,0.0,0.046012269938650305,0.8865030674846626,0.003067484662576687,18,1275733.2420187488,33.50035790980673,24.55261274158912,41.947029348604154,0.35790980672870437,28.919112383679312,10.880458124552613,12.884753042233358,15.032211882605583,22.261989978525413,9.663564781675017,0.0,12.884753042233358,8.804581245526128,0.644237652111668,19.971367215461704,0.0,0.0,0.0,0.0,9.87831066571224,14.173228346456693,33.64352183249821,1.2916194843779316,70.74274154566564,0.06441717791411043
3737,7,835,6.707536724537038,19.0,22.0,15.0,21.0,15.0,21.0,18.0,18.714285714285715,5.0,6.0,3.0,6.0,5.0,5.0,5.0,4.0,6.0,4.0,5.0,7.0,7.0,6.0,5.0,6.0,5.0,4.0,6.0,5.0,7.0,6.0,6.0,7.0,0.016766467065868262,0.0,0.0,0.013173652694610778,0.011976047904191617,0.0,0.3125748502994012,0.644311377245509,0.0011976047904191617,18,72630.11561541048,34.341407481725675,25.44073383975921,40.21785867851512,12.985523864124982,14.705460799770675,14.9849505518131,13.523004156514261,13.88849075533897,14.705460799770675,15.207109072667336,0.0,0.0,7.6465529597248105,29.289092733266447,33.18045005016483,0.0,0.0,29.88390425684392,0.0,0.0,0.0,0.0,0.8453865880387604,75.144758782663,0.041916167664670656
3737,7,835,6.707536724537038,19.0,22.0,15.0,21.0,15.0,21.0,18.0,18.714285714285715,5.0,6.0,3.0,6.0,5.0,5.0,5.0,4.0,6.0,4.0,5.0,7.0,7.0,6.0,5.0,6.0,5.0,4.0,6.0,5.0,7.0,6.0,6.0,7.0,0.016766467065868262,0.0,0.0,0.013173652694610778,0.011976047904191617,0.0,0.3125748502994012,0.644311377245509,0.0011976047904191617,18,72630.11561541048,34.341407481725675,25.44073383975921,40.21785867851512,12.985523864124982,14.705460799770675,14.9849505518131,13.523004156514261,13.88849075533897,14.705460799770675,15.207109072667336,0.0,0.0,7.6465529597248105,29.289092733266447,33.18045005016483,0.0,0.0,29.88390425684392,0.0,0.0,0.0,0.0,0.8453865880387604,75.144758782663,0.041916167664670656
3746,8,3188,11.176908906504064,19.0,20.0,18.0,15.0,17.0,16.0,23.0,18.285714285714285,7.0,7.0,7.0,7.0,7.0,7.0,7.0,7.0,7.0,5.0,4.0,6.0,4.0,5.0,4.0,3.0,6.0,4.0,3.0,5.0,3.0,4.0,4.0,5.0,0.06590621039290241,0.0003168567807351077,0.0006337135614702154,0.024714828897338403,0.019328263624841573,0.0009505703422053232,0.3355513307984791,0.5522813688212928,0.0003168567807351077,18,236568.8726200345,34.66914229717881,33.06771880963433,32.26313889318686,13.626282943937284,14.031151683944504,13.355510856671307,12.620558048377948,16.184434473154884,14.492753623188406,15.68930837072567,16.277270617360358,0.0,13.585022435401516,13.025426788385166,10.25581515292176,0.0,0.0,14.84346794574243,4.879055134354531,12.71597297436691,10.309969570374955,4.107999381092372,1.6785503645943538,440.70627146320436,0.11185044359949303
3746,8,3188,11.176908906504064,19.0,20.0,18.0,15.0,17.0,16.0,23.0,18.285714285714285,7.0,7.0,7.0,7.0,7.0,7.0,7.0,7.0,7.0,5.0,4.0,6.0,4.0,5.0,4.0,3.0,6.0,4.0,3.0,5.0,3.0,4.0,4.0,5.0,0.06590621039290241,0.0003168567807351077,0.0006337135614702154,0.024714828897338403,0.019328263624841573,0.0009505703422053232,0.3355513307984791,0.5522813688212928,0.0003168567807351077,18,236568.8726200345,34.66914229717881,33.06771880963433,32.26313889318686,13.626282943937284,14.031151683944504,13.355510856671307,12.620558048377948,16.184434473154884,14.492753623188406,15.68930837072567,16.277270617360358,0.0,13.585022435401516,13.025426788385166,10.25581515292176,0.0,0.0,14.84346794574243,4.879055134354531,12.71597297436691,10.309969570374955,4.107999381092372,1.6785503645943538,440.70627146320436,0.11185044359949303
3767,13,3807,7.748304988662131,19.0,22.0,15.0,12.0,15.0,22.0,18.0,17.571428571428573,7.0,7.0,7.0,7.0,7.0,7.0,5.0,7.0,5.0,4.0,5.0,5.0,5.0,4.0,5.0,5.0,4.0,3.0,5.0,3.0,3.0,5.0,4.0,4.0,0.03848560700876095,0.0,0.0,0.018147684605757195,0.01032540675844806,0.0,0.033479349186483105,0.8970588235294118,0.0025031289111389237,18,210417.72933398304,26.883656509695292,25.92797783933518,47.18836565096953,10.997229916897506,18.698060941828253,10.609418282548475,13.822714681440443,13.905817174515237,14.141274238227147,17.82548476454294,52.10526315789473,0.0,0.0,0.0,0.0,0.6094182825484765,0.0,39.04432132963989,8.240997229916898,0.0,0.0,0.0,7.474414721452827,3671.398346499827,0.06695869837296621
3789,8,14022,15.299421052631576,24.0,23.0,24.0,24.0,24.0,24.0,24.0,23.857142857142858,7.0,7.0,7.0,7.0,7.0,7.0,7.0,7.0,7.0,7.0,7.0,7.0,7.0,6.0,7.0,7.0,7.0,7.0,7.0,7.0,7.0,7.0,7.0,7.0,0.004978126414240458,0.0,0.0,0.001508523155830442,0.002187358575954141,0.0,0.019686227183587268,0.9715643385125962,7.54261577915221e-05,18,99.75008731683995,29.272781909698747,29.54323491848847,41.18398317181279,13.8043723236421,12.207948313424986,14.717151228307415,14.300202839756594,13.868229284050784,14.51806776350387,16.58402824731425,0.0,0.0,4.616482608369018,7.779280294493277,2.257531365036436,0.0,0.0,0.0,0.0,33.491097588460676,30.129216437532868,21.72639170610773,0.12509877544432588,43.76341927559386,0.008674008146025041
3789,8,14022,15.299421052631576,24.0,23.0,24.0,24.0,24.0,24.0,24.0,23.857142857142858,7.0,7.0,7.0,7.0,7.0,7.0,7.0,7.0,7.0,7.0,7.0,7.0,7.0,6.0,7.0,7.0,7.0,7.0,7.0,7.0,7.0,7.0,7.0,7.0,0.004978126414240458,0.0,0.0,0.001508523155830442,0.002187358575954141,0.0,0.019686227183587268,0.9715643385125962,7.54261577915221e-05,18,99.75008731683995,29.272781909698747,29.54323491848847,41.18398317181279,13.8043723236421,12.207948313424986,14.717151228307415,14.300202839756594,13.868229284050784,14.51806776350387,16.58402824731425,0.0,0.0,4.616482608369018,7.779280294493277,2.257531365036436,0.0,0.0,0.0,0.0,33.491097588460676,30.129216437532868,21.72639170610773,0.12509877544432588,43.76341927559386,0.008674008146025041
3801,20,10185,6.950886788850706,18.0,19.0,12.0,21.0,23.0,10.0,13.0,16.571428571428573,7.0,7.0,7.0,7.0,7.0,6.0,6.0,6.0,6.0,6.0,6.0,6.0,6.0,3.0,4.0,2.0,5.0,5.0,2.0,2.0,2.0,2.0,3.0,3.0,0.06962336512931458,0.0008850427770675582,0.0007867046907267185,0.01003048480676566,0.011800570360900776,0.006293637525813748,0.09420788671452454,0.8061756318222048,0.00019667617268167962,18,430928.3200548986,29.612074204205204,29.020959704774217,41.366966091020586,14.415459577712223,14.34253704133382,14.023224722949607,14.23425812368104,14.414354690797396,14.24420210591446,14.325963737611454,6.733180858939088,6.149800567911874,10.549460262742109,7.130940148275824,9.678809373860584,7.358546852729623,6.697824477664711,7.260211917310263,6.969626658711481,15.72254079794933,10.232357718187544,5.516700365717568,2.507399707398365,2338.91670155441,0.09941980529058904
3824,14,14897,10.647349374021907,10.0,9.0,12.0,8.0,8.0,12.0,19.0,11.142857142857142,7.0,7.0,7.0,7.0,6.0,4.0,6.0,4.0,4.0,2.0,2.0,4.0,3.0,1.0,1.0,0.0,1.0,1.0,1.0,2.0,2.0,1.0,1.0,4.0,0.0752711496746204,0.0,7.230657989877079e-05,0.014461315979754157,0.014027476500361532,0.0012292118582791034,0.04981923355025307,0.8450469992769342,7.230657989877079e-05,18,644292.2551920911,41.2337324310255,33.98230088495575,24.78396668401874,18.521603331598126,14.076002082248829,13.034877667881311,14.976574700676732,13.893805309734514,12.951587714731911,12.54554919312858,0.0,13.0192608016658,1.5564809994794377,0.0,0.0,18.131181676210307,13.112961998958875,0.0,10.458094742321707,26.236335242061426,3.2274856845393023,14.258198854763144,1.0386610349635093,310.2585244862917,0.10506146059291395
3852,33,19949,17.53724622770919,17.0,17.0,23.0,18.0,12.0,7.0,9.0,14.714285714285714,7.0,7.0,7.0,7.0,7.0,7.0,7.0,6.0,6.0,4.0,3.0,2.0,1.0,1.0,1.0,2.0,2.0,3.0,4.0,4.0,4.0,3.0,4.0,4.0,0.05388833205589293,0.0,0.0,0.005129414539237073,0.0065444254466128175,0.0025352278757148753,0.012499263015152409,0.9193443782795826,5.895878780732268e-05,18,156860.6433917237,31.037815126050422,29.915966386554622,39.04621848739496,14.390756302521007,12.69747899159664,21.172268907563023,13.277310924369749,12.239495798319327,15.071428571428571,11.15126050420168,0.0,23.407563025210084,0.0,0.0,0.0,41.6890756302521,0.14705882352941177,0.0,0.0,0.0,0.0,34.7563025210084,0.8778795824130909,175.5290722613412,0.0680973999174577
3860,26,46356,19.462804035378664,22.0,21.0,22.0,21.0,24.0,24.0,24.0,22.571428571428573,7.0,7.0,7.0,7.0,7.0,7.0,7.0,7.0,7.0,6.0,3.0,5.0,6.0,7.0,7.0,6.0,6.0,7.0,7.0,7.0,7.0,7.0,7.0,7.0,0.023139756597066925,2.353993550057673e-05,4.707987100115346e-05,0.002165674066053059,0.010545891104258374,0.0004943386455121113,0.004660907229114193,0.9588757326804924,4.707987100115346e-05,18,1978163.1572942105,30.397560926363397,28.13011084862802,41.47232822500858,14.793950774325115,14.666747430694368,12.702162456841723,13.921699275142851,14.487047469057282,15.427948391786298,14.000444202152362,12.138833363619844,17.275425525470954,0.0,5.607042623215619,0.038362913158479214,18.587840975629454,15.282573141922587,8.76087790498112,20.031497970803805,0.0,0.0,2.2775455811981344,0.6345741465602437,1240.116315114947,0.0364162802193922
3871,11,4267,11.728177387820512,23.0,21.0,9.0,24.0,22.0,17.0,19.0,19.285714285714285,6.0,6.0,7.0,7.0,7.0,7.0,7.0,7.0,6.0,6.0,7.0,5.0,3.0,5.0,4.0,5.0,4.0,6.0,6.0,6.0,5.0,5.0,4.0,4.0,0.0846063454759107,0.0011750881316098707,0.00023501762632197415,0.026321974148061103,0.012925969447708578,0.0035252643948296123,0.16756756756756758,0.7034077555816686,0.00023501762632197415,18,11122.906255281989,35.88399521394792,33.01806164890889,31.09794313714318,13.959318557347158,15.617343741097372,14.403737678764742,13.195829297475928,15.246994473249387,13.628853056805882,13.947923195259529,10.922454560993677,0.0,0.0,20.147000170930433,5.663494957552277,2.3930260384023705,13.150247849125407,24.329098057090764,23.39467836590508,0.0,0.0,0.0,1.8528114102038449,397.40557254833305,0.12878965922444183
3916,11,48611,22.00351013728758,24.0,24.0,24.0,24.0,24.0,24.0,24.0,24.0,7.0,7.0,7.0,7.0,7.0,7.0,7.0,7.0,7.0,7.0,7.0,7.0,7.0,7.0,7.0,7.0,7.0,7.0,7.0,7.0,7.0,7.0,7.0,7.0,0.013877147040023094,0.0,0.0,0.002453760026393385,0.002659958347939048,4.123966430913253e-05,0.05099284491824237,0.9299544301709384,2.0619832154566263e-05,18,10164661.117347924,29.525224343877195,29.472082321823258,41.00269333429955,13.540345664697998,14.087466937207871,15.004166817638321,14.229984178170707,14.1502711450898,14.459461091585442,14.528304165609866,8.049808567943282,10.58371680133338,2.242834885321932,9.014819377513678,3.9071463941930262,9.244296290928416,9.996739012283054,8.135560467166684,9.383190212205756,10.088529777648949,10.47260166431151,8.880756549150332,0.1771962473778642,176.89596516514837,0.01903210507866466
3925,6,912,1.6860965015015017,10.0,11.0,18.0,15.0,15.0,15.0,13.0,13.857142857142858,2.0,2.0,3.0,2.0,2.0,5.0,5.0,7.0,7.0,5.0,6.0,7.0,6.0,4.0,3.0,1.0,7.0,6.0,5.0,5.0,2.0,0.0,1.0,4.0,0.005482456140350877,0.0,0.0,0.005482456140350877,0.008771929824561403,0.003289473684210526,0.13706140350877194,0.8388157894736842,0.0010964912280701754,18,2068.842222360654,34.610772920125434,31.945213060320977,33.444014019553585,14.720531267293858,13.793580520199225,13.567607452499539,13.281682346430548,15.652093709647666,14.148681055155876,14.835823648773289,0.0,31.73307507839882,0.0,0.0,0.0,33.52702453421878,7.406382586238701,0.0,0.0,1.1529238147943184,13.70134661501568,12.479247371333702,0.8547978663542143,176.73971022774649,0.023026315789473683
3925,6,912,1.6860965015015017,10.0,11.0,18.0,15.0,15.0,15.0,13.0,13.857142857142858,2.0,2.0,3.0,2.0,2.0,5.0,5.0,7.0,7.0,5.0,6.0,7.0,6.0,4.0,3.0,1.0,7.0,6.0,5.0,5.0,2.0,0.0,1.0,4.0,0.005482456140350877,0.0,0.0,0.005482456140350877,0.008771929824561403,0.003289473684210526,0.13706140350877194,0.8388157894736842,0.0010964912280701754,18,2068.842222360654,34.610772920125434,31.945213060320977,33.444014019553585,14.720531267293858,13.793580520199225,13.567607452499539,13.281682346430548,15.652093709647666,14.148681055155876,14.835823648773289,0.0,31.73307507839882,0.0,0.0,0.0,33.52702453421878,7.406382586238701,0.0,0.0,1.1529238147943184,13.70134661501568,12.479247371333702,0.8547978663542143,176.73971022774649,0.023026315789473683
3939,9,3127,5.9068854800194925,24.0,22.0,24.0,24.0,24.0,23.0,24.0,23.571428571428573,7.0,7.0,7.0,7.0,7.0,7.0,7.0,7.0,7.0,7.0,6.0,7.0,7.0,7.0,7.0,7.0,7.0,7.0,7.0,7.0,5.0,7.0,7.0,7.0,0.005508749189889825,0.0009721322099805574,0.0009721322099805574,0.007453013609850939,0.008425145819831496,0.004860661049902786,0.18276085547634477,0.7887232663642255,0.0003240440699935191,18,1635920.875343539,22.249610793980278,22.23015049299429,55.52023871302543,12.344317592112091,14.257913855734303,12.461079398028023,14.595225739491438,15.613648157758172,16.09366891541256,14.634146341463413,2.685521536066424,11.040477426050856,8.24468085106383,0.0,4.767773741567203,8.705241307732226,13.356253243383499,2.7957965749870266,12.91515308770109,10.761546445251687,13.057861961598338,11.669693824597822,2.1060374329556395,948.7858259800664,0.028191834089436162
3953,18,1905,1.7182421377434136,11.0,17.0,15.0,17.0,13.0,13.0,16.0,14.571428571428571,5.0,3.0,2.0,1.0,1.0,3.0,4.0,6.0,6.0,5.0,5.0,4.0,3.0,5.0,5.0,4.0,4.0,3.0,4.0,5.0,5.0,6.0,6.0,7.0,0.10971128608923884,0.0,0.0005249343832020997,0.02099737532808399,0.01732283464566929,0.004724409448818898,0.2131233595800525,0.6320209973753281,0.0015748031496062992,18,1080236.695920139,29.22754941871594,29.032299230484554,41.7401513507995,14.129477673842855,14.435752478911704,14.241778435701432,14.171590459539823,14.6820484679879,14.368116792792332,13.971235691223951,4.170441929020814,10.449075432932197,11.023340692436289,9.749747961358329,10.991437066908283,8.809229080792742,2.74115950536619,9.520041857556691,1.0056022766427177,10.616250430698946,10.796186878676894,10.127486887609908,9.228994297006809,8998.094438453632,0.15328083989501312
3957,5,241,8.187178362573098,15.0,11.0,8.0,11.0,11.0,13.0,15.0,12.0,2.0,3.0,2.0,1.0,1.0,1.0,2.0,1.0,2.0,2.0,3.0,2.0,4.0,6.0,6.0,5.0,4.0,6.0,5.0,7.0,7.0,3.0,7.0,2.0,0.07053941908713693,0.0,0.0,0.03734439834024896,0.016597510373443983,0.0,0.37344398340248963,0.4979253112033195,0.004149377593360996,18,10182.242242791861,31.776573883803476,26.751354380721093,41.47207173547544,13.151503829628247,16.17784419951429,14.029516159163085,14.459181767233328,12.88996824210723,14.702036241359986,14.589949560993833,24.042592938539137,0.0,0.0,0.0,0.0,0.0,0.0,0.0,75.95740706146086,0.0,0.0,0.0,1.3839040462348546,38.94557725122271,0.12448132780082988
3962,20,4808,4.179676928916494,15.0,15.0,18.0,16.0,18.0,18.0,22.0,17.428571428571427,7.0,7.0,7.0,6.0,7.0,7.0,7.0,7.0,5.0,5.0,6.0,5.0,4.0,2.0,1.0,4.0,2.0,3.0,5.0,5.0,3.0,6.0,6.0,5.0,0.03996669442131557,0.0014571190674437969,0.0010407993338884263,0.015195670274771023,0.014363030807660283,0.003746877601998335,0.24521232306411325,0.6783930058284763,0.0006244796003330558,18,4355803.141505011,28.4622776860399,26.064535340136974,45.47318697382312,14.155003925177986,14.056197720689747,14.935302238704962,14.92379740667551,14.079207384748655,13.6555588641347,14.19493245986844,8.94534528031185,4.288595327684686,14.12387320321594,10.326601878671395,13.30296960017325,3.3770065780569016,3.0947998159226877,12.340624238650822,3.0237405592701876,9.861671313716466,8.655017460274491,8.659754744051325,2.980429462593245,2000.0902460240857,0.07577019150707744
3970,2,34,2.8619907407407417,1.0,4.0,3.0,1.0,0.0,2.0,0.0,1.5714285714285714,1.0,1.0,0.0,1.0,0.0,0.0,0.0,0.0,0.0,0.0,0.0,0.0,1.0,0.0,0.0,2.0,1.0,0.0,0.0,0.0,0.0,1.0,1.0,2.0,0.0,0.0,0.0,0.0,0.0,0.0,0.2647058823529412,0.7058823529411765,0.029411764705882353,18,38811630.89018004,24.277456647398843,29.47976878612717,46.24277456647399,1.7341040462427744,12.138728323699421,11.560693641618498,11.560693641618498,19.653179190751445,31.213872832369944,12.138728323699421,0.0,0.0,50.28901734104046,0.0,9.248554913294797,0.0,0.0,0.0,0.0,40.46242774566474,0.0,0.0,0.672013043473354,19.71452369396946,0.0
3970,2,34,2.8619907407407417,1.0,4.0,3.0,1.0,0.0,2.0,0.0,1.5714285714285714,1.0,1.0,0.0,1.0,0.0,0.0,0.0,0.0,0.0,0.0,0.0,0.0,1.0,0.0,0.0,2.0,1.0,0.0,0.0,0.0,0.0,1.0,1.0,2.0,0.0,0.0,0.0,0.0,0.0,0.0,0.2647058823529412,0.7058823529411765,0.029411764705882353,18,38811630.89018004,24.277456647398843,29.47976878612717,46.24277456647399,1.7341040462427744,12.138728323699421,11.560693641618498,11.560693641618498,19.653179190751445,31.213872832369944,12.138728323699421,0.0,0.0,50.28901734104046,0.0,9.248554913294797,0.0,0.0,0.0,0.0,40.46242774566474,0.0,0.0,0.672013043473354,19.71452369396946,0.0
4000,13,706,4.37138240990991,12.0,10.0,7.0,12.0,19.0,18.0,19.0,13.857142857142858,5.0,5.0,4.0,4.0,4.0,1.0,3.0,5.0,5.0,3.0,3.0,3.0,4.0,4.0,2.0,5.0,5.0,3.0,4.0,7.0,5.0,4.0,5.0,4.0,0.0226628895184136,0.0028328611898017,0.007082152974504249,0.00424929178470255,0.0169971671388102,0.0084985835694051,0.12464589235127478,0.8116147308781869,0.00141643059490085,18,7602.685435754742,26.084325196691548,26.124672180754487,47.79100262255396,20.375226951785354,12.043574742787976,15.997579180956222,21.12164615694977,14.222311882186805,10.389348396207383,5.850312689126488,17.813193463788583,0.0,0.0,0.0,0.0,0.0,20.052451079281823,18.922735525519467,43.21161993141013,0.0,0.0,0.0,5.869193238356235,595.0180896753395,0.06232294617563739
4040,1,2,0.0,0.0,0.0,0.0,0.0,0.0,0.0,1.0,0.14285714285714285,0.0,0.0,0.0,0.0,0.0,0.0,0.0,1.0,0.0,0.0,0.0,0.0,0.0,0.0,0.0,0.0,0.0,0.0,0.0,0.0,0.0,0.0,0.0,0.0,0.0,0.0,0.0,0.0,0.0,0.0,0.0,0.5,0.5,18,669.6812769325259,1.7543859649122806,3.508771929824561,94.73684210526315,1.7543859649122806,0.0,0.0,98.24561403508771,0.0,0.0,0.0,3.508771929824561,0.0,0.0,0.0,0.0,0.0,0.0,96.49122807017544,0.0,0.0,0.0,0.0,0.0,0.0,0.0
4126,12,16301,12.804140211640211,20.0,21.0,21.0,20.0,22.0,24.0,24.0,21.714285714285715,7.0,7.0,7.0,7.0,7.0,7.0,7.0,6.0,6.0,6.0,6.0,6.0,5.0,3.0,4.0,7.0,6.0,6.0,7.0,7.0,7.0,7.0,7.0,7.0,0.01398076791925254,0.00027279547159517154,6.819886789879289e-05,0.009343244902134624,0.0009547841505831003,6.819886789879289e-05,0.016640523767305463,0.9586032871854328,6.819886789879289e-05,18,161557.67267299365,31.109807946048967,28.974246200459362,39.91594585349167,13.077261398621904,16.752186873869913,10.570297610321067,9.739529883203831,15.598885793871867,21.028197234032156,13.233641206079266,26.061672286565994,0.0,5.786052875922397,8.219713629477594,11.840883545912135,0.0,8.293016664223233,15.418071641499292,24.380589356399355,0.0,0.0,0.0,0.33086494046208703,301.15068585460233,0.02468799017936302
4152,21,27165,12.022755991285404,7.0,7.0,9.0,6.0,6.0,24.0,24.0,11.857142857142858,7.0,7.0,7.0,7.0,7.0,7.0,3.0,2.0,2.0,2.0,2.0,2.0,2.0,2.0,2.0,2.0,2.0,2.0,2.0,2.0,2.0,2.0,5.0,3.0,0.053451131971286585,0.0003313086692435119,0.00029449659488312165,0.011595803423522915,0.02646788146512056,0.0039388919565617525,0.03364623596539665,0.8702006258052641,7.362414872078041e-05,18,99066.53611574486,29.31656457340105,29.148216786679303,41.53521863991965,14.187898764978002,14.38029623551714,14.456689348819443,14.516106214721237,14.335026242449105,14.24448625631304,13.879496937202033,12.047476905230099,11.381159194759999,0.0,8.234894676531752,0.0,11.57214197801576,9.479819485902642,12.080014712747747,12.361537482139573,4.804278014344929,7.557259467794644,10.481418082532857,1.987699653771954,3575.503810902645,0.09607951408061845
4242,16,2591,11.583234126984127,24.0,16.0,22.0,22.0,20.0,17.0,18.0,19.857142857142858,7.0,7.0,7.0,7.0,7.0,7.0,7.0,7.0,4.0,6.0,3.0,3.0,3.0,5.0,4.0,4.0,5.0,7.0,7.0,6.0,7.0,7.0,6.0,6.0,0.04196094723722476,0.0033236393851267137,0.003739094308267553,0.017449106771915246,0.02035729123390112,0.007062733693394266,0.36601578728707934,0.5396759451599501,0.0004154549231408392,18,16404.9912725233,28.983588385626753,29.704098284940113,41.31231332943314,11.820673091726452,15.426301690427072,14.939803553283863,15.383194260553623,12.86448871509068,15.167657111186378,14.397881577731933,24.8699079348462,0.0,0.0,0.0,0.0,17.156757089632663,24.9222526711211,7.0357483757736246,26.01533392862641,0.0,0.0,0.0,4.453852601151623,606.3256857482243,0.09389281262982967
4244,20,14912,5.738097012126339,14.0,15.0,23.0,15.0,11.0,16.0,16.0,15.714285714285714,7.0,7.0,7.0,7.0,7.0,7.0,7.0,7.0,4.0,2.0,1.0,2.0,2.0,2.0,1.0,2.0,2.0,3.0,4.0,4.0,4.0,7.0,7.0,7.0,0.008784871244635194,0.006102467811158798,0.006504828326180257,0.009522532188841202,0.028634656652360514,0.017368562231759657,0.07309549356223176,0.8499195278969958,6.706008583690987e-05,18,529881.6586728662,31.947125943632333,32.15960283166314,35.89327122470453,14.379986311585096,14.284984626071322,13.857987803009408,13.719060606989263,14.532193313107166,14.560795971111315,14.664991368126422,6.909584955001889,11.87827525972235,7.603199411602464,6.279304955410499,6.936144566005741,7.94234521365164,7.023995587018479,6.764528617980857,7.067921097524849,9.220271112336938,12.610707609328554,9.76372161441574,7.862488216594733,788.3248625063186,0.07691791845493562
4258,16,534,1.8664236111111112,18.0,12.0,6.0,4.0,14.0,10.0,8.0,10.285714285714286,1.0,1.0,1.0,1.0,2.0,3.0,2.0,3.0,6.0,3.0,5.0,5.0,4.0,5.0,4.0,2.0,4.0,4.0,4.0,3.0,3.0,3.0,1.0,2.0,0.1254681647940075,0.0149812734082397,0.016853932584269662,0.011235955056179775,0.0299625468164794,0.020599250936329586,0.1104868913857678,0.6685393258426966,0.0018726591760299626,18,2272547.60362465,33.55335533553355,32.123212321232124,34.32343234323432,17.381738173817382,16.584158415841586,18.94939493949395,26.54015401540154,8.058305830583059,8.14081408140814,4.3454345434543455,0.0,17.491749174917494,0.0,0.0,0.0,26.375137513751373,56.13311331133113,0.0,0.0,0.0,0.0,0.0,16.628084881933773,967.3093384965566,0.21910112359550563
4271,11,7421,13.635632875143184,18.0,18.0,16.0,20.0,19.0,18.0,22.0,18.714285714285715,7.0,7.0,6.0,7.0,7.0,7.0,7.0,7.0,7.0,7.0,6.0,5.0,7.0,5.0,3.0,3.0,4.0,3.0,1.0,3.0,4.0,6.0,7.0,5.0,0.04878048780487805,0.00026950545748551406,0.0005390109149710281,0.0163050801778736,0.013879531060503976,0.002560301846112384,0.18232044198895028,0.7346718771055114,0.0006737636437137853,18,4242306.003386916,30.657324386912894,30.29511311679829,39.04756249628882,13.589850167250558,14.19947350711557,15.27621083466936,15.214852641371257,13.912475506205094,14.037171189359302,13.76996615402886,15.798745125982224,17.546463986699127,0.0,0.0,0.0,9.088929794351088,11.539298933159154,15.117867110029096,16.309403637947074,0.0,0.0,14.599291411832235,4.6094888811946,6929.0592425976,0.08233391726182455
4297,12,12792,16.90107638888889,24.0,23.0,24.0,22.0,18.0,20.0,20.0,21.571428571428573,7.0,7.0,7.0,7.0,7.0,7.0,7.0,7.0,7.0,7.0,7.0,7.0,6.0,6.0,6.0,7.0,6.0,5.0,4.0,4.0,5.0,6.0,6.0,6.0,0.02540650406504065,0.0,0.0,0.0036741713570981865,0.008677298311444653,0.00015634771732332708,0.01391494684177611,0.9480925578486554,7.817385866166354e-05,18,11504589.529290961,30.291708578818792,28.754131340709872,40.95416008047133,12.623940221296163,12.940077597355943,15.584135651674092,13.974709009915218,13.816640321885329,15.081189826124444,15.979307371748813,0.0,0.0,20.15375772381089,39.59620635148728,24.795229199597642,0.0,0.0,15.45480672510418,0.0,0.0,0.0,0.0,0.5149029145662464,105.22005686137247,0.03791432145090682
4406,9,4394,5.259018976927749,24.0,21.0,23.0,23.0,20.0,20.0,22.0,21.857142857142858,5.0,5.0,7.0,7.0,7.0,7.0,7.0,7.0,7.0,7.0,7.0,7.0,6.0,4.0,6.0,6.0,7.0,6.0,5.0,7.0,7.0,6.0,6.0,7.0,0.0027309968138370506,0.0002275830678197542,0.0004551661356395084,0.001137915339098771,0.004551661356395084,0.0018206645425580337,0.10104688211197087,0.8878015475648612,0.0002275830678197542,18,11505575.907010656,24.673946957878314,42.99531981279251,32.33073322932917,14.246489859594384,17.110764430577223,11.781591263650546,13.453978159126365,13.31669266770671,15.631825273010922,14.458658346333852,3.544461778471139,12.393135725429017,0.8736349453978159,0.12480499219968799,0.1934477379095164,23.082683307332292,13.85959438377535,0.39313572542901715,39.569422776911075,0.0873634945397816,0.024960998439937595,5.853354134165366,0.7188716787079795,562.8886601563761,0.010923987255348202
4410,6,466,4.434076284722222,1.0,23.0,24.0,1.0,1.0,4.0,0.0,7.714285714285714,3.0,3.0,3.0,3.0,2.0,2.0,2.0,2.0,2.0,2.0,2.0,2.0,2.0,2.0,2.0,2.0,2.0,3.0,2.0,1.0,3.0,2.0,2.0,3.0,0.006437768240343348,0.0,0.002145922746781116,0.015021459227467811,0.027896995708154508,0.0,0.034334763948497854,0.9120171673819742,0.002145922746781116,18,749.4178306935728,28.69352869352869,23.076923076923077,48.22954822954823,10.622710622710622,0.4884004884004884,6.471306471306472,0.0,7.57020757020757,36.75213675213676,38.095238095238095,0.0,0.0,0.0,13.30891330891331,86.6910866910867,0.0,0.0,0.0,0.0,0.0,0.0,0.0,2.280309245614698,445.27166483905387,0.05150214592274678
4431,5,526,14.796468253968253,21.0,23.0,18.0,9.0,17.0,14.0,7.0,15.571428571428571,5.0,5.0,5.0,5.0,5.0,5.0,5.0,5.0,5.0,5.0,6.0,5.0,6.0,4.0,4.0,2.0,3.0,3.0,3.0,4.0,4.0,5.0,5.0,5.0,0.017110266159695818,0.0,0.0,0.011406844106463879,0.0038022813688212928,0.0,0.21673003802281368,0.7490494296577946,0.0019011406844106464,18,170.56728626379197,25.766871165644172,32.055214723926376,42.17791411042945,6.441717791411043,8.742331288343557,3.9877300613496933,2.9141104294478524,2.4539877300613497,42.79141104294479,32.668711656441715,0.0,0.0,87.11656441717791,0.0,0.0,0.0,0.0,0.0,0.0,12.883435582822086,0.0,0.0,0.3441987408615785,17.505818773538888,0.03231939163498099
4431,5,526,14.796468253968253,21.0,23.0,18.0,9.0,17.0,14.0,7.0,15.571428571428571,5.0,5.0,5.0,5.0,5.0,5.0,5.0,5.0,5.0,5.0,6.0,5.0,6.0,4.0,4.0,2.0,3.0,3.0,3.0,4.0,4.0,5.0,5.0,5.0,0.017110266159695818,0.0,0.0,0.011406844106463879,0.0038022813688212928,0.0,0.21673003802281368,0.7490494296577946,0.0019011406844106464,18,170.56728626379197,25.766871165644172,32.055214723926376,42.17791411042945,6.441717791411043,8.742331288343557,3.9877300613496933,2.9141104294478524,2.4539877300613497,42.79141104294479,32.668711656441715,0.0,0.0,87.11656441717791,0.0,0.0,0.0,0.0,0.0,0.0,12.883435582822086,0.0,0.0,0.3441987408615785,17.505818773538888,0.03231939163498099
4435,12,15662,12.367010155316606,15.0,16.0,16.0,18.0,21.0,15.0,21.0,17.428571428571427,7.0,7.0,7.0,7.0,7.0,7.0,6.0,6.0,6.0,4.0,6.0,6.0,5.0,3.0,3.0,3.0,2.0,3.0,1.0,2.0,3.0,7.0,7.0,7.0,0.02601718268763171,0.0,0.0,0.00259361322742746,0.0023504619873561355,0.00024315124007132436,0.014994326471065002,0.9537202139730913,8.105041335710812e-05,18,1531362.442908947,24.930151338766006,23.550640279394646,51.51920838183934,10.820721769499418,9.639115250291036,13.335273573923168,9.67986030267753,14.48195576251455,13.928987194412107,28.114086146682187,20.168800931315484,11.309662398137368,0.0,0.0,0.0,11.967403958090802,37.81140861466822,3.789289871944121,14.662398137369035,0.0,0.2910360884749709,0.0,0.35021741103999177,116.60688021592446,0.031204409142486626
4473,24,19944,6.564336893066847,15.0,19.0,13.0,22.0,19.0,14.0,22.0,17.714285714285715,7.0,7.0,7.0,7.0,6.0,7.0,7.0,7.0,7.0,6.0,6.0,7.0,7.0,5.0,5.0,4.0,4.0,0.0,2.0,1.0,5.0,3.0,4.0,3.0,0.02419964708847996,0.0011595664229896647,0.000806654902949332,0.012704814721451978,0.015780186538946306,0.005293672800604991,0.0849004285354172,0.8551046130577262,5.041593143433325e-05,18,624622.9657328606,34.25048085448866,35.21082570559428,30.538693439917058,14.864883299002823,14.837600774823686,13.725837914523852,13.33569781876219,14.7107370373907,14.210102718703535,14.315140436793211,4.103291636542212,2.2112485847190584,19.043201877037664,4.258802024363294,12.33988568622369,3.668135375884977,5.104560273916543,3.533086881198248,3.9709713942733984,17.578130328618002,17.336679989632643,6.852005947590271,2.1269752848351153,934.9952793019987,0.05994454247542223
4531,18,3410,10.131486629923575,19.0,14.0,23.0,20.0,22.0,14.0,20.0,18.857142857142858,7.0,7.0,6.0,5.0,7.0,7.0,7.0,6.0,6.0,7.0,3.0,4.0,5.0,4.0,4.0,5.0,4.0,2.0,4.0,6.0,6.0,7.0,7.0,6.0,0.03969465648854962,0.000916030534351145,0.0003053435114503817,0.01618320610687023,0.03206106870229008,0.008854961832061069,0.2955725190839695,0.6061068702290077,0.0003053435114503817,18,11824.368175233554,41.61817006142903,37.3504688005173,21.03136113805367,16.112997090203685,15.244099579696089,14.286291626252828,12.479793081150985,14.423698674426126,13.906401551891367,13.546718396378921,0.09295182670546395,4.021176850953767,18.59440672486259,15.450210151956028,16.606045910119622,0.0,0.0,4.239411574523117,0.05253798900743614,16.096831555124474,15.139023601681215,9.707403815066279,3.0744707230821398,659.8252425189665,0.09801526717557252
4534,14,26333,18.67461683503817,21.0,19.0,19.0,19.0,13.0,14.0,18.0,17.571428571428573,7.0,7.0,7.0,7.0,7.0,7.0,7.0,7.0,7.0,7.0,7.0,5.0,2.0,2.0,2.0,1.0,3.0,5.0,5.0,5.0,4.0,4.0,4.0,4.0,0.014924239547336042,0.0,0.0,0.005050696844263851,0.0026582614969809745,0.0004936771351536095,0.016709072266737554,0.9601260775452853,3.797516424258535e-05,18,12570.279300386137,29.389862063129392,29.181123240529182,41.429014696341426,14.29014696341429,14.213985501114216,14.608896787114608,14.721728583114722,13.94883078051395,14.23091027051423,13.985501114213985,23.133338974923134,0.0,0.0,21.415474880821417,7.060449634707061,0.0,0.21438041240021435,24.055738907224054,24.120617189924122,0.0,0.0,0.0,0.3462769043236219,120.9927279698209,0.023126875023734478
4535,16,16376,16.25374617737003,21.0,24.0,22.0,24.0,24.0,24.0,24.0,23.285714285714285,7.0,7.0,7.0,7.0,7.0,7.0,7.0,5.0,5.0,6.0,7.0,7.0,7.0,7.0,7.0,7.0,7.0,7.0,7.0,7.0,7.0,7.0,7.0,7.0,0.024411951684678957,0.0,0.0,0.0022250476795931343,0.001652892561983471,0.0,0.019453273998728544,0.9521932612841704,6.357279084551812e-05,18,46527.52949112097,30.83538701403209,25.619876276215862,43.54473670975205,17.376653422521752,13.624704521450484,14.429412060554242,11.069758084796057,15.239149021777399,13.775587185032439,14.484735703867626,0.0,18.468038022431223,0.0,0.0,0.0,14.80661871950913,0.2212945732535332,0.0,0.0,9.586078559573505,28.149675602273298,28.768294522959316,0.2246879758661396,71.64146078577336,0.028289891926255563
4565,9,1065,9.538017676767678,15.0,24.0,20.0,17.0,20.0,14.0,9.0,17.0,3.0,3.0,3.0,2.0,3.0,5.0,7.0,7.0,7.0,7.0,5.0,7.0,7.0,5.0,2.0,5.0,6.0,7.0,5.0,4.0,6.0,4.0,5.0,4.0,0.03615604186489058,0.0,0.0,0.016175071360608945,0.04567078972407231,0.0019029495718363464,0.09039010466222645,0.8087535680304472,0.0009514747859181732,18,88.43203468747896,38.88255416191562,36.754085898897756,24.363359939186623,17.141771189661725,16.9517293804637,14.633219308247813,7.525655644241732,16.799695933105284,15.3173698213607,11.630558722919043,0.0,2.2044849866970733,0.0,0.0,0.0,61.53553781832003,0.0,0.0,0.0,0.0,0.0,36.259977194982895,2.0219207076849304,135.1118742297226,0.09990485252140818
4567,37,32636,18.57668803418803,20.0,20.0,22.0,18.0,17.0,17.0,19.0,19.0,7.0,7.0,7.0,7.0,7.0,7.0,7.0,7.0,6.0,6.0,7.0,5.0,2.0,4.0,4.0,4.0,6.0,5.0,5.0,4.0,4.0,4.0,5.0,6.0,0.026559882319290646,0.00016344542965717322,0.0002451681444857598,0.006742123973358395,0.006701262615944102,0.000817227148285866,0.0076410738364728475,0.951088955175091,4.0861357414293305e-05,18,243589.1886914427,29.22137230277429,30.739810480648476,40.038817216577236,12.920995547436922,11.725082772005937,17.938691631464778,13.743007192601894,16.314647790843704,13.74871560680443,13.608859458842334,0.0,27.28907409521635,0.0,0.0,0.0,26.113140769494237,18.1898618563763,0.0,0.0,0.0,0.0,28.407923278913117,0.7551464537075576,614.6626320127003,0.04122910963102194
4578,19,7806,14.998348982785604,18.0,19.0,18.0,17.0,23.0,15.0,13.0,17.571428571428573,7.0,7.0,7.0,7.0,7.0,7.0,6.0,6.0,6.0,7.0,6.0,3.0,1.0,1.0,2.0,3.0,3.0,4.0,3.0,4.0,6.0,6.0,7.0,7.0,0.014619483536002186,0.0012296761852712119,0.0005465227490094275,0.012843284601721546,0.028009290886733162,0.0049187047410848474,0.04085257548845471,0.8967072004372182,0.00027326137450471376,18,28211.071477102727,32.116740233216944,30.094209104684104,37.78905066209896,12.523881678634957,15.495091903287436,12.36576849594835,15.422623361222742,14.480532314381712,15.15251334079979,14.559588905725015,40.931550167995255,0.0,0.0,0.0,0.0,0.0,8.182357204031886,0.0,50.88609262797286,0.0,0.0,0.0,2.710424600660188,2094.192299864501,0.06216696269982238
4583,8,5684,11.747076338928856,24.0,24.0,24.0,23.0,24.0,24.0,24.0,23.857142857142858,7.0,7.0,7.0,7.0,7.0,7.0,7.0,7.0,7.0,7.0,7.0,7.0,7.0,7.0,7.0,7.0,6.0,7.0,7.0,7.0,7.0,7.0,7.0,7.0,0.007810974419058777,0.0,0.0,0.002148017965241164,0.002148017965241164,0.00019527436047646945,0.11286858035539933,0.8746338605741066,0.00019527436047646945,18,137.7447712123303,23.738014664410603,31.450930626057527,44.81105470953187,14.269599548787365,16.504512126339538,14.636209813874789,12.429498025944726,14.530456852791879,13.769035532994925,13.86068809926678,0.0,0.0,19.670050761421322,5.788212069937958,7.4097574732092495,0.0,0.021150592216582064,6.302876480541456,0.0,33.72109419063734,22.412577552171463,4.674280879864636,0.15105238331097287,86.73113580252502,0.012302284710017574
4583,8,5684,11.747076338928856,24.0,24.0,24.0,23.0,24.0,24.0,24.0,23.857142857142858,7.0,7.0,7.0,7.0,7.0,7.0,7.0,7.0,7.0,7.0,7.0,7.0,7.0,7.0,7.0,7.0,6.0,7.0,7.0,7.0,7.0,7.0,7.0,7.0,0.007810974419058777,0.0,0.0,0.002148017965241164,0.002148017965241164,0.00019527436047646945,0.11286858035539933,0.8746338605741066,0.00019527436047646945,18,137.7447712123303,23.738014664410603,31.450930626057527,44.81105470953187,14.269599548787365,16.504512126339538,14.636209813874789,12.429498025944726,14.530456852791879,13.769035532994925,13.86068809926678,0.0,0.0,19.670050761421322,5.788212069937958,7.4097574732092495,0.0,0.021150592216582064,6.302876480541456,0.0,33.72109419063734,22.412577552171463,4.674280879864636,0.15105238331097287,86.73113580252502,0.012302284710017574
4598,2,189,5.560218809523809,6.0,3.0,2.0,0.0,1.0,7.0,6.0,3.5714285714285716,2.0,3.0,3.0,3.0,2.0,2.0,1.0,0.0,1.0,1.0,0.0,0.0,0.0,0.0,0.0,0.0,0.0,0.0,0.0,1.0,0.0,2.0,2.0,2.0,0.0,0.0,0.0,0.0,0.0,0.005291005291005291,0.037037037037037035,0.9523809523809523,0.005291005291005291,18,77.00214094620482,16.847826086956523,12.681159420289855,70.47101449275362,22.282608695652172,15.760869565217392,20.28985507246377,13.768115942028986,8.695652173913043,12.681159420289855,6.521739130434782,0.0,0.0,0.0,80.97826086956522,0.0,0.0,0.0,19.021739130434785,0.0,0.0,0.0,0.0,0.6015749308436402,111.66921345333903,0.005291005291005291
4598,2,189,5.560218809523809,6.0,3.0,2.0,0.0,1.0,7.0,6.0,3.5714285714285716,2.0,3.0,3.0,3.0,2.0,2.0,1.0,0.0,1.0,1.0,0.0,0.0,0.0,0.0,0.0,0.0,0.0,0.0,0.0,1.0,0.0,2.0,2.0,2.0,0.0,0.0,0.0,0.0,0.0,0.005291005291005291,0.037037037037037035,0.9523809523809523,0.005291005291005291,18,77.00214094620482,16.847826086956523,12.681159420289855,70.47101449275362,22.282608695652172,15.760869565217392,20.28985507246377,13.768115942028986,8.695652173913043,12.681159420289855,6.521739130434782,0.0,0.0,0.0,80.97826086956522,0.0,0.0,0.0,19.021739130434785,0.0,0.0,0.0,0.0,0.6015749308436402,111.66921345333903,0.005291005291005291
4601,8,3143,4.710893614814815,24.0,24.0,22.0,24.0,19.0,22.0,21.0,22.285714285714285,7.0,7.0,7.0,7.0,7.0,7.0,7.0,6.0,7.0,7.0,7.0,7.0,7.0,7.0,7.0,7.0,7.0,7.0,6.0,5.0,5.0,5.0,3.0,7.0,0.0022271714922048997,0.001590836780146357,0.0009545020680878142,0.001590836780146357,0.003818008272351257,0.001590836780146357,0.107858733693923,0.8800509067769647,0.0003181673560292714,18,105410.64057726476,35.478425994303194,33.932904314801135,30.588669690895664,14.315856102964448,13.50880894609136,13.914969933537295,13.7672750290115,14.827513450785949,15.249498892288216,14.416077645321238,1.0707880578120055,11.214263107922777,4.689313218693955,9.151809262580441,7.020782782993987,25.66198966135668,20.339698280409326,6.255934170271125,4.525793860111826,5.5332841016984915,4.536343496149383,0.0,1.1939625582809683,478.29844737396587,0.011772192173083042
4601,8,3143,4.710893614814815,24.0,24.0,22.0,24.0,19.0,22.0,21.0,22.285714285714285,7.0,7.0,7.0,7.0,7.0,7.0,7.0,6.0,7.0,7.0,7.0,7.0,7.0,7.0,7.0,7.0,7.0,7.0,6.0,5.0,5.0,5.0,3.0,7.0,0.0022271714922048997,0.001590836780146357,0.0009545020680878142,0.001590836780146357,0.003818008272351257,0.001590836780146357,0.107858733693923,0.8800509067769647,0.0003181673560292714,18,105410.64057726476,35.478425994303194,33.932904314801135,30.588669690895664,14.315856102964448,13.50880894609136,13.914969933537295,13.7672750290115,14.827513450785949,15.249498892288216,14.416077645321238,1.0707880578120055,11.214263107922777,4.689313218693955,9.151809262580441,7.020782782993987,25.66198966135668,20.339698280409326,6.255934170271125,4.525793860111826,5.5332841016984915,4.536343496149383,0.0,1.1939625582809683,478.29844737396587,0.011772192173083042
4605,8,714,16.462670664444445,0.0,0.0,15.0,24.0,24.0,14.0,0.0,11.0,3.0,3.0,3.0,3.0,3.0,3.0,3.0,3.0,3.0,4.0,4.0,4.0,4.0,4.0,3.0,3.0,3.0,3.0,3.0,3.0,3.0,3.0,3.0,3.0,0.0196078431372549,0.0,0.0,0.008403361344537815,0.0,0.0,0.008403361344537815,0.9621848739495799,0.0014005602240896359,18,21.404680787650868,28.000000000000004,31.76470588235294,40.23529411764706,30.823529411764707,0.0,18.0,0.0,32.82352941176471,0.0,18.352941176470587,0.0,0.0,0.0,0.0,0.0,0.0,0.0,0.0,0.0,0.0,100.0,0.0,0.1888948605289665,9.209898884091775,0.028011204481792718
4665,1,12,0.0,0.0,0.0,0.0,0.0,0.0,2.0,0.0,0.2857142857142857,0.0,0.0,0.0,0.0,0.0,0.0,0.0,0.0,0.0,0.0,0.0,0.0,0.0,0.0,0.0,0.0,0.0,0.0,1.0,1.0,0.0,0.0,0.0,0.0,0.0,0.0,0.0,0.0,0.0,0.0,0.0,0.9166666666666666,0.08333333333333333,18,800.4316765064036,26.041666666666668,0.0,73.95833333333334,3.125,0.0,18.75,75.0,3.125,0.0,0.0,0.0,0.0,0.0,0.0,0.0,0.0,0.0,0.0,0.0,0.0,0.0,100.0,0.0,0.0,0.0
4688,22,18396,4.092958343234323,5.0,5.0,6.0,6.0,5.0,7.0,6.0,5.714285714285714,7.0,7.0,7.0,7.0,5.0,3.0,3.0,1.0,0.0,0.0,0.0,0.0,0.0,0.0,0.0,0.0,0.0,0.0,0.0,0.0,0.0,0.0,0.0,0.0,0.033728813559322036,0.0005649717514124294,0.00033898305084745765,0.01638418079096045,0.026045197740112994,0.004124293785310734,0.11819209039548023,0.8005649717514124,5.649717514124294e-05,18,9272.633369616593,27.647986503337492,28.85186679380914,43.50014670285337,14.978361329127852,14.106396244406955,14.739052299567227,14.377796523142376,13.962444069537153,13.713966111640872,14.12198342257757,6.709821756033155,5.671899068436881,13.646116041957015,7.89169661849923,8.874605736081568,4.015073718183819,3.537372551896134,5.549035428739089,7.214112814494242,12.343211325460281,13.616775471282915,10.930279468935671,2.122043395171832,541.2802151987064,0.0811864406779661
4698,5,214,4.4980316005291,12.0,11.0,2.0,4.0,7.0,12.0,8.0,8.0,2.0,1.0,1.0,2.0,3.0,3.0,2.0,0.0,1.0,2.0,4.0,4.0,2.0,1.0,3.0,3.0,5.0,2.0,2.0,2.0,2.0,5.0,2.0,2.0,0.009345794392523364,0.004672897196261682,0.0,0.004672897196261682,0.018691588785046728,0.004672897196261682,0.17289719626168223,0.780373831775701,0.004672897196261682,18,1715595.977760277,16.835164835164836,26.41758241758242,56.74725274725275,17.36263736263736,15.164835164835164,7.9120879120879115,11.20879120879121,14.68131868131868,17.054945054945055,16.615384615384617,0.04395604395604395,0.0,0.0,56.219780219780226,26.021978021978022,0.3076923076923077,0.0879120879120879,16.7032967032967,0.6153846153846154,0.0,0.0,0.0,3.0762139958286414,209.92129206860142,0.04205607476635514
4698,5,214,4.4980316005291,12.0,11.0,2.0,4.0,7.0,12.0,8.0,8.0,2.0,1.0,1.0,2.0,3.0,3.0,2.0,0.0,1.0,2.0,4.0,4.0,2.0,1.0,3.0,3.0,5.0,2.0,2.0,2.0,2.0,5.0,2.0,2.0,0.009345794392523364,0.004672897196261682,0.0,0.004672897196261682,0.018691588785046728,0.004672897196261682,0.17289719626168223,0.780373831775701,0.004672897196261682,18,1715595.977760277,16.835164835164836,26.41758241758242,56.74725274725275,17.36263736263736,15.164835164835164,7.9120879120879115,11.20879120879121,14.68131868131868,17.054945054945055,16.615384615384617,0.04395604395604395,0.0,0.0,56.219780219780226,26.021978021978022,0.3076923076923077,0.0879120879120879,16.7032967032967,0.6153846153846154,0.0,0.0,0.0,3.0762139958286414,209.92129206860142,0.04205607476635514
4706,7,197,11.07086111111111,6.0,11.0,11.0,10.0,15.0,3.0,3.0,8.428571428571429,1.0,2.0,1.0,2.0,1.0,4.0,3.0,4.0,3.0,3.0,6.0,4.0,4.0,0.0,2.0,2.0,4.0,4.0,3.0,3.0,0.0,1.0,2.0,0.0,0.050761421319796954,0.0,0.0,0.015228426395939087,0.015228426395939087,0.005076142131979695,0.2893401015228426,0.6142131979695431,0.01015228426395939,18,12586.789550056716,27.233860624198375,31.08165882855921,41.684480547242416,17.18683197947841,6.284737067122702,12.312954253954683,8.465156049593842,24.711415134672936,12.270200940572893,18.76870457460453,100.0,0.0,0.0,0.0,0.0,0.0,0.0,0.0,0.0,0.0,0.0,0.0,7.3430902079961955,1136.697321881849,0.08629441624365482
4783,14,33771,20.429644097222223,24.0,24.0,24.0,24.0,24.0,24.0,24.0,24.0,7.0,7.0,7.0,7.0,7.0,7.0,7.0,7.0,7.0,7.0,7.0,7.0,7.0,7.0,7.0,7.0,7.0,7.0,7.0,7.0,7.0,7.0,7.0,7.0,0.0331974893654996,0.0,0.0,0.0036886099294999555,0.004729749828955588,0.0002974685427016093,0.007853169527322486,0.9502037659517506,2.974685427016093e-05,18,169217.29962638865,29.44605584939999,29.576864016379457,40.97708013422056,12.753796280498209,17.042029232781665,13.623954956492065,13.751919467667634,12.20497071034522,16.66951032247057,13.95381902974464,11.508275038389353,0.0,18.699880566456237,13.589831086845248,22.186202582039467,0.0,0.0,21.242108855144174,0.0,9.193539214013535,3.5801626571119836,0.0,0.3373105658532604,157.21421981670272,0.04191331766665675
4788,8,2206,6.392752714120371,19.0,14.0,17.0,13.0,17.0,19.0,23.0,17.428571428571427,7.0,5.0,5.0,5.0,1.0,5.0,7.0,5.0,4.0,4.0,3.0,6.0,5.0,4.0,6.0,6.0,6.0,3.0,4.0,6.0,5.0,6.0,7.0,7.0,0.029612756264236904,0.0,0.0,0.015034168564920273,0.015034168564920273,0.0018223234624145787,0.22095671981776766,0.7170842824601367,0.00045558086560364467,18,2036.015412004718,37.95848567048001,41.496638754570114,20.544875574949874,14.736407595235287,14.677438377167118,13.055784880292487,12.513268074065337,15.054841372803395,15.2317490270079,14.730510673428471,0.0,0.0,19.206274324802454,18.480952942563984,19.206274324802454,0.0,0.0,6.27432480245312,0.0,19.36549121358651,11.25722372921335,6.209458662578134,1.001532751536074,158.51684884721018,0.06150341685649203
4802,3,40,0.0,0.0,0.0,7.0,0.0,0.0,1.0,0.0,1.1428571428571428,0.0,0.0,0.0,0.0,0.0,0.0,0.0,0.0,0.0,1.0,1.0,0.0,1.0,0.0,1.0,1.0,1.0,1.0,1.0,0.0,0.0,0.0,0.0,0.0,0.025,0.0,0.0,0.0,0.025,0.0,0.1,0.825,0.025,18,1412.5069538080804,36.62337662337662,36.103896103896105,27.27272727272727,0.0,35.324675324675326,8.051948051948052,18.181818181818183,0.7792207792207793,1.2987012987012987,36.36363636363637,0.0,0.0,0.0,0.0,0.0,28.83116883116883,71.16883116883118,0.0,0.0,0.0,0.0,0.0,1.3201805913586744,46.42348601810888,0.05
4802,3,40,0.0,0.0,0.0,7.0,0.0,0.0,1.0,0.0,1.1428571428571428,0.0,0.0,0.0,0.0,0.0,0.0,0.0,0.0,0.0,1.0,1.0,0.0,1.0,0.0,1.0,1.0,1.0,1.0,1.0,0.0,0.0,0.0,0.0,0.0,0.025,0.0,0.0,0.0,0.025,0.0,0.1,0.825,0.025,18,1412.5069538080804,36.62337662337662,36.103896103896105,27.27272727272727,0.0,35.324675324675326,8.051948051948052,18.181818181818183,0.7792207792207793,1.2987012987012987,36.36363636363637,0.0,0.0,0.0,0.0,0.0,28.83116883116883,71.16883116883118,0.0,0.0,0.0,0.0,0.0,1.3201805913586744,46.42348601810888,0.05
4815,26,9937,15.63053905390539,13.0,21.0,21.0,22.0,8.0,17.0,23.0,17.857142857142858,7.0,7.0,7.0,7.0,7.0,7.0,7.0,7.0,5.0,3.0,2.0,2.0,4.0,4.0,4.0,4.0,6.0,5.0,4.0,4.0,5.0,6.0,5.0,6.0,0.05987957181088314,0.0015611061552185548,0.0012265834076717217,0.012154326494201605,0.017395182872435324,0.0036797502230151652,0.07036128456735058,0.8336306868867083,0.00011150758251561107,18,198327.28150566784,29.260450160771708,29.921400500178635,40.81814933904966,14.11664880314398,13.9156841729189,14.625759199714183,12.888531618435156,13.044837441943551,15.206323687031082,16.202215076813147,14.86691675598428,0.6520185780635942,0.0,0.0,0.0,24.36584494462308,23.142193640585923,0.0,35.68238656663094,0.0,1.290639514112183,0.0,2.399911626155856,787.5823587692769,0.09589652096342552
4830,18,2980,9.144688528928336,23.0,24.0,21.0,20.0,20.0,17.0,20.0,20.714285714285715,7.0,7.0,7.0,7.0,7.0,7.0,7.0,7.0,6.0,7.0,7.0,5.0,5.0,6.0,6.0,5.0,4.0,4.0,5.0,4.0,7.0,6.0,5.0,7.0,0.023865546218487396,0.0013445378151260505,0.0013445378151260505,0.011764705882352941,0.01815126050420168,0.006386554621848739,0.24974789915966386,0.6870588235294117,0.0003361344537815126,18,130335.65369190152,36.89395059902381,28.046147019671647,35.05990238130454,13.826357047774,14.767046294926786,14.43573435882266,14.391362224523,14.25232953705073,14.344031947936694,13.98313858896613,19.772223043928413,0.0,14.67238574175418,13.140068037272593,13.225854163585268,4.023073509835823,8.336044963762756,16.500517674900163,5.262535127939654,5.067297737021151,0.0,0.0,2.4330883656860425,460.96526616047703,0.06285714285714286
4830,18,2980,9.144688528928336,23.0,24.0,21.0,20.0,20.0,17.0,20.0,20.714285714285715,7.0,7.0,7.0,7.0,7.0,7.0,7.0,7.0,6.0,7.0,7.0,5.0,5.0,6.0,6.0,5.0,4.0,4.0,5.0,4.0,7.0,6.0,5.0,7.0,0.023865546218487396,0.0013445378151260505,0.0013445378151260505,0.011764705882352941,0.01815126050420168,0.006386554621848739,0.24974789915966386,0.6870588235294117,0.0003361344537815126,18,130335.65369190152,36.89395059902381,28.046147019671647,35.05990238130454,13.826357047774,14.767046294926786,14.43573435882266,14.391362224523,14.25232953705073,14.344031947936694,13.98313858896613,19.772223043928413,0.0,14.67238574175418,13.140068037272593,13.225854163585268,4.023073509835823,8.336044963762756,16.500517674900163,5.262535127939654,5.067297737021151,0.0,0.0,2.4330883656860425,460.96526616047703,0.06285714285714286
4838,1,16,0.0,0.0,0.0,0.0,0.0,0.0,3.0,0.0,0.42857142857142855,0.0,0.0,0.0,0.0,0.0,0.0,0.0,1.0,1.0,1.0,0.0,0.0,0.0,0.0,0.0,0.0,0.0,0.0,0.0,0.0,0.0,0.0,0.0,0.0,0.0,0.0,0.0,0.0,0.0,0.0,0.0,0.9375,0.0625,18,0.002463559720865471,0.0,100.0,0.0,0.0,0.0,100.0,0.0,0.0,0.0,0.0,0.0,0.0,0.0,0.0,0.0,0.0,0.0,0.0,0.0,100.0,0.0,0.0,0.07527141169405668,0.5407205768084965,0.0
4840,3,202,4.322166666666667,7.0,5.0,4.0,7.0,10.0,11.0,9.0,7.571428571428571,4.0,2.0,2.0,0.0,2.0,2.0,3.0,2.0,3.0,3.0,2.0,2.0,3.0,2.0,1.0,0.0,0.0,2.0,3.0,4.0,3.0,3.0,2.0,3.0,0.039603960396039604,0.0,0.0,0.0049504950495049506,0.0049504950495049506,0.0,0.20297029702970298,0.7425742574257426,0.0049504950495049506,18,185.87362347971893,28.157474020783376,20.963229416466827,50.8792965627498,14.788169464428458,13.009592326139089,11.211031175059953,13.709032773780974,20.783373301358914,15.447641886490807,11.051159072741806,0.0,0.0,0.0,3.7170263788968825,0.0,77.35811350919265,18.924860111910473,0.0,0.0,0.0,0.0,0.0,0.3845942392842981,22.75338515950908,0.04950495049504951
4840,3,202,4.322166666666667,7.0,5.0,4.0,7.0,10.0,11.0,9.0,7.571428571428571,4.0,2.0,2.0,0.0,2.0,2.0,3.0,2.0,3.0,3.0,2.0,2.0,3.0,2.0,1.0,0.0,0.0,2.0,3.0,4.0,3.0,3.0,2.0,3.0,0.039603960396039604,0.0,0.0,0.0049504950495049506,0.0049504950495049506,0.0,0.20297029702970298,0.7425742574257426,0.0049504950495049506,18,185.87362347971893,28.157474020783376,20.963229416466827,50.8792965627498,14.788169464428458,13.009592326139089,11.211031175059953,13.709032773780974,20.783373301358914,15.447641886490807,11.051159072741806,0.0,0.0,0.0,3.7170263788968825,0.0,77.35811350919265,18.924860111910473,0.0,0.0,0.0,0.0,0.0,0.3845942392842981,22.75338515950908,0.04950495049504951
4865,9,2011,6.205794797687861,18.0,15.0,14.0,16.0,13.0,17.0,17.0,15.714285714285714,5.0,5.0,3.0,2.0,6.0,7.0,7.0,7.0,5.0,2.0,4.0,4.0,4.0,4.0,5.0,1.0,0.0,2.0,5.0,7.0,6.0,7.0,6.0,6.0,0.0688279301745636,0.000997506234413965,0.0004987531172069825,0.0344139650872818,0.027930174563591023,0.000997506234413965,0.32468827930174565,0.5411471321695761,0.0004987531172069825,18,309883.6411382876,27.650455173390952,29.421557861924835,42.92798696468421,13.952746980269918,15.125216960079346,13.842938613580817,13.75792568453119,14.402607063157522,14.331762955616167,14.586801742765045,0.0,15.405051184867698,16.389784279692538,0.0,1.7285962240090682,17.820835252027916,0.0,0.0,0.0,16.205589600085013,17.38160178527151,15.068541674046262,2.2341280453964205,338.4494001577388,0.1336658354114713
4898,8,628,6.521695156695156,12.0,15.0,17.0,17.0,11.0,12.0,12.0,13.714285714285714,0.0,0.0,0.0,1.0,1.0,3.0,5.0,4.0,7.0,3.0,7.0,6.0,2.0,6.0,4.0,6.0,6.0,5.0,5.0,5.0,5.0,6.0,7.0,2.0,0.050955414012738856,0.0,0.0,0.030254777070063694,0.041401273885350316,0.006369426751592357,0.2531847133757962,0.6162420382165605,0.0015923566878980893,18,1306.2752355548482,30.690121786197565,28.66035182679296,40.64952638700947,15.30446549391069,12.7063599458728,17.726657645466847,14.749661705006767,13.829499323410014,12.219215155615696,13.464140730717187,0.0,0.0,0.0,0.0,0.0,0.0,0.0,0.0,0.0,0.0,30.392422192151557,69.60757780784844,2.99887761070097,114.20114919717847,0.12898089171974522
4903,15,5638,13.787908163265305,17.0,16.0,11.0,11.0,15.0,15.0,21.0,15.142857142857142,7.0,7.0,7.0,7.0,7.0,7.0,7.0,6.0,5.0,5.0,2.0,2.0,2.0,0.0,1.0,2.0,3.0,1.0,3.0,3.0,3.0,6.0,7.0,6.0,0.04213179690313288,0.00018005041411595248,0.00036010082823190496,0.02106589845156644,0.011883327331652862,0.0014404033129276198,0.04807346056895931,0.8746849117752971,0.00018005041411595248,18,28319.302805701493,30.393145161290324,29.527889784946236,40.07896505376344,13.978494623655912,13.09643817204301,14.205309139784946,14.264112903225806,16.40625,13.062836021505376,14.986559139784946,0.0,0.0,0.0,0.0,0.0,0.0,13.247647849462366,0.0,0.0,0.0,56.67842741935484,30.073924731182792,1.2178618300798356,479.36038176484385,0.07706157724162765
4910,4,743,11.983939393939393,8.0,24.0,22.0,24.0,24.0,24.0,12.0,19.714285714285715,6.0,6.0,6.0,6.0,6.0,5.0,5.0,5.0,6.0,6.0,6.0,6.0,6.0,5.0,5.0,5.0,6.0,6.0,6.0,6.0,6.0,6.0,6.0,6.0,0.005383580080753701,0.0,0.0,0.0,0.004037685060565276,0.0,0.16823687752355315,0.8209959623149394,0.0013458950201884253,18,832.9779419817766,26.463104325699742,29.34690415606446,44.18999151823579,24.173027989821882,1.1874469889737065,25.10602205258694,12.637828668363019,22.391857506361323,4.325699745547073,10.178117048346055,0.0,0.0,0.0,2.035623409669211,2.205258693808312,0.0,0.0,95.75911789652247,0.0,0.0,0.0,0.0,0.27199533372591506,50.858257369842775,0.009421265141318977
4910,4,743,11.983939393939393,8.0,24.0,22.0,24.0,24.0,24.0,12.0,19.714285714285715,6.0,6.0,6.0,6.0,6.0,5.0,5.0,5.0,6.0,6.0,6.0,6.0,6.0,5.0,5.0,5.0,6.0,6.0,6.0,6.0,6.0,6.0,6.0,6.0,0.005383580080753701,0.0,0.0,0.0,0.004037685060565276,0.0,0.16823687752355315,0.8209959623149394,0.0013458950201884253,18,832.9779419817766,26.463104325699742,29.34690415606446,44.18999151823579,24.173027989821882,1.1874469889737065,25.10602205258694,12.637828668363019,22.391857506361323,4.325699745547073,10.178117048346055,0.0,0.0,0.0,2.035623409669211,2.205258693808312,0.0,0.0,95.75911789652247,0.0,0.0,0.0,0.0,0.27199533372591506,50.858257369842775,0.009421265141318977
4911,15,4501,9.822857142857144,16.0,13.0,8.0,11.0,16.0,20.0,22.0,15.142857142857142,7.0,7.0,7.0,7.0,7.0,7.0,5.0,3.0,2.0,3.0,3.0,4.0,3.0,3.0,2.0,1.0,2.0,3.0,1.0,5.0,6.0,6.0,6.0,6.0,0.044642857142857144,0.0,0.0,0.013616071428571429,0.0109375,0.0002232142857142857,0.07120535714285714,0.8591517857142857,0.0002232142857142857,18,94610.22336317842,29.07829070492826,29.967248908296945,40.9544603867748,13.927011852776044,12.967872738615096,14.683406113537117,8.842794759825328,18.785090455396134,16.554897067997505,14.238927011852775,0.0,7.283218964441672,15.291640673736746,0.0,0.0,35.72208359326263,25.569245165315035,0.0,2.432938240798503,7.548346849656894,6.035558328134747,0.11696818465377418,0.6879341069693343,106.77327904101354,0.06941964285714286
4975,42,47355,16.764018324607328,18.0,12.0,14.0,17.0,13.0,23.0,21.0,16.857142857142858,7.0,7.0,7.0,7.0,7.0,7.0,7.0,6.0,3.0,3.0,2.0,2.0,1.0,2.0,3.0,4.0,3.0,2.0,5.0,6.0,6.0,7.0,7.0,7.0,0.03545459833633878,0.0003490198359606771,0.0002617648769705078,0.006776801814903147,0.0037810482229073353,0.0006689546855912977,0.010441510092490256,0.9422372171485079,2.9084986330056425e-05,18,1656501.4432506475,32.289593473505825,34.167536997260925,33.54286952923326,18.956785622795437,11.332689617120224,14.369322324472384,9.080339724515735,17.57148205805269,14.629436222830904,14.059944430212623,5.6633889688060375,18.994226259680374,0.0,9.304983545825369,0.0,25.95424360060693,13.023429956450627,15.46692415315191,11.27554338187479,0.0,0.0,0.3172601336039569,0.6839829691132017,831.0029357716778,0.047292187772671745
4977,6,1279,3.5873784920634924,7.0,15.0,21.0,24.0,22.0,13.0,9.0,15.857142857142858,3.0,4.0,4.0,4.0,4.0,3.0,4.0,3.0,4.0,5.0,5.0,3.0,5.0,6.0,5.0,6.0,6.0,6.0,6.0,5.0,6.0,5.0,5.0,4.0,0.003909304143862392,0.0,0.0007818608287724785,0.003909304143862392,0.003127443315089914,0.0007818608287724785,0.07505863956215794,0.9116497263487099,0.0007818608287724785,18,5854.904807118948,33.69891721969962,29.542438002095707,36.75864477820468,14.27174292699965,17.946210268948658,14.63499825358016,11.58924205378973,13.601117708697172,14.19490045406916,13.761788333915472,3.695424380020957,2.2913028292001396,28.06147397834439,11.93154034229829,7.998602864128536,2.018861334264757,0.0,18.407265106531607,0.0,9.633251833740832,5.232273838630807,10.730003492839678,0.6964909108394784,521.8529199310633,0.012509773260359656
4977,6,1279,3.5873784920634924,7.0,15.0,21.0,24.0,22.0,13.0,9.0,15.857142857142858,3.0,4.0,4.0,4.0,4.0,3.0,4.0,3.0,4.0,5.0,5.0,3.0,5.0,6.0,5.0,6.0,6.0,6.0,6.0,5.0,6.0,5.0,5.0,4.0,0.003909304143862392,0.0,0.0007818608287724785,0.003909304143862392,0.003127443315089914,0.0007818608287724785,0.07505863956215794,0.9116497263487099,0.0007818608287724785,18,5854.904807118948,33.69891721969962,29.542438002095707,36.75864477820468,14.27174292699965,17.946210268948658,14.63499825358016,11.58924205378973,13.601117708697172,14.19490045406916,13.761788333915472,3.695424380020957,2.2913028292001396,28.06147397834439,11.93154034229829,7.998602864128536,2.018861334264757,0.0,18.407265106531607,0.0,9.633251833740832,5.232273838630807,10.730003492839678,0.6964909108394784,521.8529199310633,0.012509773260359656
4986,14,3489,4.1344993472222225,9.0,11.0,8.0,7.0,11.0,17.0,12.0,10.714285714285714,7.0,4.0,5.0,6.0,3.0,3.0,6.0,5.0,2.0,4.0,3.0,1.0,2.0,0.0,1.0,0.0,1.0,1.0,1.0,3.0,4.0,5.0,3.0,5.0,0.0644883920894239,0.002866150759529951,0.0,0.02522212668386357,0.046145027228432216,0.02235597592433362,0.19145887073660076,0.646603611349957,0.0008598452278589854,18,2787084.1346615297,28.43407447315527,28.84850494208334,42.71742058476139,14.272985349882925,14.219109388922273,14.063697963074246,13.815039681717401,14.399386642905988,14.46362336558984,14.766157607907331,0.0,16.475683292235647,0.0,0.0,0.0,16.139994612403903,15.965933815454111,0.0,11.1875505087134,8.477175241923787,16.05710851861829,15.696554010650862,9.636964838587517,7733.843438877446,0.16107767268558326
5014,15,28919,19.940207355242567,24.0,24.0,24.0,24.0,24.0,23.0,24.0,23.857142857142858,7.0,7.0,7.0,7.0,7.0,7.0,7.0,7.0,6.0,7.0,7.0,7.0,7.0,7.0,7.0,7.0,7.0,7.0,7.0,7.0,7.0,7.0,7.0,7.0,0.03258855204727438,0.0,0.0,0.0012937515297737684,0.0018532116507570195,0.0001048987726843596,0.006678555194237561,0.9574460645477114,3.49662575614532e-05,18,1091.3532842988172,28.47415749705519,31.033987416324305,40.49185508662051,13.942597753325481,13.258827247392766,13.640934294825755,15.27566294136237,14.307466888844198,14.586146464791566,14.98836440945787,0.0,0.0,16.9879621915132,17.226419972993938,24.78811733272043,0.0,0.0,3.61134254603959,0.0,23.262562128307522,2.1346280920504497,11.988967736374867,0.28940878989951513,95.46525572602863,0.035840414000489526
5027,7,817,3.918022447368421,15.0,17.0,13.0,12.0,17.0,15.0,9.0,14.0,2.0,5.0,5.0,2.0,3.0,2.0,4.0,5.0,2.0,5.0,5.0,4.0,5.0,5.0,5.0,7.0,7.0,6.0,4.0,4.0,5.0,2.0,2.0,2.0,0.06134969325153374,0.0,0.0,0.0036809815950920245,0.001226993865030675,0.0,0.26625766871165646,0.6662576687116565,0.001226993865030675,18,45.10987997934952,33.260922037171134,30.741008930726526,35.99806903210234,14.380883417813179,12.976104272266472,13.656770456191166,13.18851074100893,15.31740284817765,15.071204441226167,15.409123823316436,30.871349263818487,0.0,7.839729664494328,17.29181752353367,20.033791938209028,0.0,0.0,23.2729905865315,0.6903210234129857,0.0,0.0,0.0,0.28005187467040427,25.196006911843174,0.06625766871165645
5027,7,817,3.918022447368421,15.0,17.0,13.0,12.0,17.0,15.0,9.0,14.0,2.0,5.0,5.0,2.0,3.0,2.0,4.0,5.0,2.0,5.0,5.0,4.0,5.0,5.0,5.0,7.0,7.0,6.0,4.0,4.0,5.0,2.0,2.0,2.0,0.06134969325153374,0.0,0.0,0.0036809815950920245,0.001226993865030675,0.0,0.26625766871165646,0.6662576687116565,0.001226993865030675,18,45.10987997934952,33.260922037171134,30.741008930726526,35.99806903210234,14.380883417813179,12.976104272266472,13.656770456191166,13.18851074100893,15.31740284817765,15.071204441226167,15.409123823316436,30.871349263818487,0.0,7.839729664494328,17.29181752353367,20.033791938209028,0.0,0.0,23.2729905865315,0.6903210234129857,0.0,0.0,0.0,0.28005187467040427,25.196006911843174,0.06625766871165645
5031,9,21350,17.289633170175808,24.0,22.0,23.0,22.0,24.0,24.0,24.0,23.285714285714285,7.0,7.0,7.0,7.0,6.0,7.0,7.0,5.0,5.0,7.0,7.0,7.0,7.0,7.0,7.0,7.0,7.0,7.0,7.0,7.0,7.0,7.0,7.0,7.0,0.023747072599531616,0.0,0.0,0.004496487119437939,0.0027634660421545667,0.0,0.026557377049180327,0.9423887587822014,4.68384074941452e-05,18,10616725.805094266,25.734890109890106,32.45879120879121,41.806318681318686,16.236263736263737,13.011675824175825,13.69162087912088,12.644230769230768,15.432692307692308,14.203296703296703,14.780219780219781,11.655219780219781,27.99107142857143,0.0,0.04120879120879121,0.020604395604395604,22.9635989010989,5.542582417582417,0.10645604395604395,14.457417582417584,0.0,5.326236263736264,11.895604395604394,0.33659780277023343,321.3705883791216,0.031007025761124123
5060,10,1852,12.536902112932607,13.0,16.0,16.0,17.0,15.0,14.0,15.0,15.142857142857142,7.0,7.0,6.0,6.0,5.0,7.0,5.0,5.0,4.0,5.0,6.0,4.0,4.0,5.0,4.0,3.0,0.0,4.0,4.0,2.0,2.0,0.0,4.0,7.0,0.09479956663055254,0.0,0.0,0.03304442036836403,0.0314192849404117,0.0,0.2258938244853738,0.6143011917659805,0.0005417118093174431,18,764.4529020901974,28.873705091470136,26.184703548600396,44.94159135992947,15.759312320916905,11.95724046726912,14.084196605686577,14.646242010138858,14.822569980163102,13.51113070310778,15.219307912717655,0.0,0.0,52.534714569098526,0.0,0.0,0.0,0.0,0.0,0.0,31.84923958562927,15.616045845272206,0.0,1.5569517682440135,56.188246764632765,0.15926327193932827
5071,12,11523,18.476688596491226,9.0,14.0,16.0,16.0,20.0,11.0,17.0,14.714285714285714,7.0,7.0,7.0,7.0,7.0,6.0,1.0,2.0,4.0,5.0,5.0,3.0,1.0,5.0,4.0,4.0,4.0,3.0,4.0,3.0,2.0,3.0,4.0,5.0,0.10292458561138593,8.678295582747549e-05,0.00017356591165495098,0.0036448841447539702,0.00269027163065174,0.00017356591165495098,0.03167577887702855,0.858543782001215,8.678295582747549e-05,18,6444.036994781645,29.28598701794578,28.985299732722414,41.728713249331804,14.576174112256588,14.0893470790378,13.14910271095838,13.120465826651392,15.024818633066056,15.077319587628866,14.962772050400917,0.3865979381443299,0.06681939671630394,0.0,0.0,0.0,17.24417716685758,41.09870179457808,0.0,41.19415807560137,0.0,0.0,0.009545628102329133,0.534571259168865,581.34924619798,0.10969365616592901
5191,7,113,0.0,0.0,7.0,4.0,5.0,3.0,7.0,3.0,4.142857142857143,0.0,0.0,0.0,0.0,0.0,0.0,1.0,1.0,1.0,1.0,2.0,2.0,2.0,2.0,1.0,3.0,4.0,2.0,1.0,1.0,2.0,2.0,1.0,0.0,0.061946902654867256,0.0,0.0,0.035398230088495575,0.017699115044247787,0.05309734513274336,0.1415929203539823,0.6814159292035398,0.008849557522123894,18,8562.708956233388,43.15642458100559,32.68156424581006,24.162011173184357,28.77094972067039,0.0,12.988826815642456,10.893854748603351,18.296089385474858,17.59776536312849,11.452513966480447,0.0,0.0,0.0,0.0,0.0,0.0,0.0,0.0,0.0,100.0,0.0,0.0,8.636686530834124,189.09390019486767,0.168141592920354
5252,2,24,0.0,0.0,2.0,0.0,0.0,1.0,3.0,1.0,1.0,0.0,0.0,0.0,0.0,0.0,0.0,0.0,0.0,1.0,0.0,0.0,0.0,1.0,0.0,1.0,1.0,0.0,0.0,1.0,0.0,1.0,1.0,0.0,0.0,0.08333333333333333,0.0,0.0,0.0,0.041666666666666664,0.0,0.20833333333333334,0.625,0.041666666666666664,18,231.14457813888546,27.974276527331188,19.45337620578778,52.572347266881025,20.176848874598072,8.842443729903538,30.385852090032156,18.64951768488746,9.887459807073954,11.57556270096463,0.482315112540193,74.43729903536978,0.0,0.0,0.0,0.0,0.0,0.0,12.700964630225082,12.861736334405144,0.0,0.0,0.0,1.6937445056543485,32.90091769108814,0.125
5252,2,24,0.0,0.0,2.0,0.0,0.0,1.0,3.0,1.0,1.0,0.0,0.0,0.0,0.0,0.0,0.0,0.0,0.0,1.0,0.0,0.0,0.0,1.0,0.0,1.0,1.0,0.0,0.0,1.0,0.0,1.0,1.0,0.0,0.0,0.08333333333333333,0.0,0.0,0.0,0.041666666666666664,0.0,0.20833333333333334,0.625,0.041666666666666664,18,231.14457813888546,27.974276527331188,19.45337620578778,52.572347266881025,20.176848874598072,8.842443729903538,30.385852090032156,18.64951768488746,9.887459807073954,11.57556270096463,0.482315112540193,74.43729903536978,0.0,0.0,0.0,0.0,0.0,0.0,12.700964630225082,12.861736334405144,0.0,0.0,0.0,1.6937445056543485,32.90091769108814,0.125
5258,15,3984,9.021335297339593,21.0,22.0,21.0,22.0,19.0,20.0,23.0,21.142857142857142,7.0,7.0,6.0,6.0,7.0,7.0,7.0,7.0,7.0,7.0,5.0,6.0,7.0,5.0,5.0,5.0,7.0,6.0,5.0,6.0,5.0,6.0,6.0,6.0,0.007028112449799197,0.002008032128514056,0.0037650602409638554,0.0035140562248995983,0.01430722891566265,0.007530120481927711,0.05471887550200803,0.9066265060240963,0.000502008032128514,18,216956.4336941119,25.898191667330515,26.049549908388432,48.05225842428105,17.42213016808731,15.422608141480124,7.559945829682148,7.193499561857723,16.466183382458375,17.99569823946467,17.93993467696965,15.494304150402293,12.753923364932685,0.0,9.742690990201545,0.0,21.931012506970447,15.016330757587829,8.276905918903847,11.797976579303752,0.0,0.0,4.986855731697602,4.437127464525032,1221.0659276471638,0.03815261044176707
5315,3,25,0.0,7.0,0.0,0.0,5.0,1.0,0.0,2.0,2.142857142857143,0.0,0.0,0.0,0.0,0.0,1.0,1.0,1.0,0.0,1.0,0.0,1.0,0.0,2.0,0.0,1.0,3.0,2.0,1.0,1.0,0.0,0.0,0.0,0.0,0.04,0.0,0.0,0.0,0.0,0.0,0.44,0.48,0.04,18,145.04040454545918,39.03133903133903,32.62108262108262,28.347578347578345,14.387464387464387,17.94871794871795,17.236467236467238,16.524216524216524,13.105413105413104,17.806267806267805,2.9914529914529915,0.0,0.0,0.0,0.0,0.0,0.0,0.0,0.0,0.0,0.0,0.0,100.0,0.8871382645864822,5.012169542927001,0.04
5315,3,25,0.0,7.0,0.0,0.0,5.0,1.0,0.0,2.0,2.142857142857143,0.0,0.0,0.0,0.0,0.0,1.0,1.0,1.0,0.0,1.0,0.0,1.0,0.0,2.0,0.0,1.0,3.0,2.0,1.0,1.0,0.0,0.0,0.0,0.0,0.04,0.0,0.0,0.0,0.0,0.0,0.44,0.48,0.04,18,145.04040454545918,39.03133903133903,32.62108262108262,28.347578347578345,14.387464387464387,17.94871794871795,17.236467236467238,16.524216524216524,13.105413105413104,17.806267806267805,2.9914529914529915,0.0,0.0,0.0,0.0,0.0,0.0,0.0,0.0,0.0,0.0,0.0,100.0,0.8871382645864822,5.012169542927001,0.04
5353,7,1465,5.06037288888889,21.0,19.0,23.0,19.0,15.0,24.0,24.0,20.714285714285715,7.0,5.0,6.0,5.0,5.0,7.0,7.0,6.0,7.0,6.0,7.0,7.0,5.0,7.0,7.0,7.0,3.0,6.0,6.0,5.0,6.0,6.0,6.0,6.0,0.04230235783633842,0.0,0.0,0.009015256588072122,0.0062413314840499305,0.0027739251040221915,0.2621359223300971,0.6768377253814147,0.0006934812760055479,18,12586431.2288571,32.827470902192786,24.91801170342743,42.25451739437978,14.487814288470194,15.761044305832423,12.790174265320559,13.568259275930808,14.031252009517074,14.609992926499904,14.75146292842904,23.28467622660922,3.472445501896984,1.5818918397530704,2.4049900327953186,1.7297922963153494,10.725998328081795,12.307890167834866,18.584013889782007,19.664330268149957,0.9388463764388143,3.7360941418558293,1.5690309304867853,0.906986205176992,133.09763072163312,0.060332871012482664
5353,7,1465,5.06037288888889,21.0,19.0,23.0,19.0,15.0,24.0,24.0,20.714285714285715,7.0,5.0,6.0,5.0,5.0,7.0,7.0,6.0,7.0,6.0,7.0,7.0,5.0,7.0,7.0,7.0,3.0,6.0,6.0,5.0,6.0,6.0,6.0,6.0,0.04230235783633842,0.0,0.0,0.009015256588072122,0.0062413314840499305,0.0027739251040221915,0.2621359223300971,0.6768377253814147,0.0006934812760055479,18,12586431.2288571,32.827470902192786,24.91801170342743,42.25451739437978,14.487814288470194,15.761044305832423,12.790174265320559,13.568259275930808,14.031252009517074,14.609992926499904,14.75146292842904,23.28467622660922,3.472445501896984,1.5818918397530704,2.4049900327953186,1.7297922963153494,10.725998328081795,12.307890167834866,18.584013889782007,19.664330268149957,0.9388463764388143,3.7360941418558293,1.5690309304867853,0.906986205176992,133.09763072163312,0.060332871012482664
5491,1,4,0.0,0.0,0.0,0.0,1.0,0.0,0.0,0.0,0.14285714285714285,0.0,0.0,0.0,0.0,0.0,0.0,0.0,0.0,0.0,0.0,0.0,0.0,0.0,0.0,0.0,0.0,0.0,0.0,0.0,1.0,0.0,0.0,0.0,0.0,0.0,0.0,0.0,0.0,0.0,0.0,0.0,0.75,0.25,18,1.0915580837932752,50.79365079365079,22.22222222222222,26.984126984126984,24.71655328798186,23.12925170068027,3.1746031746031744,3.8548752834467117,8.843537414965986,19.047619047619047,17.233560090702948,0.0,100.0,0.0,0.0,0.0,0.0,0.0,0.0,0.0,0.0,0.0,0.0,0.0,0.0,0.0
5566,2,350,18.156558028472222,0.0,0.0,0.0,8.0,23.0,24.0,18.0,10.428571428571429,3.0,3.0,3.0,3.0,3.0,3.0,3.0,3.0,3.0,3.0,3.0,3.0,3.0,3.0,3.0,4.0,3.0,4.0,3.0,3.0,3.0,2.0,3.0,3.0,0.002857142857142857,0.0,0.0,0.008571428571428572,0.017142857142857144,0.0,0.08,0.8885714285714286,0.002857142857142857,18,6.369003149447629,27.086882453151617,27.427597955706982,45.4855195911414,26.2350936967632,0.0,35.945485519591145,25.55366269165247,12.265758091993186,0.0,0.0,0.0,0.0,0.0,0.0,0.0,0.0,0.0,0.0,0.0,100.0,0.0,0.0,0.6947584843697165,37.87751714851943,0.02857142857142857
5566,2,350,18.156558028472222,0.0,0.0,0.0,8.0,23.0,24.0,18.0,10.428571428571429,3.0,3.0,3.0,3.0,3.0,3.0,3.0,3.0,3.0,3.0,3.0,3.0,3.0,3.0,3.0,4.0,3.0,4.0,3.0,3.0,3.0,2.0,3.0,3.0,0.002857142857142857,0.0,0.0,0.008571428571428572,0.017142857142857144,0.0,0.08,0.8885714285714286,0.002857142857142857,18,6.369003149447629,27.086882453151617,27.427597955706982,45.4855195911414,26.2350936967632,0.0,35.945485519591145,25.55366269165247,12.265758091993186,0.0,0.0,0.0,0.0,0.0,0.0,0.0,0.0,0.0,0.0,0.0,100.0,0.0,0.0,0.6947584843697165,37.87751714851943,0.02857142857142857
5567,1,2,0.0,0.0,0.0,0.0,0.0,1.0,0.0,0.0,0.14285714285714285,0.0,0.0,0.0,0.0,0.0,0.0,0.0,0.0,0.0,0.0,0.0,0.0,0.0,0.0,0.0,0.0,0.0,0.0,0.0,0.0,1.0,0.0,0.0,0.0,0.0,0.0,0.0,0.0,0.0,0.0,0.0,0.0,1.0,18,393.48425717310107,3.0242605516782985,34.297108673978066,62.67863077434364,16.101694915254235,12.911266201395813,14.207377866400797,13.359920239282152,13.65902293120638,15.653040877367896,14.107676969092722,5.084745762711865,0.0,12.01395812562313,19.574609504818877,34.82884679295447,0.0,0.0,28.497839813891655,0.0,0.0,0.0,0.0,,,0.0
5579,12,672,3.3708208955223884,11.0,14.0,17.0,22.0,17.0,19.0,18.0,16.857142857142858,3.0,2.0,3.0,3.0,4.0,5.0,3.0,4.0,6.0,6.0,5.0,6.0,7.0,6.0,5.0,5.0,7.0,6.0,6.0,7.0,6.0,5.0,3.0,5.0,0.04918032786885246,0.0014903129657228018,0.0,0.01788375558867362,0.01639344262295082,0.005961251862891207,0.2533532041728763,0.65424739195231,0.0014903129657228018,18,3995.380959313727,32.8968253968254,33.154761904761905,33.9484126984127,13.015873015873018,14.751984126984127,6.547619047619048,9.246031746031747,18.88888888888889,18.38293650793651,19.166666666666668,0.0,3.3531746031746033,6.388888888888888,0.0,0.10912698412698413,2.430555555555556,3.4623015873015874,0.0,31.398809523809522,22.57936507936508,14.811507936507937,15.466269841269842,2.150094410057259,212.32156942791624,0.09090909090909091
5592,8,144,0.0,4.0,4.0,3.0,7.0,5.0,3.0,9.0,5.0,0.0,0.0,0.0,0.0,0.0,0.0,0.0,1.0,3.0,3.0,2.0,3.0,1.0,1.0,5.0,6.0,2.0,3.0,2.0,2.0,1.0,0.0,0.0,0.0,0.1048951048951049,0.0,0.006993006993006993,0.0979020979020979,0.2517482517482518,0.013986013986013986,0.32167832167832167,0.1888111888111888,0.013986013986013986,18,88441.01586183031,52.888888888888886,46.22222222222222,0.8888888888888888,9.777777777777779,25.77777777777778,8.444444444444445,24.444444444444443,17.77777777777778,7.555555555555555,6.222222222222222,62.22222222222222,0.0,0.0,0.0,0.0,0.0,0.0,0.0,37.77777777777778,0.0,0.0,0.0,27.883030109762803,1593.574959951504,0.4755244755244755
5608,8,16039,15.011590665391193,24.0,24.0,24.0,24.0,24.0,24.0,24.0,24.0,7.0,7.0,7.0,7.0,7.0,7.0,7.0,7.0,7.0,7.0,7.0,7.0,7.0,7.0,7.0,7.0,7.0,7.0,7.0,7.0,7.0,7.0,7.0,7.0,0.00953924808279818,0.0,0.0,0.0017457447471787518,0.0033044454143026374,6.234802668495543e-05,0.04008978115842633,0.9451960845439242,6.234802668495543e-05,18,1397.5622367983603,30.464788732394364,29.73943661971831,39.79577464788732,15.380281690140846,13.665492957746478,16.045774647887324,12.8943661971831,12.982394366197184,14.112676056338028,14.919014084507044,0.0,17.253521126760564,13.602112676056338,0.0,0.0,10.873239436619718,15.292253521126762,0.0,0.0,19.44718309859155,14.35211267605634,9.179577464788732,0.2674529543681571,88.02730682139635,0.014651786270964523
5608,8,16039,15.011590665391193,24.0,24.0,24.0,24.0,24.0,24.0,24.0,24.0,7.0,7.0,7.0,7.0,7.0,7.0,7.0,7.0,7.0,7.0,7.0,7.0,7.0,7.0,7.0,7.0,7.0,7.0,7.0,7.0,7.0,7.0,7.0,7.0,0.00953924808279818,0.0,0.0,0.0017457447471787518,0.0033044454143026374,6.234802668495543e-05,0.04008978115842633,0.9451960845439242,6.234802668495543e-05,18,1397.5622367983603,30.464788732394364,29.73943661971831,39.79577464788732,15.380281690140846,13.665492957746478,16.045774647887324,12.8943661971831,12.982394366197184,14.112676056338028,14.919014084507044,0.0,17.253521126760564,13.602112676056338,0.0,0.0,10.873239436619718,15.292253521126762,0.0,0.0,19.44718309859155,14.35211267605634,9.179577464788732,0.2674529543681571,88.02730682139635,0.014651786270964523
5663,6,8157,13.775851449275363,24.0,24.0,21.0,24.0,20.0,21.0,24.0,22.571428571428573,7.0,7.0,7.0,7.0,7.0,7.0,7.0,7.0,7.0,7.0,7.0,6.0,7.0,6.0,7.0,6.0,7.0,7.0,7.0,5.0,5.0,5.0,7.0,6.0,0.004290793183768542,0.0,0.0,0.0013485350006129705,0.004535981365698174,0.0003677822728944465,0.00625229863920559,0.9830820154468555,0.0001225940909648155,18,186017.2105586048,30.634278002699055,28.525641025641026,40.84008097165992,15.620782726045885,13.157894736842104,14.29655870445344,16.135290148448043,15.334008097165992,12.128879892037787,13.326585695006749,0.0,0.0,0.0,0.0,0.0,24.16497975708502,62.64338731443995,0.0,13.191632928475034,0.0,0.0,0.0,0.2503009845220492,103.94213436111096,0.010543091822974133
5663,6,8157,13.775851449275363,24.0,24.0,21.0,24.0,20.0,21.0,24.0,22.571428571428573,7.0,7.0,7.0,7.0,7.0,7.0,7.0,7.0,7.0,7.0,7.0,6.0,7.0,6.0,7.0,6.0,7.0,7.0,7.0,5.0,5.0,5.0,7.0,6.0,0.004290793183768542,0.0,0.0,0.0013485350006129705,0.004535981365698174,0.0003677822728944465,0.00625229863920559,0.9830820154468555,0.0001225940909648155,18,186017.2105586048,30.634278002699055,28.525641025641026,40.84008097165992,15.620782726045885,13.157894736842104,14.29655870445344,16.135290148448043,15.334008097165992,12.128879892037787,13.326585695006749,0.0,0.0,0.0,0.0,0.0,24.16497975708502,62.64338731443995,0.0,13.191632928475034,0.0,0.0,0.0,0.2503009845220492,103.94213436111096,0.010543091822974133
5847,9,1628,12.898086876597224,20.0,6.0,22.0,18.0,8.0,17.0,21.0,16.0,4.0,4.0,4.0,4.0,4.0,4.0,4.0,4.0,4.0,5.0,5.0,4.0,5.0,6.0,6.0,6.0,6.0,6.0,5.0,5.0,5.0,4.0,4.0,4.0,0.019656019656019656,0.0,0.0,0.009828009828009828,0.009828009828009828,0.0,0.013513513513513514,0.9465601965601965,0.0006142506142506142,18,850.3802216871975,33.67231638418079,28.079096045197737,38.24858757062147,3.389830508474576,19.717514124293785,14.576271186440678,19.039548022598872,21.694915254237287,3.5028248587570623,18.07909604519774,0.0,0.0,0.0,0.0,100.0,0.0,0.0,0.0,0.0,0.0,0.0,0.0,0.5171597061904873,48.151234080094014,0.03931203931203931
6305,8,102,0.0,7.0,0.0,6.0,2.0,3.0,4.0,2.0,3.4285714285714284,0.0,0.0,0.0,0.0,0.0,0.0,0.0,3.0,2.0,2.0,3.0,3.0,3.0,1.0,0.0,1.0,2.0,1.0,2.0,1.0,0.0,0.0,0.0,0.0,0.08333333333333333,0.0,0.0,0.03125,0.23958333333333334,0.0,0.40625,0.22916666666666666,0.010416666666666666,65,914.7419672080665,35.55555555555556,60.74074074074074,3.7037037037037033,24.938271604938272,17.28395061728395,10.864197530864198,10.123456790123457,4.444444444444445,7.160493827160494,25.185185185185183,42.96296296296296,0.0,0.0,6.91358024691358,1.728395061728395,1.9753086419753085,0.0,6.91358024691358,39.50617283950617,0.0,0.0,0.0,8.50105842027088,49.460505883457905,0.3541666666666667
6312,4,8630,15.478951391147245,23.0,22.0,24.0,21.0,22.0,22.0,20.0,22.0,5.0,5.0,6.0,7.0,7.0,7.0,7.0,7.0,7.0,4.0,3.0,7.0,7.0,7.0,7.0,7.0,7.0,7.0,7.0,7.0,7.0,7.0,7.0,5.0,0.0015063731170336038,0.0,0.0,0.0008111239860950173,0.0012746234067207416,0.0,0.18088064889918887,0.8154113557358054,0.00011587485515643106,65,156106.97685577514,48.08323441100482,24.677047692200265,27.239717896794918,15.327141959360379,15.348090217163607,14.314642832204456,13.351022973256057,13.616367572096921,13.1974024160324,14.845332029886183,11.682145101599051,15.52265903219049,0.0,12.92507506459046,2.395084142168843,10.809301026464633,10.481111654214091,13.560505551288319,10.976887088890441,0.0,0.0,11.647231338593674,0.07376666311156661,64.79987322285027,0.0035921205098493627
6312,4,8630,15.478951391147245,23.0,22.0,24.0,21.0,22.0,22.0,20.0,22.0,5.0,5.0,6.0,7.0,7.0,7.0,7.0,7.0,7.0,4.0,3.0,7.0,7.0,7.0,7.0,7.0,7.0,7.0,7.0,7.0,7.0,7.0,7.0,5.0,0.0015063731170336038,0.0,0.0,0.0008111239860950173,0.0012746234067207416,0.0,0.18088064889918887,0.8154113557358054,0.00011587485515643106,65,156106.97685577514,48.08323441100482,24.677047692200265,27.239717896794918,15.327141959360379,15.348090217163607,14.314642832204456,13.351022973256057,13.616367572096921,13.1974024160324,14.845332029886183,11.682145101599051,15.52265903219049,0.0,12.92507506459046,2.395084142168843,10.809301026464633,10.481111654214091,13.560505551288319,10.976887088890441,0.0,0.0,11.647231338593674,0.07376666311156661,64.79987322285027,0.0035921205098493627
6335,5,98,2.462995034722222,3.0,2.0,1.0,3.0,0.0,5.0,7.0,3.0,1.0,0.0,0.0,1.0,0.0,1.0,1.0,1.0,0.0,0.0,1.0,1.0,0.0,4.0,1.0,0.0,1.0,2.0,2.0,1.0,1.0,1.0,0.0,1.0,0.01020408163265306,0.0,0.02040816326530612,0.02040816326530612,0.04081632653061224,0.01020408163265306,0.10204081632653061,0.7857142857142857,0.01020408163265306,67,4610.481559823351,57.58928571428571,20.982142857142858,21.428571428571427,8.035714285714286,10.267857142857142,30.357142857142854,40.17857142857143,8.035714285714286,2.232142857142857,0.8928571428571428,0.0,0.0,0.0,35.267857142857146,64.73214285714286,0.0,0.0,0.0,0.0,0.0,0.0,0.0,16.209430660063614,648.8326098572735,0.10204081632653061
6350,2,60,0.0,5.0,1.0,4.0,4.0,4.0,1.0,1.0,2.857142857142857,0.0,0.0,0.0,0.0,0.0,0.0,0.0,1.0,2.0,1.0,1.0,0.0,1.0,1.0,0.0,2.0,1.0,0.0,0.0,5.0,2.0,1.0,2.0,0.0,0.03333333333333333,0.0,0.0,0.0,0.0,0.0,0.4,0.55,0.016666666666666666,67,77.5023920179466,61.51515151515151,25.90909090909091,12.575757575757576,15.909090909090908,23.636363636363637,4.393939393939394,1.9696969696969695,19.242424242424242,14.696969696969697,20.151515151515152,13.636363636363635,0.0,0.0,0.0,0.0,25.90909090909091,15.454545454545453,13.333333333333334,31.666666666666664,0.0,0.0,0.0,0.18534819909347094,2.277779995267025,0.03333333333333333
6350,2,60,0.0,5.0,1.0,4.0,4.0,4.0,1.0,1.0,2.857142857142857,0.0,0.0,0.0,0.0,0.0,0.0,0.0,1.0,2.0,1.0,1.0,0.0,1.0,1.0,0.0,2.0,1.0,0.0,0.0,5.0,2.0,1.0,2.0,0.0,0.03333333333333333,0.0,0.0,0.0,0.0,0.0,0.4,0.55,0.016666666666666666,67,77.5023920179466,61.51515151515151,25.90909090909091,12.575757575757576,15.909090909090908,23.636363636363637,4.393939393939394,1.9696969696969695,19.242424242424242,14.696969696969697,20.151515151515152,13.636363636363635,0.0,0.0,0.0,0.0,25.90909090909091,15.454545454545453,13.333333333333334,31.666666666666664,0.0,0.0,0.0,0.18534819909347094,2.277779995267025,0.03333333333333333
6359,3,2078,11.147802987528346,22.0,23.0,23.0,24.0,24.0,23.0,24.0,23.285714285714285,7.0,6.0,6.0,6.0,7.0,7.0,7.0,7.0,7.0,7.0,7.0,7.0,7.0,7.0,7.0,7.0,7.0,7.0,7.0,7.0,7.0,7.0,7.0,5.0,0.0,0.0,0.0,0.0009624639076034649,0.0009624639076034649,0.0,0.3007699711260828,0.6968238691049086,0.00048123195380173246,67,121.08147681023488,29.695431472081218,49.64857477547832,20.65599375244045,16.14603670441234,13.939867239359623,13.041780554470911,10.757516595080046,15.404139008199921,12.768449824287387,17.942210074189767,9.429910191331512,12.241311987504881,0.0,12.124170245997657,0.0,12.338930105427567,15.384615384615385,18.039828192112456,17.707926591175323,0.0,0.0,2.7333073018352203,0.03975352087338031,15.294073200377301,0.0019249278152069298
6359,3,2078,11.147802987528346,22.0,23.0,23.0,24.0,24.0,23.0,24.0,23.285714285714285,7.0,6.0,6.0,6.0,7.0,7.0,7.0,7.0,7.0,7.0,7.0,7.0,7.0,7.0,7.0,7.0,7.0,7.0,7.0,7.0,7.0,7.0,7.0,5.0,0.0,0.0,0.0,0.0009624639076034649,0.0009624639076034649,0.0,0.3007699711260828,0.6968238691049086,0.00048123195380173246,67,121.08147681023488,29.695431472081218,49.64857477547832,20.65599375244045,16.14603670441234,13.939867239359623,13.041780554470911,10.757516595080046,15.404139008199921,12.768449824287387,17.942210074189767,9.429910191331512,12.241311987504881,0.0,12.124170245997657,0.0,12.338930105427567,15.384615384615385,18.039828192112456,17.707926591175323,0.0,0.0,2.7333073018352203,0.03975352087338031,15.294073200377301,0.0019249278152069298
6363,4,13,0.0,0.0,3.0,0.0,0.0,0.0,0.0,0.0,0.42857142857142855,0.0,0.0,0.0,0.0,0.0,0.0,0.0,0.0,0.0,1.0,1.0,1.0,0.0,0.0,0.0,0.0,0.0,0.0,0.0,0.0,0.0,0.0,0.0,0.0,0.07692307692307693,0.0,0.0,0.07692307692307693,0.0,0.0,0.0,0.7692307692307693,0.07692307692307693,67,3846.277084105591,0.0,91.30434782608695,8.695652173913043,8.695652173913043,0.0,4.3478260869565215,4.3478260869565215,0.0,82.6086956521739,0.0,0.0,0.0,0.0,82.6086956521739,0.0,0.0,0.0,0.0,17.391304347826086,0.0,0.0,0.0,0.8144051887108253,6.880301857190913,0.15384615384615385
6363,4,13,0.0,0.0,3.0,0.0,0.0,0.0,0.0,0.0,0.42857142857142855,0.0,0.0,0.0,0.0,0.0,0.0,0.0,0.0,0.0,1.0,1.0,1.0,0.0,0.0,0.0,0.0,0.0,0.0,0.0,0.0,0.0,0.0,0.0,0.0,0.07692307692307693,0.0,0.0,0.07692307692307693,0.0,0.0,0.0,0.7692307692307693,0.07692307692307693,67,3846.277084105591,0.0,91.30434782608695,8.695652173913043,8.695652173913043,0.0,4.3478260869565215,4.3478260869565215,0.0,82.6086956521739,0.0,0.0,0.0,0.0,82.6086956521739,0.0,0.0,0.0,0.0,17.391304347826086,0.0,0.0,0.0,0.8144051887108253,6.880301857190913,0.15384615384615385
6363,4,13,0.0,0.0,3.0,0.0,0.0,0.0,0.0,0.0,0.42857142857142855,0.0,0.0,0.0,0.0,0.0,0.0,0.0,0.0,0.0,1.0,1.0,1.0,0.0,0.0,0.0,0.0,0.0,0.0,0.0,0.0,0.0,0.0,0.0,0.0,0.07692307692307693,0.0,0.0,0.07692307692307693,0.0,0.0,0.0,0.7692307692307693,0.07692307692307693,67,3846.277084105591,0.0,91.30434782608695,8.695652173913043,8.695652173913043,0.0,4.3478260869565215,4.3478260869565215,0.0,82.6086956521739,0.0,0.0,0.0,0.0,82.6086956521739,0.0,0.0,0.0,0.0,17.391304347826086,0.0,0.0,0.0,0.8144051887108253,6.880301857190913,0.15384615384615385
6365,5,3077,16.669555505555557,22.0,24.0,23.0,21.0,23.0,24.0,22.0,22.714285714285715,7.0,7.0,7.0,7.0,7.0,6.0,5.0,6.0,5.0,7.0,7.0,6.0,6.0,6.0,7.0,7.0,7.0,7.0,7.0,7.0,7.0,7.0,7.0,7.0,0.005199870003249919,0.0,0.0,0.0029249268768280793,0.003249918752031199,0.0,0.09879753006174846,0.8895027624309392,0.00032499187520311994,67,341.8324137650045,25.48879351454459,14.020028612303289,60.491177873152125,11.969480209823558,12.06485455412494,9.10824988078207,13.042441583214115,13.710061993323796,20.910824988078208,19.194086790653316,28.42155460181211,0.16690510252742013,0.0,0.0,0.0,0.19074868860276584,9.44206008583691,28.731521220791606,32.689556509299,0.0,0.0,0.35765379113018597,0.18300248115096862,60.27068378977117,0.011374715632109197
6375,44,23270,20.077267677154193,12.0,11.0,16.0,14.0,14.0,16.0,15.0,14.0,7.0,7.0,7.0,7.0,7.0,7.0,7.0,7.0,4.0,1.0,2.0,0.0,1.0,1.0,1.0,2.0,3.0,3.0,3.0,0.0,3.0,4.0,7.0,7.0,0.018006016330038677,0.0010313708637730984,0.0003008165019338204,0.009669101847872797,0.008594757198109154,0.0021486892995272885,0.055908895573700046,0.904168457241083,0.00017189514396218306,67,10549158.197734714,25.14345192025408,26.437855293709468,48.41869278603645,15.087138701326431,13.074808508366917,13.904827991139342,13.939523339293816,15.404734580586618,14.09698684245643,14.491980036830446,14.726840855106888,16.37353545597694,0.0,0.0,0.0,16.94200539112333,14.71616536336705,10.187087992740667,14.286476820838558,0.0,0.0,12.767888120846566,1.5835593260556895,7546.125176691634,0.03975075204125483
6410,31,10957,12.44322156504065,13.0,9.0,8.0,15.0,12.0,19.0,18.0,13.428571428571429,7.0,7.0,7.0,3.0,4.0,5.0,5.0,4.0,3.0,2.0,2.0,0.0,0.0,0.0,2.0,3.0,5.0,4.0,5.0,4.0,7.0,6.0,4.0,5.0,0.01496760062060783,0.003011773295610112,0.003103039153052843,0.011134434608013142,0.009674180888929452,0.005567217304006571,0.10139636761887377,0.8506890572236926,0.00045632928721365336,65,628534.9099273679,30.449212973612433,33.2687062534915,36.28208077289606,14.07117741776478,14.031743945318917,13.072196115802964,12.283526666885741,15.707666524268015,15.878544904866748,14.955144425092834,17.78449607308337,15.92126450001643,0.0,1.4754690940159707,0.0,21.731129440373305,14.702112976898556,6.181196805888732,18.343136932733067,0.0,0.0,3.861194176990569,3.8345648611577916,1151.778890934447,0.04745824587021995
6419,9,11595,22.70592978228228,23.0,23.0,23.0,24.0,23.0,22.0,24.0,23.142857142857142,7.0,7.0,7.0,7.0,7.0,7.0,7.0,7.0,7.0,7.0,7.0,7.0,7.0,5.0,7.0,7.0,7.0,7.0,5.0,5.0,7.0,7.0,7.0,7.0,0.006985769728331177,0.000172488141440276,8.6244070720138e-05,0.0033635187580853816,0.0018111254851228978,0.00043122035360068997,0.06580422595946529,0.921259163432514,8.6244070720138e-05,67,5876.209005498054,34.222590714007026,30.091689426453378,35.6857198595396,14.114319157237611,14.8458837300039,14.319157237612174,14.841006632852128,13.60222395630121,14.182598517362466,14.094810768630511,27.70678891923527,0.0,0.0,11.080764728833397,0.0,0.0,3.935817401482637,28.482247366367535,28.79438158408115,0.0,0.0,0.0,0.2919477775129498,660.9201375253703,0.01285036653730056
6428,4,2054,16.42454504050926,18.0,19.0,22.0,18.0,22.0,21.0,22.0,20.285714285714285,7.0,7.0,7.0,7.0,7.0,7.0,6.0,7.0,4.0,5.0,4.0,4.0,2.0,5.0,4.0,7.0,5.0,7.0,6.0,7.0,6.0,7.0,7.0,7.0,0.0311587147030185,0.0,0.0,0.0019474196689386564,0.0,0.0,0.2112950340798442,0.755111976630964,0.0004868549172346641,67,76.1188713591784,12.453300124533001,12.16272312162723,75.38397675383976,12.992943129929433,16.562889165628892,11.955168119551681,14.238273142382733,17.268576172685762,11.45703611457036,15.52511415525114,33.1672893316729,0.0,0.0,18.76297218762972,0.0,0.0,0.0,36.86176836861768,11.207970112079702,0.0,0.0,0.0,0.12279734729710876,6.201270794015479,0.033106134371957155
6428,4,2054,16.42454504050926,18.0,19.0,22.0,18.0,22.0,21.0,22.0,20.285714285714285,7.0,7.0,7.0,7.0,7.0,7.0,6.0,7.0,4.0,5.0,4.0,4.0,2.0,5.0,4.0,7.0,5.0,7.0,6.0,7.0,6.0,7.0,7.0,7.0,0.0311587147030185,0.0,0.0,0.0019474196689386564,0.0,0.0,0.2112950340798442,0.755111976630964,0.0004868549172346641,67,76.1188713591784,12.453300124533001,12.16272312162723,75.38397675383976,12.992943129929433,16.562889165628892,11.955168119551681,14.238273142382733,17.268576172685762,11.45703611457036,15.52511415525114,33.1672893316729,0.0,0.0,18.76297218762972,0.0,0.0,0.0,36.86176836861768,11.207970112079702,0.0,0.0,0.0,0.12279734729710876,6.201270794015479,0.033106134371957155
6430,5,6174,17.44854759887006,24.0,24.0,24.0,20.0,24.0,23.0,22.0,23.0,7.0,7.0,7.0,7.0,7.0,7.0,7.0,7.0,7.0,6.0,6.0,7.0,6.0,6.0,6.0,7.0,7.0,7.0,7.0,6.0,7.0,7.0,7.0,6.0,0.0016196954972465176,0.00016196954972465177,0.00016196954972465177,0.0014577259475218659,0.0016196954972465176,0.0,0.13216715257531583,0.8626498218334953,0.00016196954972465177,67,142619.17114440407,13.947574334898277,13.800860719874805,72.25156494522692,16.255868544600936,11.639280125195619,14.280125195618155,12.617370892018778,16.461267605633804,13.634585289514867,15.11150234741784,17.468701095461658,2.895148669796557,0.0,0.0,0.0,22.86776212832551,26.056338028169012,20.119327073552427,2.3278560250391234,0.0,0.0,8.264866979655713,0.20013197895823256,418.9636017560977,0.005021056041464205
6430,5,6174,17.44854759887006,24.0,24.0,24.0,20.0,24.0,23.0,22.0,23.0,7.0,7.0,7.0,7.0,7.0,7.0,7.0,7.0,7.0,6.0,6.0,7.0,6.0,6.0,6.0,7.0,7.0,7.0,7.0,6.0,7.0,7.0,7.0,6.0,0.0016196954972465176,0.00016196954972465177,0.00016196954972465177,0.0014577259475218659,0.0016196954972465176,0.0,0.13216715257531583,0.8626498218334953,0.00016196954972465177,67,142619.17114440407,13.947574334898277,13.800860719874805,72.25156494522692,16.255868544600936,11.639280125195619,14.280125195618155,12.617370892018778,16.461267605633804,13.634585289514867,15.11150234741784,17.468701095461658,2.895148669796557,0.0,0.0,0.0,22.86776212832551,26.056338028169012,20.119327073552427,2.3278560250391234,0.0,0.0,8.264866979655713,0.20013197895823256,418.9636017560977,0.005021056041464205
6464,19,32837,21.379820464456394,23.0,24.0,24.0,24.0,24.0,24.0,24.0,23.857142857142858,7.0,7.0,7.0,7.0,7.0,7.0,7.0,7.0,7.0,7.0,7.0,7.0,7.0,7.0,7.0,7.0,6.0,7.0,7.0,7.0,7.0,7.0,7.0,7.0,0.010567347808874136,6.090690379754545e-05,0.0,0.02189603191521759,0.03154977616712854,0.0002436276151901818,0.027316746353199136,0.9082742028808966,9.136035569631818e-05,65,20881.230118771768,32.04108164326573,33.7467498699948,34.21216848673947,14.40197607904316,14.113364534581383,14.846593863754551,13.74414976599064,14.578783151326052,14.128965158606343,14.186167446697867,15.878835153406138,18.026521060842434,0.0,0.9282371294851793,0.0,18.4399375975039,15.169006760270412,15.816432657306292,15.686427457098285,0.0,0.0,0.054602184087363496,1.280222292822996,1181.5880373244133,0.064317690410208
6467,22,17625,22.18220008663366,23.0,19.0,21.0,20.0,23.0,21.0,24.0,21.571428571428573,7.0,7.0,7.0,7.0,7.0,7.0,7.0,4.0,4.0,3.0,4.0,6.0,7.0,7.0,6.0,7.0,6.0,6.0,7.0,7.0,7.0,7.0,7.0,7.0,0.007262411347517731,0.00022695035460992908,0.00011347517730496454,0.007716312056737589,0.009588652482269503,0.00124822695035461,0.059177304964539004,0.9146099290780142,5.673758865248227e-05,65,238639.150557273,24.022716909173816,14.765990962981387,61.2112921278448,14.778427227127638,13.46432864900717,13.766944409899265,13.74621730298885,14.882062761679723,14.38875761721179,14.973262032085561,18.97359366579613,12.821788334784232,0.0,0.0,0.0,11.001948348049579,12.796915806491729,19.272064005306138,17.211789578410645,0.0,0.0,7.921900261161547,0.7183472073176695,624.6603260462358,0.026156028368794326
6474,7,6033,16.267541005747127,15.0,24.0,23.0,18.0,21.0,24.0,23.0,21.142857142857142,7.0,7.0,7.0,7.0,7.0,7.0,6.0,6.0,5.0,4.0,4.0,5.0,5.0,4.0,7.0,7.0,6.0,6.0,7.0,7.0,7.0,7.0,7.0,6.0,0.014254931211669153,0.0,0.0,0.004309630366318581,0.002486325211337643,0.0,0.19045251118846346,0.788330847008122,0.0001657550140891762,67,336.2283954585337,32.27130098962105,32.86265990827902,34.866039102099926,13.601255129133477,13.963311609944483,12.708182476466328,11.513396089790007,16.751146512189237,16.630461018585567,14.8322471638909,17.16147719044171,0.0,0.0,6.215302920588945,0.0,12.973690562394399,21.880279990345162,20.782041998551772,20.98720733767801,0.0,0.0,0.0,0.17242684599680652,49.1191914685849,0.021050886789325377
6474,7,6033,16.267541005747127,15.0,24.0,23.0,18.0,21.0,24.0,23.0,21.142857142857142,7.0,7.0,7.0,7.0,7.0,7.0,6.0,6.0,5.0,4.0,4.0,5.0,5.0,4.0,7.0,7.0,6.0,6.0,7.0,7.0,7.0,7.0,7.0,6.0,0.014254931211669153,0.0,0.0,0.004309630366318581,0.002486325211337643,0.0,0.19045251118846346,0.788330847008122,0.0001657550140891762,67,336.2283954585337,32.27130098962105,32.86265990827902,34.866039102099926,13.601255129133477,13.963311609944483,12.708182476466328,11.513396089790007,16.751146512189237,16.630461018585567,14.8322471638909,17.16147719044171,0.0,0.0,6.215302920588945,0.0,12.973690562394399,21.880279990345162,20.782041998551772,20.98720733767801,0.0,0.0,0.0,0.17242684599680652,49.1191914685849,0.021050886789325377
6514,3,460,18.091076578282834,15.0,16.0,18.0,16.0,18.0,19.0,19.0,17.285714285714285,5.0,4.0,7.0,4.0,4.0,1.0,7.0,5.0,7.0,5.0,4.0,6.0,1.0,2.0,5.0,4.0,7.0,6.0,7.0,6.0,7.0,7.0,7.0,3.0,0.004347826086956522,0.0,0.0,0.0,0.002173913043478261,0.0,0.2891304347826087,0.7021739130434783,0.002173913043478261,65,2348.0309144795046,47.48110831234257,24.937027707808564,27.581863979848865,15.491183879093198,13.602015113350127,12.97229219143577,12.594458438287154,15.869017632241814,12.594458438287154,16.876574307304786,0.0,0.0,0.0,47.607052896725435,0.0,0.0,0.0,52.39294710327456,0.0,0.0,0.0,0.0,0.059718498872619645,15.779895217913591,0.006521739130434782
6514,3,460,18.091076578282834,15.0,16.0,18.0,16.0,18.0,19.0,19.0,17.285714285714285,5.0,4.0,7.0,4.0,4.0,1.0,7.0,5.0,7.0,5.0,4.0,6.0,1.0,2.0,5.0,4.0,7.0,6.0,7.0,6.0,7.0,7.0,7.0,3.0,0.004347826086956522,0.0,0.0,0.0,0.002173913043478261,0.0,0.2891304347826087,0.7021739130434783,0.002173913043478261,65,2348.0309144795046,47.48110831234257,24.937027707808564,27.581863979848865,15.491183879093198,13.602015113350127,12.97229219143577,12.594458438287154,15.869017632241814,12.594458438287154,16.876574307304786,0.0,0.0,0.0,47.607052896725435,0.0,0.0,0.0,52.39294710327456,0.0,0.0,0.0,0.0,0.059718498872619645,15.779895217913591,0.006521739130434782
6518,3,242,7.649717905092593,9.0,11.0,11.0,11.0,15.0,9.0,7.0,10.428571428571429,1.0,0.0,1.0,1.0,2.0,3.0,5.0,6.0,5.0,5.0,3.0,3.0,4.0,1.0,0.0,3.0,2.0,1.0,4.0,6.0,5.0,5.0,5.0,2.0,0.004132231404958678,0.0,0.0,0.0,0.0,0.0,0.5,0.49173553719008267,0.004132231404958678,67,129.93873333101843,44.30769230769231,24.615384615384617,31.076923076923073,23.692307692307693,10.153846153846153,6.153846153846154,5.538461538461538,22.46153846153846,17.846153846153847,14.153846153846153,6.461538461538462,12.615384615384615,0.0,0.0,0.0,25.23076923076923,46.46153846153846,0.0,0.0,0.0,0.0,9.230769230769232,0.08152151574512927,1.9063053716979563,0.004132231404958678
6546,62,15687,9.982027989608314,10.0,8.0,4.0,8.0,5.0,0.0,14.0,7.0,6.0,5.0,6.0,6.0,6.0,4.0,2.0,2.0,3.0,2.0,1.0,1.0,1.0,1.0,1.0,1.0,0.0,1.0,0.0,0.0,0.0,0.0,0.0,0.0,0.017912921527379357,0.027411232230509338,0.003697328998533818,0.011793204564288902,0.03506087843437241,0.07369159176388092,0.0381844839676165,0.7916108879964302,0.0006374705169885893,67,815998.5061395288,30.415107785497952,31.555318011758416,38.02957420274363,16.037769463744876,11.523249599144842,15.503295920185284,14.02458578300374,14.241938357384642,13.333333333333334,15.335827543203278,22.98948868697666,0.0,0.0,1.7708890076607875,0.0,11.337965437377516,19.739889542134332,22.697309816497416,21.464457509353288,0.0,0.0,0.0,22.087691555200973,10401.962826631481,0.16956715751896476
6556,17,22495,23.131472432885907,22.0,24.0,24.0,23.0,22.0,23.0,24.0,23.142857142857142,7.0,7.0,7.0,7.0,7.0,7.0,7.0,7.0,7.0,6.0,6.0,6.0,7.0,7.0,7.0,5.0,7.0,6.0,7.0,7.0,7.0,7.0,7.0,7.0,0.008312958435207823,0.00013336296954878863,0.0,0.00484552122693932,0.004534340964658813,0.0005334518781951545,0.040320071126917094,0.9412758390753501,4.445432318292954e-05,65,2813.5216239852152,27.92019736136437,28.920411884586507,43.15939075404913,14.756516142872467,14.198755765311594,14.437412849941007,14.029818727877293,14.314061997211198,14.182666523651186,14.080767993135257,20.838249490507348,0.0,0.0,4.61493081626086,0.0,11.64324788158318,20.680038614179985,20.865064893274695,21.358468304193927,0.0,0.0,0.0,0.3484773830899985,284.0516177813171,0.0183596354745499
6560,6,3361,9.495343706739527,23.0,23.0,24.0,23.0,22.0,23.0,22.0,22.857142857142858,7.0,7.0,6.0,5.0,6.0,5.0,7.0,7.0,6.0,6.0,7.0,7.0,7.0,7.0,7.0,7.0,7.0,7.0,7.0,7.0,7.0,7.0,7.0,7.0,0.005355548943766736,0.0,0.0,0.0020827134781315083,0.0011901219875037191,0.0,0.16304671228800952,0.8280273728057126,0.0002975304968759298,65,5819.905205598466,42.63581488933602,37.484909456740446,19.879275653923543,13.460764587525151,16.619718309859156,13.480885311871226,11.951710261569417,12.21327967806841,16.53923541247485,15.73440643863179,18.772635814889334,9.15492957746479,0.0,6.478873239436619,0.0,10.84507042253521,16.47887323943662,20.845070422535212,10.140845070422536,0.0,0.0,7.283702213279677,0.09081359555622653,27.92774110376668,0.008628384409401963
6560,6,3361,9.495343706739527,23.0,23.0,24.0,23.0,22.0,23.0,22.0,22.857142857142858,7.0,7.0,6.0,5.0,6.0,5.0,7.0,7.0,6.0,6.0,7.0,7.0,7.0,7.0,7.0,7.0,7.0,7.0,7.0,7.0,7.0,7.0,7.0,7.0,0.005355548943766736,0.0,0.0,0.0020827134781315083,0.0011901219875037191,0.0,0.16304671228800952,0.8280273728057126,0.0002975304968759298,65,5819.905205598466,42.63581488933602,37.484909456740446,19.879275653923543,13.460764587525151,16.619718309859156,13.480885311871226,11.951710261569417,12.21327967806841,16.53923541247485,15.73440643863179,18.772635814889334,9.15492957746479,0.0,6.478873239436619,0.0,10.84507042253521,16.47887323943662,20.845070422535212,10.140845070422536,0.0,0.0,7.283702213279677,0.09081359555622653,27.92774110376668,0.008628384409401963
6570,16,11118,14.46713377842755,23.0,24.0,21.0,19.0,22.0,15.0,22.0,20.857142857142858,7.0,7.0,7.0,7.0,7.0,7.0,6.0,7.0,6.0,6.0,5.0,6.0,6.0,7.0,6.0,6.0,6.0,5.0,4.0,4.0,6.0,6.0,6.0,6.0,0.012502248605864364,0.00017988846914912754,0.00017988846914912754,0.008094981111710739,0.007105594531390538,0.0020687173952149665,0.08229897463572584,0.8874797625472207,8.994423457456377e-05,67,60815.01807090556,27.02920567991567,27.196626774973648,45.774167545110686,16.047622000372048,9.94605320270354,13.616915731382154,8.123023500961121,16.12203137595337,17.75903763874248,18.385316549885285,13.251069634773982,3.3980281515470954,0.0,6.535623488559558,0.0,23.904011905500095,18.701556396105907,17.901655608606685,14.621442301730017,0.0,0.0,1.6866125131766603,0.751414539656466,323.92811878180254,0.030131318582478864
6592,17,12778,18.39601336279461,22.0,21.0,23.0,22.0,20.0,24.0,24.0,22.285714285714285,7.0,7.0,7.0,7.0,7.0,7.0,7.0,5.0,2.0,4.0,7.0,7.0,7.0,7.0,7.0,7.0,7.0,7.0,7.0,6.0,6.0,7.0,7.0,7.0,0.013773673501330411,0.0002347785255908593,7.825950853028643e-05,0.01228674283925497,0.009312881515104085,0.0021130067303177335,0.12897167005791205,0.8331507278134294,7.825950853028643e-05,67,3824.212730311184,33.91166738598763,35.56035102862897,30.527981585383397,14.452596748669254,14.282837001870236,14.05553157819019,13.468565674003742,14.231045892677313,14.714429578477917,14.79499352611135,16.938569989929505,2.6096964465544525,0.0,4.364839591425694,0.0,13.816717019133936,17.577327003308877,18.43763487268019,18.158538339807222,0.0,0.0,8.09667673716012,0.8006704595588826,330.4099145335454,0.037799342620128344
6593,2,72,0.0,5.0,5.0,7.0,7.0,2.0,0.0,1.0,3.857142857142857,0.0,0.0,0.0,0.0,0.0,0.0,0.0,2.0,1.0,1.0,1.0,0.0,0.0,2.0,1.0,2.0,2.0,1.0,0.0,3.0,4.0,4.0,3.0,0.0,0.0,0.0,0.0,0.0,0.0,0.0,0.4583333333333333,0.5277777777777778,0.013888888888888888,67,68.99322672735927,54.18994413407822,32.960893854748605,12.849162011173185,6.70391061452514,18.435754189944134,6.70391061452514,4.4692737430167595,25.139664804469277,20.11173184357542,18.435754189944134,0.0,34.63687150837989,0.0,0.0,0.0,30.726256983240223,10.614525139664805,0.0,0.0,0.0,0.0,24.022346368715084,0.016256321400169187,0.3075342930783081,0.0
6593,2,72,0.0,5.0,5.0,7.0,7.0,2.0,0.0,1.0,3.857142857142857,0.0,0.0,0.0,0.0,0.0,0.0,0.0,2.0,1.0,1.0,1.0,0.0,0.0,2.0,1.0,2.0,2.0,1.0,0.0,3.0,4.0,4.0,3.0,0.0,0.0,0.0,0.0,0.0,0.0,0.0,0.4583333333333333,0.5277777777777778,0.013888888888888888,67,68.99322672735927,54.18994413407822,32.960893854748605,12.849162011173185,6.70391061452514,18.435754189944134,6.70391061452514,4.4692737430167595,25.139664804469277,20.11173184357542,18.435754189944134,0.0,34.63687150837989,0.0,0.0,0.0,30.726256983240223,10.614525139664805,0.0,0.0,0.0,0.0,24.022346368715084,0.016256321400169187,0.3075342930783081,0.0
6595,1,89,17.817523680555556,4.0,0.0,0.0,0.0,9.0,8.0,8.0,4.142857142857143,3.0,1.0,0.0,0.0,0.0,0.0,0.0,0.0,1.0,0.0,0.0,0.0,0.0,1.0,2.0,4.0,3.0,2.0,2.0,2.0,1.0,3.0,2.0,2.0,0.0,0.0,0.0,0.0,0.0,0.0,0.2247191011235955,0.7640449438202247,0.011235955056179775,66,1.2853077455160478,60.909090909090914,3.6363636363636362,35.45454545454545,29.09090909090909,20.0,24.545454545454547,26.36363636363636,0.0,0.0,0.0,0.0,0.0,0.0,0.0,0.0,0.0,0.0,100.0,0.0,0.0,0.0,0.0,0.009336795741880875,0.4244991688440364,0.0
6597,6,11732,20.29701887706856,21.0,23.0,23.0,24.0,24.0,24.0,24.0,23.285714285714285,7.0,7.0,7.0,7.0,7.0,7.0,7.0,7.0,7.0,6.0,6.0,7.0,7.0,4.0,7.0,7.0,7.0,7.0,7.0,7.0,7.0,7.0,7.0,7.0,0.003324241391067167,0.0,0.0,0.0005966587112171838,0.0,0.0,0.07611660415956359,0.9198772587794067,8.523695874531196e-05,65,76.6007910920639,26.21933621933622,21.601731601731604,52.17893217893218,14.617604617604618,14.194324194324196,13.891293891293891,13.804713804713806,14.694564694564693,14.68975468975469,14.107744107744107,0.0,27.027417027417027,0.0,1.6017316017316017,0.0,13.5016835016835,15.531505531505532,0.0,8.162578162578162,0.0,0.0,34.17508417508417,0.045400136898973535,11.996551758952178,0.003920900102284351
6597,6,11732,20.29701887706856,21.0,23.0,23.0,24.0,24.0,24.0,24.0,23.285714285714285,7.0,7.0,7.0,7.0,7.0,7.0,7.0,7.0,7.0,6.0,6.0,7.0,7.0,4.0,7.0,7.0,7.0,7.0,7.0,7.0,7.0,7.0,7.0,7.0,0.003324241391067167,0.0,0.0,0.0005966587112171838,0.0,0.0,0.07611660415956359,0.9198772587794067,8.523695874531196e-05,65,76.6007910920639,26.21933621933622,21.601731601731604,52.17893217893218,14.617604617604618,14.194324194324196,13.891293891293891,13.804713804713806,14.694564694564693,14.68975468975469,14.107744107744107,0.0,27.027417027417027,0.0,1.6017316017316017,0.0,13.5016835016835,15.531505531505532,0.0,8.162578162578162,0.0,0.0,34.17508417508417,0.045400136898973535,11.996551758952178,0.003920900102284351
6599,4,1281,2.7192343708609266,16.0,16.0,15.0,18.0,17.0,17.0,18.0,16.714285714285715,1.0,0.0,1.0,0.0,0.0,5.0,7.0,7.0,7.0,7.0,6.0,7.0,6.0,7.0,6.0,6.0,7.0,4.0,6.0,5.0,5.0,6.0,5.0,6.0,0.03044496487119438,0.0,0.0,0.00546448087431694,0.00234192037470726,0.00078064012490242,0.22560499609679938,0.7345823575331772,0.00078064012490242,67,6973173.504756063,41.43283582089553,31.582089552238806,26.985074626865675,10.208955223880597,15.164179104477613,15.701492537313433,16.53731343283582,13.432835820895523,12.597014925373134,16.35820895522388,22.44776119402985,10.44776119402985,0.0,0.0,0.0,6.925373134328358,10.26865671641791,22.507462686567166,20.35820895522388,0.0,0.0,7.044776119402984,0.5309129198716576,92.23505555346483,0.039032006245121
6599,4,1281,2.7192343708609266,16.0,16.0,15.0,18.0,17.0,17.0,18.0,16.714285714285715,1.0,0.0,1.0,0.0,0.0,5.0,7.0,7.0,7.0,7.0,6.0,7.0,6.0,7.0,6.0,6.0,7.0,4.0,6.0,5.0,5.0,6.0,5.0,6.0,0.03044496487119438,0.0,0.0,0.00546448087431694,0.00234192037470726,0.00078064012490242,0.22560499609679938,0.7345823575331772,0.00078064012490242,67,6973173.504756063,41.43283582089553,31.582089552238806,26.985074626865675,10.208955223880597,15.164179104477613,15.701492537313433,16.53731343283582,13.432835820895523,12.597014925373134,16.35820895522388,22.44776119402985,10.44776119402985,0.0,0.0,0.0,6.925373134328358,10.26865671641791,22.507462686567166,20.35820895522388,0.0,0.0,7.044776119402984,0.5309129198716576,92.23505555346483,0.039032006245121
6607,1,41,0.0,2.0,3.0,1.0,6.0,1.0,0.0,0.0,1.8571428571428572,0.0,0.0,0.0,1.0,0.0,1.0,0.0,0.0,0.0,0.0,0.0,0.0,1.0,1.0,0.0,0.0,1.0,0.0,0.0,3.0,3.0,1.0,1.0,0.0,0.0,0.0,0.0,0.0,0.0,0.0,0.36585365853658536,0.6097560975609756,0.024390243902439025,65,0.09987271808836302,38.297872340425535,34.04255319148936,27.659574468085108,10.638297872340425,19.148936170212767,0.0,0.0,29.78723404255319,31.914893617021278,8.51063829787234,27.659574468085108,0.0,0.0,0.0,0.0,0.0,23.404255319148938,40.42553191489361,8.51063829787234,0.0,0.0,0.0,0.007454901255642102,0.09778950910619912,0.0
6636,9,2085,6.602610972585858,8.0,6.0,4.0,7.0,10.0,6.0,9.0,7.142857142857143,2.0,1.0,0.0,0.0,0.0,3.0,7.0,2.0,2.0,4.0,4.0,2.0,3.0,6.0,5.0,0.0,1.0,0.0,0.0,0.0,1.0,5.0,0.0,2.0,0.09801876955161627,0.0036496350364963502,0.0046923879040667365,0.13399374348279458,0.0740354535974974,0.04692387904066736,0.3894681960375391,0.2424400417101147,0.006777893639207508,67,383.5359146469245,53.69649805447471,33.62516212710766,12.678339818417639,12.19195849546044,13.488975356679637,14.137483787289234,14.948119325551232,15.045395590142672,15.888456549935148,14.299610894941633,6.25810635538262,21.530479896238653,0.0,0.0,0.0,21.011673151750973,13.391699092088198,8.560311284046692,12.678339818417639,0.0,0.0,16.569390402075225,32.769126801059436,8637.641514971167,0.3613138686131387
6648,2,108,6.847892638888888,16.0,13.0,1.0,0.0,3.0,2.0,6.0,5.857142857142857,1.0,1.0,2.0,1.0,1.0,2.0,2.0,3.0,2.0,3.0,1.0,3.0,2.0,1.0,1.0,1.0,0.0,2.0,2.0,2.0,3.0,2.0,2.0,1.0,0.0,0.0,0.0,0.0,0.0,0.0,0.2962962962962963,0.6944444444444444,0.009259259259259259,67,2426.5441810226584,35.38461538461539,34.61538461538461,30.0,11.538461538461538,44.61538461538462,2.307692307692308,21.53846153846154,0.0,18.461538461538463,1.5384615384615385,0.0,0.0,0.0,88.46153846153845,0.0,0.0,0.0,11.538461538461538,0.0,0.0,0.0,0.0,0.024878448853875412,1.102970346867304,0.0
6648,2,108,6.847892638888888,16.0,13.0,1.0,0.0,3.0,2.0,6.0,5.857142857142857,1.0,1.0,2.0,1.0,1.0,2.0,2.0,3.0,2.0,3.0,1.0,3.0,2.0,1.0,1.0,1.0,0.0,2.0,2.0,2.0,3.0,2.0,2.0,1.0,0.0,0.0,0.0,0.0,0.0,0.0,0.2962962962962963,0.6944444444444444,0.009259259259259259,67,2426.5441810226584,35.38461538461539,34.61538461538461,30.0,11.538461538461538,44.61538461538462,2.307692307692308,21.53846153846154,0.0,18.461538461538463,1.5384615384615385,0.0,0.0,0.0,88.46153846153845,0.0,0.0,0.0,11.538461538461538,0.0,0.0,0.0,0.0,0.024878448853875412,1.102970346867304,0.0
6651,9,9037,11.587918588280063,15.0,17.0,18.0,21.0,17.0,16.0,21.0,17.857142857142858,7.0,7.0,7.0,7.0,7.0,7.0,7.0,5.0,1.0,1.0,0.0,3.0,5.0,4.0,7.0,6.0,6.0,7.0,5.0,5.0,7.0,4.0,5.0,5.0,0.033196857364169524,0.00011065619121389841,0.00022131238242779683,0.006971340046475601,0.006860683855261702,0.0016598428682084762,0.1815868097820073,0.7692818413190218,0.00011065619121389841,67,10953.265992341641,34.632970528303765,32.64996769544257,32.717061776253665,14.30097907658665,14.069877242681775,14.30097907658665,14.134486357536902,14.66129914020178,14.30097907658665,14.231400029819591,12.226032503354704,13.48591024302967,0.0,4.197107499627255,0.0,15.24775110580985,15.575766611997416,13.801500919437403,16.587147756075744,0.0,0.0,8.87878336066796,0.7704925607668003,812.2635130350494,0.049020692707756996
6655,6,822,6.781406768219833,16.0,19.0,16.0,10.0,14.0,17.0,17.0,15.571428571428571,2.0,2.0,1.0,1.0,2.0,5.0,7.0,6.0,4.0,5.0,6.0,6.0,4.0,7.0,6.0,4.0,4.0,5.0,6.0,6.0,3.0,5.0,7.0,5.0,0.0340632603406326,0.0,0.0,0.0024330900243309003,0.0012165450121654502,0.0012165450121654502,0.35523114355231145,0.6046228710462287,0.0012165450121654502,67,1728.124190839468,24.881291547958213,57.027540360873694,18.091168091168093,11.538461538461538,15.7644824311491,17.94871794871795,9.49667616334283,15.289648622981955,18.66096866096866,11.301044634377968,26.258309591642927,0.0,0.0,0.0,0.0,13.342830009496677,23.171889838556506,12.203228869895536,25.023741690408357,0.0,0.0,0.0,0.3979407096878432,92.5419187983178,0.038929440389294405
6673,10,21354,18.67240294290835,24.0,18.0,18.0,22.0,23.0,19.0,19.0,20.428571428571427,7.0,7.0,7.0,7.0,7.0,7.0,7.0,7.0,7.0,7.0,3.0,4.0,5.0,4.0,2.0,4.0,3.0,6.0,7.0,7.0,7.0,7.0,7.0,7.0,0.011239112110143298,0.0,0.0,0.001264400112391121,0.0018731853516905498,0.00018731853516905497,0.06125316100028098,0.9241359932565327,4.682963379226374e-05,67,571.7180021668396,36.261298546502005,28.583253319206705,35.1554481342913,15.630897592954343,14.134357514154223,13.833062940767475,13.396020262887792,14.690593649637455,13.81650829387809,14.498559745720623,14.753501307817105,7.260868125682879,0.0,9.77717445286892,0.0,15.458729265304772,14.041651491573685,11.210806873489389,16.200377445949076,0.0,0.0,11.296891037314175,0.13119681425231558,112.01967780466386,0.014564016109394024
6678,4,400,0.0,6.0,8.0,10.0,9.0,11.0,11.0,12.0,9.571428571428571,0.0,0.0,0.0,0.0,0.0,0.0,2.0,5.0,2.0,5.0,4.0,3.0,6.0,5.0,4.0,1.0,3.0,6.0,4.0,7.0,4.0,5.0,1.0,0.0,0.0025,0.0,0.0,0.0,0.0125,0.0025,0.3875,0.5925,0.0025,67,668319.7299925836,50.55889939810834,41.0146173688736,8.426483233018056,13.49957007738607,9.37231298366294,17.02493551160791,21.324161650902838,15.477214101461737,9.286328460877042,14.015477214101463,25.19346517626827,9.974204643164231,0.0,0.0,0.0,8.16852966466036,9.630266552020636,17.454858125537402,25.19346517626827,0.0,0.0,4.3852106620808255,0.9920818039626762,84.16588722597828,0.0175
6678,4,400,0.0,6.0,8.0,10.0,9.0,11.0,11.0,12.0,9.571428571428571,0.0,0.0,0.0,0.0,0.0,0.0,2.0,5.0,2.0,5.0,4.0,3.0,6.0,5.0,4.0,1.0,3.0,6.0,4.0,7.0,4.0,5.0,1.0,0.0,0.0025,0.0,0.0,0.0,0.0125,0.0025,0.3875,0.5925,0.0025,67,668319.7299925836,50.55889939810834,41.0146173688736,8.426483233018056,13.49957007738607,9.37231298366294,17.02493551160791,21.324161650902838,15.477214101461737,9.286328460877042,14.015477214101463,25.19346517626827,9.974204643164231,0.0,0.0,0.0,8.16852966466036,9.630266552020636,17.454858125537402,25.19346517626827,0.0,0.0,4.3852106620808255,0.9920818039626762,84.16588722597828,0.0175
6692,6,529,16.479885850694444,13.0,12.0,11.0,13.0,23.0,13.0,15.0,14.285714285714286,3.0,7.0,3.0,2.0,5.0,5.0,3.0,4.0,2.0,2.0,3.0,2.0,4.0,3.0,4.0,5.0,6.0,5.0,6.0,6.0,3.0,6.0,7.0,4.0,0.02835538752362949,0.0,0.0,0.007561436672967864,0.001890359168241966,0.0,0.19659735349716445,0.7637051039697542,0.001890359168241966,67,77.92801805838597,27.04326923076923,22.47596153846154,50.480769230769226,20.072115384615387,25.961538461538463,10.336538461538462,13.581730769230768,13.822115384615385,7.6923076923076925,8.533653846153847,0.0,0.0,0.0,0.0,0.0,99.75961538461539,0.2403846153846154,0.0,0.0,0.0,0.0,0.0,0.27695262803351384,16.22633395889284,0.03780718336483932
6692,6,529,16.479885850694444,13.0,12.0,11.0,13.0,23.0,13.0,15.0,14.285714285714286,3.0,7.0,3.0,2.0,5.0,5.0,3.0,4.0,2.0,2.0,3.0,2.0,4.0,3.0,4.0,5.0,6.0,5.0,6.0,6.0,3.0,6.0,7.0,4.0,0.02835538752362949,0.0,0.0,0.007561436672967864,0.001890359168241966,0.0,0.19659735349716445,0.7637051039697542,0.001890359168241966,67,77.92801805838597,27.04326923076923,22.47596153846154,50.480769230769226,20.072115384615387,25.961538461538463,10.336538461538462,13.581730769230768,13.822115384615385,7.6923076923076925,8.533653846153847,0.0,0.0,0.0,0.0,0.0,99.75961538461539,0.2403846153846154,0.0,0.0,0.0,0.0,0.0,0.27695262803351384,16.22633395889284,0.03780718336483932
6974,3,769,18.42271768162393,21.0,16.0,15.0,18.0,20.0,21.0,17.0,18.285714285714285,7.0,7.0,6.0,7.0,5.0,7.0,6.0,6.0,5.0,5.0,3.0,2.0,3.0,6.0,6.0,6.0,6.0,7.0,4.0,3.0,3.0,5.0,7.0,6.0,0.007802340702210663,0.0,0.0,0.005201560468140442,0.0,0.0,0.22366710013003901,0.7620286085825748,0.0013003901170351106,67,278.0771084013435,17.142857142857142,15.270935960591133,67.58620689655173,17.339901477832512,16.25615763546798,22.5615763546798,11.133004926108374,14.97536945812808,10.541871921182267,7.192118226600986,0.0,0.0,0.0,0.0,0.0,0.0,70.14778325123153,17.832512315270936,12.019704433497537,0.0,0.0,0.0,0.13075039509736544,12.546761967960615,0.013003901170351105
6974,3,769,18.42271768162393,21.0,16.0,15.0,18.0,20.0,21.0,17.0,18.285714285714285,7.0,7.0,6.0,7.0,5.0,7.0,6.0,6.0,5.0,5.0,3.0,2.0,3.0,6.0,6.0,6.0,6.0,7.0,4.0,3.0,3.0,5.0,7.0,6.0,0.007802340702210663,0.0,0.0,0.005201560468140442,0.0,0.0,0.22366710013003901,0.7620286085825748,0.0013003901170351106,67,278.0771084013435,17.142857142857142,15.270935960591133,67.58620689655173,17.339901477832512,16.25615763546798,22.5615763546798,11.133004926108374,14.97536945812808,10.541871921182267,7.192118226600986,0.0,0.0,0.0,0.0,0.0,0.0,70.14778325123153,17.832512315270936,12.019704433497537,0.0,0.0,0.0,0.13075039509736544,12.546761967960615,0.013003901170351105
7000,21,4473,8.500140891206494,4.0,3.0,5.0,4.0,4.0,5.0,8.0,4.714285714285714,1.0,0.0,2.0,4.0,4.0,2.0,1.0,0.0,0.0,0.0,0.0,0.0,0.0,0.0,0.0,2.0,0.0,1.0,1.0,1.0,4.0,6.0,2.0,2.0,0.09478447249345082,0.0023815194093831865,0.0023815194093831865,0.07644677304120029,0.25315551321743274,0.030483448440104786,0.232436294355799,0.29816623005477494,0.009764229578471064,67,502229.6175110602,26.02235048507921,51.49207908633182,22.48557042858897,19.390887879160015,13.705022718899668,17.401449097384255,6.10340169470711,15.976912685742356,13.054156944615006,14.368168979491589,11.236644971140858,16.861107699864913,0.0,0.0,0.0,22.153997298293014,18.64177821441729,0.12280486307257768,17.376888124769742,0.0,0.0,13.606778828441607,234.88727615298274,724436.7968989966,0.459633246010955
7031,3,53,5.090777752525252,3.0,6.0,2.0,3.0,5.0,6.0,3.0,4.0,1.0,0.0,1.0,0.0,2.0,2.0,3.0,3.0,1.0,2.0,1.0,0.0,0.0,1.0,0.0,0.0,0.0,2.0,1.0,3.0,3.0,0.0,1.0,1.0,0.018867924528301886,0.0,0.0,0.0,0.0,0.0,0.39622641509433965,0.5660377358490566,0.018867924528301886,67,77.38765512735348,26.168224299065418,39.25233644859813,34.57943925233645,21.962616822429908,12.149532710280374,16.822429906542055,1.4018691588785046,15.887850467289718,23.83177570093458,7.943925233644859,100.0,0.0,0.0,0.0,0.0,0.0,0.0,0.0,0.0,0.0,0.0,0.0,0.16837856350602523,4.476656289490447,0.018867924528301886
7031,3,53,5.090777752525252,3.0,6.0,2.0,3.0,5.0,6.0,3.0,4.0,1.0,0.0,1.0,0.0,2.0,2.0,3.0,3.0,1.0,2.0,1.0,0.0,0.0,1.0,0.0,0.0,0.0,2.0,1.0,3.0,3.0,0.0,1.0,1.0,0.018867924528301886,0.0,0.0,0.0,0.0,0.0,0.39622641509433965,0.5660377358490566,0.018867924528301886,67,77.38765512735348,26.168224299065418,39.25233644859813,34.57943925233645,21.962616822429908,12.149532710280374,16.822429906542055,1.4018691588785046,15.887850467289718,23.83177570093458,7.943925233644859,100.0,0.0,0.0,0.0,0.0,0.0,0.0,0.0,0.0,0.0,0.0,0.0,0.16837856350602523,4.476656289490447,0.018867924528301886
7031,3,53,5.090777752525252,3.0,6.0,2.0,3.0,5.0,6.0,3.0,4.0,1.0,0.0,1.0,0.0,2.0,2.0,3.0,3.0,1.0,2.0,1.0,0.0,0.0,1.0,0.0,0.0,0.0,2.0,1.0,3.0,3.0,0.0,1.0,1.0,0.018867924528301886,0.0,0.0,0.0,0.0,0.0,0.39622641509433965,0.5660377358490566,0.018867924528301886,67,77.38765512735348,26.168224299065418,39.25233644859813,34.57943925233645,21.962616822429908,12.149532710280374,16.822429906542055,1.4018691588785046,15.887850467289718,23.83177570093458,7.943925233644859,100.0,0.0,0.0,0.0,0.0,0.0,0.0,0.0,0.0,0.0,0.0,0.0,0.16837856350602523,4.476656289490447,0.018867924528301886
7034,7,2874,18.664865277777782,24.0,23.0,24.0,24.0,23.0,23.0,24.0,23.571428571428573,7.0,7.0,7.0,7.0,7.0,7.0,7.0,7.0,7.0,7.0,7.0,7.0,5.0,7.0,7.0,7.0,7.0,7.0,7.0,6.0,7.0,7.0,7.0,7.0,0.004523312456506611,0.0,0.0,0.006958942240779402,0.010090466249130133,0.0017397355601948504,0.028183716075156576,0.9481558803061935,0.0003479471120389701,67,149.9055260145053,32.82484336692999,32.71588123127213,34.459275401797875,23.835467175156634,10.215200217924272,15.254698992100247,11.059656769272678,17.869790247888858,10.215200217924272,11.549986379733044,100.0,0.0,0.0,0.0,0.0,0.0,0.0,0.0,0.0,0.0,0.0,0.0,0.5959002166751163,148.68266301321285,0.023312456506610995
7046,2,202,16.97341240740741,19.0,15.0,14.0,9.0,10.0,14.0,16.0,13.857142857142858,0.0,7.0,5.0,6.0,5.0,5.0,7.0,5.0,3.0,5.0,3.0,4.0,4.0,2.0,4.0,3.0,4.0,4.0,6.0,3.0,4.0,4.0,2.0,2.0,0.0,0.0,0.0,0.0,0.0,0.0,0.7029702970297029,0.29207920792079206,0.0049504950495049506,67,5.171348872992302,37.735849056603776,39.97641509433962,22.287735849056602,11.733490566037736,19.516509433962266,11.43867924528302,16.86320754716981,11.202830188679245,15.035377358490564,14.209905660377359,51.35613207547169,0.0,0.0,0.0,0.0,0.0,0.0,48.6438679245283,0.0,0.0,0.0,0.0,0.022311580751338655,1.2806055205527147,0.0
7046,2,202,16.97341240740741,19.0,15.0,14.0,9.0,10.0,14.0,16.0,13.857142857142858,0.0,7.0,5.0,6.0,5.0,5.0,7.0,5.0,3.0,5.0,3.0,4.0,4.0,2.0,4.0,3.0,4.0,4.0,6.0,3.0,4.0,4.0,2.0,2.0,0.0,0.0,0.0,0.0,0.0,0.0,0.7029702970297029,0.29207920792079206,0.0049504950495049506,67,5.171348872992302,37.735849056603776,39.97641509433962,22.287735849056602,11.733490566037736,19.516509433962266,11.43867924528302,16.86320754716981,11.202830188679245,15.035377358490564,14.209905660377359,51.35613207547169,0.0,0.0,0.0,0.0,0.0,0.0,48.6438679245283,0.0,0.0,0.0,0.0,0.022311580751338655,1.2806055205527147,0.0
7047,7,1969,12.87008557002315,22.0,17.0,18.0,21.0,21.0,23.0,21.0,20.428571428571427,7.0,5.0,7.0,7.0,6.0,1.0,6.0,7.0,7.0,6.0,6.0,5.0,6.0,7.0,6.0,5.0,5.0,6.0,3.0,7.0,7.0,7.0,7.0,7.0,0.019807008633824275,0.0,0.0,0.0015236160487557136,0.0,0.0,0.27882173692229556,0.6993397663788725,0.0005078720162519045,67,4.331639559599751,37.03885882931628,41.39203148057059,21.569109690113134,16.551893753074275,11.116576487948844,13.354648303000491,8.68175110673881,16.084604033448105,17.117560255779633,17.092966060009836,25.676340383669455,0.0,0.0,0.0,0.0,20.16724053123463,29.094933595671424,0.0,25.061485489424495,0.0,0.0,0.0,0.10737933597088094,12.064302663706474,0.02133062468257999
7047,7,1969,12.87008557002315,22.0,17.0,18.0,21.0,21.0,23.0,21.0,20.428571428571427,7.0,5.0,7.0,7.0,6.0,1.0,6.0,7.0,7.0,6.0,6.0,5.0,6.0,7.0,6.0,5.0,5.0,6.0,3.0,7.0,7.0,7.0,7.0,7.0,0.019807008633824275,0.0,0.0,0.0015236160487557136,0.0,0.0,0.27882173692229556,0.6993397663788725,0.0005078720162519045,67,4.331639559599751,37.03885882931628,41.39203148057059,21.569109690113134,16.551893753074275,11.116576487948844,13.354648303000491,8.68175110673881,16.084604033448105,17.117560255779633,17.092966060009836,25.676340383669455,0.0,0.0,0.0,0.0,20.16724053123463,29.094933595671424,0.0,25.061485489424495,0.0,0.0,0.0,0.10737933597088094,12.064302663706474,0.02133062468257999
7048,15,3952,17.03602575396825,17.0,16.0,18.0,18.0,21.0,16.0,18.0,17.714285714285715,7.0,7.0,7.0,7.0,7.0,6.0,7.0,5.0,3.0,2.0,3.0,4.0,1.0,7.0,7.0,6.0,1.0,1.0,2.0,6.0,7.0,7.0,7.0,7.0,0.04251012145748988,0.0,0.0,0.010121457489878543,0.011133603238866396,0.00025303643724696357,0.05313765182186235,0.8825910931174089,0.00025303643724696357,67,2411.807480018624,27.470613844144538,28.80568857930634,43.72369757654912,14.468146858220868,12.697721665941083,13.031490349731534,13.960237991583224,14.976055724858512,15.556523001015817,15.30982440864896,74.77869685096503,0.0,0.0,0.0,0.0,0.0,0.0,25.221303149034974,0.0,0.0,0.0,0.0,0.6198884772047087,83.43527177490827,0.06401821862348178
7159,1,55,0.0,2.0,5.0,3.0,2.0,2.0,1.0,3.0,2.5714285714285716,0.0,0.0,0.0,1.0,0.0,0.0,0.0,0.0,0.0,0.0,0.0,0.0,4.0,2.0,1.0,1.0,0.0,1.0,1.0,2.0,4.0,0.0,1.0,0.0,0.0,0.0,0.0,0.0,0.0,0.0,0.3090909090909091,0.6727272727272727,0.01818181818181818,67,127.64484622267103,48.75,27.500000000000004,23.75,6.25,11.25,6.25,16.25,12.5,18.75,28.749999999999996,0.0,25.0,0.0,0.0,0.0,48.75,0.0,0.0,0.0,0.0,0.0,26.25,0.008186336317162429,0.24477206605649765,0.0
7220,4,447,4.1102260388888885,14.0,3.0,14.0,12.0,13.0,14.0,16.0,12.285714285714286,3.0,1.0,1.0,0.0,1.0,0.0,1.0,5.0,6.0,6.0,3.0,5.0,4.0,5.0,4.0,5.0,5.0,4.0,2.0,5.0,4.0,6.0,5.0,5.0,0.024608501118568233,0.0,0.0,0.0044742729306487695,0.0022371364653243847,0.0,0.2371364653243848,0.7293064876957495,0.0022371364653243847,67,11628.313424409778,37.51987281399046,36.089030206677265,26.391096979332275,18.60095389507154,16.216216216216218,15.103338632750399,25.27821939586645,9.85691573926868,3.1796502384737675,11.76470588235294,0.0,0.0,0.0,0.0,0.0,7.154213036565977,28.934817170111288,0.0,63.910969793322735,0.0,0.0,0.0,0.3830265314898998,25.224820206268905,0.03131991051454139
7220,4,447,4.1102260388888885,14.0,3.0,14.0,12.0,13.0,14.0,16.0,12.285714285714286,3.0,1.0,1.0,0.0,1.0,0.0,1.0,5.0,6.0,6.0,3.0,5.0,4.0,5.0,4.0,5.0,5.0,4.0,2.0,5.0,4.0,6.0,5.0,5.0,0.024608501118568233,0.0,0.0,0.0044742729306487695,0.0022371364653243847,0.0,0.2371364653243848,0.7293064876957495,0.0022371364653243847,67,11628.313424409778,37.51987281399046,36.089030206677265,26.391096979332275,18.60095389507154,16.216216216216218,15.103338632750399,25.27821939586645,9.85691573926868,3.1796502384737675,11.76470588235294,0.0,0.0,0.0,0.0,0.0,7.154213036565977,28.934817170111288,0.0,63.910969793322735,0.0,0.0,0.0,0.3830265314898998,25.224820206268905,0.03131991051454139
7223,5,3462,19.064714046214362,23.0,24.0,24.0,22.0,23.0,21.0,23.0,22.857142857142858,7.0,7.0,5.0,5.0,7.0,7.0,7.0,7.0,7.0,6.0,7.0,7.0,7.0,7.0,7.0,7.0,7.0,7.0,6.0,7.0,7.0,7.0,7.0,5.0,0.008087810514153668,0.0,0.0,0.00028885037550548814,0.0008665511265164644,0.0005777007510109763,0.22270363951473138,0.7671865973425765,0.00028885037550548814,67,2472.2459521078017,47.79023746701847,31.827176781002635,20.38258575197889,14.544854881266492,13.654353562005278,13.91820580474934,14.264511873350925,14.24802110817942,15.187994722955144,14.182058047493404,19.92084432717678,0.0,0.0,0.0,0.0,22.674802110817943,25.824538258575195,0.0,31.57981530343008,0.0,0.0,0.0,0.13381901439944532,123.78437533190981,0.009820912767186597
7223,5,3462,19.064714046214362,23.0,24.0,24.0,22.0,23.0,21.0,23.0,22.857142857142858,7.0,7.0,5.0,5.0,7.0,7.0,7.0,7.0,7.0,6.0,7.0,7.0,7.0,7.0,7.0,7.0,7.0,7.0,6.0,7.0,7.0,7.0,7.0,5.0,0.008087810514153668,0.0,0.0,0.00028885037550548814,0.0008665511265164644,0.0005777007510109763,0.22270363951473138,0.7671865973425765,0.00028885037550548814,67,2472.2459521078017,47.79023746701847,31.827176781002635,20.38258575197889,14.544854881266492,13.654353562005278,13.91820580474934,14.264511873350925,14.24802110817942,15.187994722955144,14.182058047493404,19.92084432717678,0.0,0.0,0.0,0.0,22.674802110817943,25.824538258575195,0.0,31.57981530343008,0.0,0.0,0.0,0.13381901439944532,123.78437533190981,0.009820912767186597
7241,5,574,9.044867465277777,5.0,20.0,15.0,12.0,14.0,10.0,6.0,11.714285714285714,5.0,6.0,5.0,6.0,6.0,6.0,3.0,4.0,3.0,3.0,1.0,1.0,1.0,1.0,1.0,1.0,3.0,2.0,2.0,3.0,4.0,5.0,5.0,5.0,0.012195121951219513,0.0,0.0,0.0017421602787456446,0.006968641114982578,0.0017421602787456446,0.10278745644599303,0.872822299651568,0.0017421602787456446,66,61665.88403536386,14.473684210526317,13.397129186602871,72.1291866028708,17.583732057416267,10.76555023923445,16.028708133971293,7.4162679425837315,11.842105263157894,23.444976076555022,12.918660287081341,0.0,20.095693779904305,0.0,0.0,0.0,79.90430622009569,0.0,0.0,0.0,0.0,0.0,0.0,0.6022628484230178,140.10273785202693,0.02264808362369338
7254,5,544,7.600155071059432,18.0,16.0,14.0,9.0,18.0,20.0,16.0,15.857142857142858,2.0,2.0,2.0,3.0,5.0,4.0,6.0,6.0,6.0,4.0,3.0,4.0,5.0,7.0,4.0,6.0,6.0,5.0,5.0,6.0,7.0,6.0,4.0,3.0,0.003676470588235294,0.0,0.0,0.003676470588235294,0.0,0.0,0.21323529411764705,0.7775735294117647,0.001838235294117647,67,219.30009402646306,36.43858202802968,38.16982687551525,25.39159109645507,15.581203627370158,13.520197856553997,22.341302555647154,23.82522671063479,8.408903544929926,7.666941467436109,8.656224237427864,71.97032151690024,0.0,0.0,0.0,0.0,0.0,6.512778235779059,0.0,21.51690024732069,0.0,0.0,0.0,0.08298618242667896,10.135333872419867,0.007352941176470588
7254,5,544,7.600155071059432,18.0,16.0,14.0,9.0,18.0,20.0,16.0,15.857142857142858,2.0,2.0,2.0,3.0,5.0,4.0,6.0,6.0,6.0,4.0,3.0,4.0,5.0,7.0,4.0,6.0,6.0,5.0,5.0,6.0,7.0,6.0,4.0,3.0,0.003676470588235294,0.0,0.0,0.003676470588235294,0.0,0.0,0.21323529411764705,0.7775735294117647,0.001838235294117647,67,219.30009402646306,36.43858202802968,38.16982687551525,25.39159109645507,15.581203627370158,13.520197856553997,22.341302555647154,23.82522671063479,8.408903544929926,7.666941467436109,8.656224237427864,71.97032151690024,0.0,0.0,0.0,0.0,0.0,6.512778235779059,0.0,21.51690024732069,0.0,0.0,0.0,0.08298618242667896,10.135333872419867,0.007352941176470588
7276,4,717,1.519806793552812,12.0,18.0,15.0,12.0,9.0,14.0,17.0,13.857142857142858,1.0,2.0,3.0,3.0,3.0,3.0,4.0,3.0,4.0,3.0,3.0,2.0,4.0,6.0,3.0,5.0,7.0,7.0,7.0,7.0,7.0,4.0,4.0,2.0,0.02510460251046025,0.0,0.0,0.001394700139470014,0.002789400278940028,0.0,0.17433751743375175,0.7949790794979079,0.001394700139470014,65,1350.1778945508015,53.293413173652695,15.568862275449103,31.137724550898206,7.0858283433133735,12.574850299401197,16.26746506986028,23.253493013972058,7.18562874251497,20.25948103792415,13.373253493013973,10.179640718562874,19.16167664670659,0.0,0.0,0.0,9.481037924151696,29.64071856287425,0.0,31.53692614770459,0.0,0.0,0.0,0.18372211744001518,29.432672219772474,0.029288702928870293
7276,4,717,1.519806793552812,12.0,18.0,15.0,12.0,9.0,14.0,17.0,13.857142857142858,1.0,2.0,3.0,3.0,3.0,3.0,4.0,3.0,4.0,3.0,3.0,2.0,4.0,6.0,3.0,5.0,7.0,7.0,7.0,7.0,7.0,4.0,4.0,2.0,0.02510460251046025,0.0,0.0,0.001394700139470014,0.002789400278940028,0.0,0.17433751743375175,0.7949790794979079,0.001394700139470014,65,1350.1778945508015,53.293413173652695,15.568862275449103,31.137724550898206,7.0858283433133735,12.574850299401197,16.26746506986028,23.253493013972058,7.18562874251497,20.25948103792415,13.373253493013973,10.179640718562874,19.16167664670659,0.0,0.0,0.0,9.481037924151696,29.64071856287425,0.0,31.53692614770459,0.0,0.0,0.0,0.18372211744001518,29.432672219772474,0.029288702928870293
7315,3,1528,12.765788107769422,23.0,21.0,23.0,23.0,24.0,22.0,23.0,22.714285714285715,7.0,7.0,7.0,7.0,7.0,6.0,6.0,7.0,7.0,6.0,6.0,7.0,7.0,7.0,7.0,7.0,7.0,7.0,7.0,7.0,7.0,7.0,5.0,4.0,0.0006544502617801048,0.0,0.0,0.0,0.0,0.0,0.4024869109947644,0.5962041884816754,0.0006544502617801048,67,32154.64455293989,45.12012012012012,30.067567567567565,24.81231231231231,14.414414414414415,14.18918918918919,13.513513513513514,16.77927927927928,13.063063063063062,14.977477477477477,13.063063063063062,11.711711711711711,19.444444444444446,0.0,0.0,0.0,18.13063063063063,22.74774774774775,0.0,26.2012012012012,0.0,0.0,1.7642642642642643,0.08733393065485053,25.645102618942012,0.0006544502617801048
7315,3,1528,12.765788107769422,23.0,21.0,23.0,23.0,24.0,22.0,23.0,22.714285714285715,7.0,7.0,7.0,7.0,7.0,6.0,6.0,7.0,7.0,6.0,6.0,7.0,7.0,7.0,7.0,7.0,7.0,7.0,7.0,7.0,7.0,7.0,5.0,4.0,0.0006544502617801048,0.0,0.0,0.0,0.0,0.0,0.4024869109947644,0.5962041884816754,0.0006544502617801048,67,32154.64455293989,45.12012012012012,30.067567567567565,24.81231231231231,14.414414414414415,14.18918918918919,13.513513513513514,16.77927927927928,13.063063063063062,14.977477477477477,13.063063063063062,11.711711711711711,19.444444444444446,0.0,0.0,0.0,18.13063063063063,22.74774774774775,0.0,26.2012012012012,0.0,0.0,1.7642642642642643,0.08733393065485053,25.645102618942012,0.0006544502617801048
7327,6,17305,20.362006715488214,24.0,24.0,24.0,24.0,24.0,24.0,24.0,24.0,7.0,7.0,7.0,7.0,7.0,7.0,7.0,7.0,7.0,7.0,7.0,7.0,7.0,7.0,7.0,7.0,7.0,7.0,7.0,7.0,7.0,7.0,7.0,7.0,0.0007512279687951459,5.778676683039584e-05,5.778676683039584e-05,5.778676683039584e-05,0.0,5.778676683039584e-05,0.06709043629008957,0.9318116151401329,0.00011557353366079168,67,4659.073623064816,33.934595834645314,35.04565696549863,31.019747199856056,12.532049840313075,15.617830956772075,14.101929737753588,15.082542395753679,13.939993702487518,14.0524492825334,14.673204084386668,8.236246682560388,18.834060546084295,0.0,0.0,0.0,19.787683864873376,18.892537447708154,0.0,19.765192748864198,0.0,0.0,14.484278709909585,0.11429125704506081,1002.0095042496058,0.0009823750361167294
7327,6,17305,20.362006715488214,24.0,24.0,24.0,24.0,24.0,24.0,24.0,24.0,7.0,7.0,7.0,7.0,7.0,7.0,7.0,7.0,7.0,7.0,7.0,7.0,7.0,7.0,7.0,7.0,7.0,7.0,7.0,7.0,7.0,7.0,7.0,7.0,0.0007512279687951459,5.778676683039584e-05,5.778676683039584e-05,5.778676683039584e-05,0.0,5.778676683039584e-05,0.06709043629008957,0.9318116151401329,0.00011557353366079168,67,4659.073623064816,33.934595834645314,35.04565696549863,31.019747199856056,12.532049840313075,15.617830956772075,14.101929737753588,15.082542395753679,13.939993702487518,14.0524492825334,14.673204084386668,8.236246682560388,18.834060546084295,0.0,0.0,0.0,19.787683864873376,18.892537447708154,0.0,19.765192748864198,0.0,0.0,14.484278709909585,0.11429125704506081,1002.0095042496058,0.0009823750361167294
7345,2,277,14.589058316993462,10.0,12.0,15.0,14.0,8.0,15.0,8.0,11.714285714285714,5.0,3.0,1.0,4.0,4.0,5.0,7.0,4.0,3.0,1.0,1.0,1.0,0.0,4.0,5.0,5.0,4.0,1.0,1.0,5.0,2.0,4.0,6.0,6.0,0.0,0.0,0.0,0.0036101083032490976,0.0,0.0,0.26353790613718414,0.7292418772563177,0.0036101083032490976,67,269632.3529785469,22.294022617124394,17.60904684975767,60.096930533117934,11.308562197092083,11.308562197092083,8.40064620355412,10.177705977382875,20.678513731825525,14.378029079159935,23.747980613893375,100.0,0.0,0.0,0.0,0.0,0.0,0.0,0.0,0.0,0.0,0.0,0.0,0.4076679035495556,54.15200772004807,0.0036101083032490976
7345,2,277,14.589058316993462,10.0,12.0,15.0,14.0,8.0,15.0,8.0,11.714285714285714,5.0,3.0,1.0,4.0,4.0,5.0,7.0,4.0,3.0,1.0,1.0,1.0,0.0,4.0,5.0,5.0,4.0,1.0,1.0,5.0,2.0,4.0,6.0,6.0,0.0,0.0,0.0,0.0036101083032490976,0.0,0.0,0.26353790613718414,0.7292418772563177,0.0036101083032490976,67,269632.3529785469,22.294022617124394,17.60904684975767,60.096930533117934,11.308562197092083,11.308562197092083,8.40064620355412,10.177705977382875,20.678513731825525,14.378029079159935,23.747980613893375,100.0,0.0,0.0,0.0,0.0,0.0,0.0,0.0,0.0,0.0,0.0,0.0,0.4076679035495556,54.15200772004807,0.0036101083032490976
7369,18,22975,23.518162032679736,21.0,22.0,19.0,22.0,21.0,21.0,22.0,21.142857142857142,7.0,7.0,7.0,7.0,7.0,6.0,3.0,0.0,7.0,7.0,7.0,7.0,7.0,7.0,7.0,7.0,6.0,5.0,4.0,5.0,7.0,7.0,7.0,7.0,0.026115342763873776,4.352557127312296e-05,0.0,0.007747551686615887,0.005397170837867247,0.0007399347116430903,0.05027203482045702,0.9096409140369968,4.352557127312296e-05,67,2102.711138574834,29.960407239819002,30.808823529411768,39.23076923076923,14.5079185520362,14.442873303167419,14.270361990950226,14.595588235294118,14.029977375565611,13.922511312217194,14.23076923076923,10.820135746606335,19.584276018099548,0.0,0.0,0.0,19.38348416289593,17.04185520361991,0.0,18.68212669683258,0.0,0.0,14.488122171945703,0.463583827575223,200.02256512900337,0.04004352557127312
7396,2,51,0.0,6.0,1.0,0.0,4.0,4.0,1.0,5.0,3.0,0.0,0.0,0.0,0.0,0.0,0.0,0.0,0.0,0.0,2.0,4.0,2.0,3.0,2.0,1.0,1.0,0.0,0.0,0.0,2.0,2.0,2.0,0.0,0.0,0.0,0.0,0.0,0.0,0.0,0.0,0.37254901960784315,0.6078431372549019,0.0196078431372549,67,0.5933829869760013,21.91780821917808,63.013698630136986,15.068493150684931,17.80821917808219,24.65753424657534,5.47945205479452,19.17808219178082,16.43835616438356,6.8493150684931505,9.58904109589041,0.0,39.726027397260275,0.0,0.0,0.0,10.95890410958904,0.0,0.0,0.0,0.0,0.0,49.31506849315068,0.08717265604417924,0.6277267764727554,0.0
7396,2,51,0.0,6.0,1.0,0.0,4.0,4.0,1.0,5.0,3.0,0.0,0.0,0.0,0.0,0.0,0.0,0.0,0.0,0.0,2.0,4.0,2.0,3.0,2.0,1.0,1.0,0.0,0.0,0.0,2.0,2.0,2.0,0.0,0.0,0.0,0.0,0.0,0.0,0.0,0.0,0.37254901960784315,0.6078431372549019,0.0196078431372549,67,0.5933829869760013,21.91780821917808,63.013698630136986,15.068493150684931,17.80821917808219,24.65753424657534,5.47945205479452,19.17808219178082,16.43835616438356,6.8493150684931505,9.58904109589041,0.0,39.726027397260275,0.0,0.0,0.0,10.95890410958904,0.0,0.0,0.0,0.0,0.0,49.31506849315068,0.08717265604417924,0.6277267764727554,0.0
7407,2,98,0.0,6.0,7.0,5.0,6.0,6.0,3.0,5.0,5.428571428571429,0.0,0.0,0.0,0.0,0.0,2.0,4.0,1.0,2.0,3.0,2.0,1.0,7.0,3.0,1.0,0.0,0.0,0.0,3.0,5.0,2.0,2.0,0.0,0.0,0.0,0.0,0.0,0.0,0.0,0.0,0.47959183673469385,0.5102040816326531,0.01020408163265306,65,15.22298734700345,30.107526881720432,42.65232974910394,27.24014336917563,15.053763440860216,13.620071684587815,12.903225806451612,8.960573476702509,15.053763440860216,19.71326164874552,14.695340501792115,0.0,43.36917562724014,0.0,0.0,0.0,0.0,0.0,0.0,0.0,0.0,0.0,56.63082437275986,0.014396358779521057,0.47329293169869635,0.0
7407,2,98,0.0,6.0,7.0,5.0,6.0,6.0,3.0,5.0,5.428571428571429,0.0,0.0,0.0,0.0,0.0,2.0,4.0,1.0,2.0,3.0,2.0,1.0,7.0,3.0,1.0,0.0,0.0,0.0,3.0,5.0,2.0,2.0,0.0,0.0,0.0,0.0,0.0,0.0,0.0,0.0,0.47959183673469385,0.5102040816326531,0.01020408163265306,65,15.22298734700345,30.107526881720432,42.65232974910394,27.24014336917563,15.053763440860216,13.620071684587815,12.903225806451612,8.960573476702509,15.053763440860216,19.71326164874552,14.695340501792115,0.0,43.36917562724014,0.0,0.0,0.0,0.0,0.0,0.0,0.0,0.0,0.0,56.63082437275986,0.014396358779521057,0.47329293169869635,0.0
7409,13,9013,18.632956291486295,20.0,21.0,24.0,24.0,22.0,20.0,20.0,21.571428571428573,7.0,7.0,7.0,7.0,7.0,7.0,7.0,7.0,7.0,7.0,6.0,6.0,6.0,6.0,4.0,6.0,4.0,6.0,6.0,6.0,6.0,6.0,7.0,6.0,0.01209364251636525,0.0,0.0,0.004548984799733718,0.0011095084877399313,0.0,0.047376012426495064,0.9343170975257961,0.0005547542438699656,65,50825883.26816516,15.933726976293293,21.291971446197234,62.774301577509476,12.95496607032696,14.735172292235832,12.161804882347758,12.435004847096149,15.131752886225433,17.3526042125672,15.228694809200668,0.0,22.481713228166036,0.0,0.0,0.0,42.998149290561386,30.563144443465234,0.0,0.0,0.0,0.0,3.95699303780735,14.302169276176317,60030.442229275395,0.0177521358038389
7410,1,15,0.0,2.0,4.0,0.0,0.0,0.0,0.0,0.0,0.8571428571428571,1.0,1.0,0.0,0.0,0.0,0.0,0.0,1.0,1.0,0.0,0.0,0.0,0.0,0.0,0.0,0.0,0.0,1.0,0.0,0.0,0.0,0.0,0.0,1.0,0.0,0.0,0.0,0.0,0.0,0.0,0.13333333333333333,0.8,0.06666666666666667,67,1.80480872170708e-05,3.9215686274509802,9.803921568627452,86.27450980392157,0.0,15.686274509803921,0.0,0.0,0.0,84.31372549019608,0.0,0.0,0.0,0.0,0.0,0.0,0.0,100.0,0.0,0.0,0.0,0.0,0.0,0.0005719650279088076,0.0073224263528502255,0.0
7418,3,468,3.7940288279132792,13.0,13.0,16.0,18.0,17.0,13.0,10.0,14.285714285714286,3.0,3.0,0.0,1.0,1.0,1.0,1.0,5.0,6.0,5.0,4.0,5.0,5.0,6.0,6.0,5.0,4.0,5.0,6.0,6.0,7.0,7.0,4.0,4.0,0.017094017094017096,0.0,0.0,0.0,0.0,0.0,0.3547008547008547,0.6239316239316239,0.004273504273504274,67,447050.4353994489,56.0655737704918,23.278688524590162,20.655737704918035,17.21311475409836,12.950819672131148,11.311475409836065,10.819672131147541,17.37704918032787,17.54098360655738,12.786885245901638,0.0,15.40983606557377,0.0,0.0,0.0,23.60655737704918,27.21311475409836,0.0,14.918032786885247,0.0,0.0,18.852459016393443,14.07686587398562,6518.878439307701,0.017094017094017096
7418,3,468,3.7940288279132792,13.0,13.0,16.0,18.0,17.0,13.0,10.0,14.285714285714286,3.0,3.0,0.0,1.0,1.0,1.0,1.0,5.0,6.0,5.0,4.0,5.0,5.0,6.0,6.0,5.0,4.0,5.0,6.0,6.0,7.0,7.0,4.0,4.0,0.017094017094017096,0.0,0.0,0.0,0.0,0.0,0.3547008547008547,0.6239316239316239,0.004273504273504274,67,447050.4353994489,56.0655737704918,23.278688524590162,20.655737704918035,17.21311475409836,12.950819672131148,11.311475409836065,10.819672131147541,17.37704918032787,17.54098360655738,12.786885245901638,0.0,15.40983606557377,0.0,0.0,0.0,23.60655737704918,27.21311475409836,0.0,14.918032786885247,0.0,0.0,18.852459016393443,14.07686587398562,6518.878439307701,0.017094017094017096
7420,4,4864,17.4467806866417,24.0,24.0,24.0,23.0,24.0,23.0,24.0,23.714285714285715,7.0,7.0,7.0,7.0,7.0,7.0,7.0,7.0,7.0,6.0,7.0,7.0,7.0,7.0,7.0,7.0,7.0,7.0,7.0,7.0,6.0,7.0,7.0,7.0,0.0026726973684210527,0.0,0.0,0.0014391447368421052,0.0012335526315789473,0.0,0.10649671052631579,0.887952302631579,0.00020559210526315788,67,4905.4214929504105,47.08072431883568,22.846505330851244,30.072770350313082,14.350990015231005,13.335589778304282,14.503300050770013,11.220172618040278,15.671010323235743,16.872567270265694,14.046369944152987,0.0,27.26349636148249,0.0,0.0,0.0,38.31443560670164,31.782027415806397,0.0,0.0,0.0,0.0,2.640040616009477,0.06271750906939882,31.31280675593289,0.005345394736842105
7420,4,4864,17.4467806866417,24.0,24.0,24.0,23.0,24.0,23.0,24.0,23.714285714285715,7.0,7.0,7.0,7.0,7.0,7.0,7.0,7.0,7.0,6.0,7.0,7.0,7.0,7.0,7.0,7.0,7.0,7.0,7.0,7.0,6.0,7.0,7.0,7.0,0.0026726973684210527,0.0,0.0,0.0014391447368421052,0.0012335526315789473,0.0,0.10649671052631579,0.887952302631579,0.00020559210526315788,67,4905.4214929504105,47.08072431883568,22.846505330851244,30.072770350313082,14.350990015231005,13.335589778304282,14.503300050770013,11.220172618040278,15.671010323235743,16.872567270265694,14.046369944152987,0.0,27.26349636148249,0.0,0.0,0.0,38.31443560670164,31.782027415806397,0.0,0.0,0.0,0.0,2.640040616009477,0.06271750906939882,31.31280675593289,0.005345394736842105
7423,8,6511,17.34549228,22.0,21.0,22.0,22.0,22.0,23.0,24.0,22.285714285714285,7.0,7.0,7.0,7.0,6.0,6.0,6.0,7.0,7.0,7.0,7.0,7.0,7.0,2.0,6.0,7.0,7.0,7.0,4.0,7.0,7.0,7.0,7.0,7.0,0.010904622945784058,0.0,0.0004607587160190447,0.00752572569497773,0.003532483489479343,0.0001535862386730149,0.1680233451082783,0.8092458915681155,0.0001535862386730149,74,849289.7436139913,22.735298112182534,23.95083525736792,53.313866630449546,13.615374168137986,13.316582914572864,14.464212956675269,13.669699850604372,15.516773054461497,14.240119516501426,15.177237539046583,0.0,21.93399429580334,0.0,0.0,0.0,6.091267146543529,23.2581828059215,0.0,23.52981121825343,0.0,0.0,25.1867445334782,0.5434578921969699,616.9249456887013,0.02257717708493319
7424,4,315,1.7835065935672512,6.0,9.0,16.0,14.0,11.0,10.0,10.0,10.857142857142858,1.0,1.0,2.0,3.0,1.0,1.0,5.0,4.0,5.0,1.0,1.0,3.0,3.0,5.0,3.0,4.0,3.0,4.0,7.0,5.0,5.0,3.0,3.0,3.0,0.022222222222222223,0.0,0.0,0.006349206349206349,0.0031746031746031746,0.0031746031746031746,0.26031746031746034,0.7015873015873015,0.0031746031746031746,65,31034.906069230237,50.800915331807786,25.62929061784897,23.569794050343248,13.729977116704806,9.610983981693364,10.068649885583524,18.07780320366133,17.391304347826086,10.297482837528605,20.823798627002287,0.0,19.679633867276888,0.0,0.0,0.0,32.265446224256294,35.6979405034325,0.0,0.0,0.0,0.0,12.356979405034325,0.6608592623605968,96.43102243280185,0.03492063492063492
7424,4,315,1.7835065935672512,6.0,9.0,16.0,14.0,11.0,10.0,10.0,10.857142857142858,1.0,1.0,2.0,3.0,1.0,1.0,5.0,4.0,5.0,1.0,1.0,3.0,3.0,5.0,3.0,4.0,3.0,4.0,7.0,5.0,5.0,3.0,3.0,3.0,0.022222222222222223,0.0,0.0,0.006349206349206349,0.0031746031746031746,0.0031746031746031746,0.26031746031746034,0.7015873015873015,0.0031746031746031746,65,31034.906069230237,50.800915331807786,25.62929061784897,23.569794050343248,13.729977116704806,9.610983981693364,10.068649885583524,18.07780320366133,17.391304347826086,10.297482837528605,20.823798627002287,0.0,19.679633867276888,0.0,0.0,0.0,32.265446224256294,35.6979405034325,0.0,0.0,0.0,0.0,12.356979405034325,0.6608592623605968,96.43102243280185,0.03492063492063492
7425,3,244,0.0,7.0,9.0,6.0,13.0,6.0,4.0,4.0,7.0,1.0,0.0,0.0,0.0,0.0,1.0,3.0,1.0,0.0,3.0,2.0,3.0,2.0,4.0,5.0,4.0,3.0,5.0,2.0,4.0,2.0,2.0,1.0,1.0,0.036885245901639344,0.0,0.0,0.00819672131147541,0.0,0.0,0.20901639344262296,0.7418032786885246,0.004098360655737705,74,138731.6132646716,50.55762081784386,28.25278810408922,21.189591078066915,14.869888475836431,14.869888475836431,8.550185873605948,5.5762081784386615,24.53531598513011,20.44609665427509,11.152416356877323,0.0,11.524163568773234,0.0,0.0,0.0,39.03345724907063,16.728624535315987,0.0,11.152416356877323,0.0,0.0,21.561338289962826,0.25702166350158107,8.971437938671512,0.045081967213114756
7425,3,244,0.0,7.0,9.0,6.0,13.0,6.0,4.0,4.0,7.0,1.0,0.0,0.0,0.0,0.0,1.0,3.0,1.0,0.0,3.0,2.0,3.0,2.0,4.0,5.0,4.0,3.0,5.0,2.0,4.0,2.0,2.0,1.0,1.0,0.036885245901639344,0.0,0.0,0.00819672131147541,0.0,0.0,0.20901639344262296,0.7418032786885246,0.004098360655737705,74,138731.6132646716,50.55762081784386,28.25278810408922,21.189591078066915,14.869888475836431,14.869888475836431,8.550185873605948,5.5762081784386615,24.53531598513011,20.44609665427509,11.152416356877323,0.0,11.524163568773234,0.0,0.0,0.0,39.03345724907063,16.728624535315987,0.0,11.152416356877323,0.0,0.0,21.561338289962826,0.25702166350158107,8.971437938671512,0.045081967213114756
7425,3,244,0.0,7.0,9.0,6.0,13.0,6.0,4.0,4.0,7.0,1.0,0.0,0.0,0.0,0.0,1.0,3.0,1.0,0.0,3.0,2.0,3.0,2.0,4.0,5.0,4.0,3.0,5.0,2.0,4.0,2.0,2.0,1.0,1.0,0.036885245901639344,0.0,0.0,0.00819672131147541,0.0,0.0,0.20901639344262296,0.7418032786885246,0.004098360655737705,74,138731.6132646716,50.55762081784386,28.25278810408922,21.189591078066915,14.869888475836431,14.869888475836431,8.550185873605948,5.5762081784386615,24.53531598513011,20.44609665427509,11.152416356877323,0.0,11.524163568773234,0.0,0.0,0.0,39.03345724907063,16.728624535315987,0.0,11.152416356877323,0.0,0.0,21.561338289962826,0.25702166350158107,8.971437938671512,0.045081967213114756
7430,9,5675,16.889358052884614,23.0,23.0,20.0,24.0,20.0,22.0,22.0,22.0,4.0,6.0,7.0,7.0,7.0,7.0,7.0,7.0,6.0,5.0,6.0,7.0,7.0,7.0,7.0,7.0,7.0,7.0,7.0,7.0,7.0,7.0,3.0,5.0,0.005814977973568282,0.0,0.0,0.0010572687224669603,0.0003524229074889868,0.0,0.15365638766519824,0.838942731277533,0.0001762114537444934,67,117.25031221105033,35.67516525023608,39.82373308152345,24.50110166824048,14.472773056342461,13.956562795089708,13.918791312559017,13.660686181932642,15.033050047214353,14.239848914069878,14.718287692791943,0.0,30.513062637708533,0.0,0.0,0.0,29.915014164305948,14.271325149512117,0.0,0.0,0.0,0.0,25.300598048473404,0.05116927062023229,17.538070468515564,0.007224669603524229
7434,1,123,0.0,3.0,9.0,1.0,3.0,3.0,2.0,1.0,3.142857142857143,0.0,0.0,0.0,0.0,1.0,1.0,1.0,0.0,0.0,3.0,1.0,0.0,1.0,1.0,2.0,1.0,0.0,1.0,2.0,5.0,2.0,0.0,0.0,0.0,0.008130081300813009,0.0,0.0,0.0,0.0,0.0,0.1951219512195122,0.7886178861788617,0.008130081300813009,74,1174366.1695691345,68.38235294117648,24.264705882352942,7.352941176470589,20.588235294117645,11.76470588235294,11.029411764705882,7.352941176470589,14.705882352941178,30.88235294117647,3.6764705882352944,0.0,4.411764705882353,0.0,0.0,0.0,27.941176470588236,25.735294117647058,0.0,38.23529411764706,0.0,0.0,3.6764705882352944,0.0873368493132579,5.887080605813843,0.008130081300813009
7435,13,12674,20.411931300114546,24.0,23.0,22.0,23.0,24.0,22.0,18.0,22.285714285714285,7.0,7.0,7.0,7.0,7.0,7.0,7.0,7.0,7.0,6.0,5.0,5.0,7.0,6.0,6.0,6.0,6.0,6.0,6.0,7.0,6.0,7.0,7.0,7.0,0.017437273157645573,0.00023670506548840146,0.00015780337699226762,0.005523118194729367,0.005917626637210036,0.00031560675398453525,0.05728262584819315,0.9130503392772605,7.890168849613381e-05,74,164801.24203515815,32.79524214103653,32.26548053375981,34.93927732520366,13.688840021990103,14.893298015892848,13.93372982158029,14.483482432905193,13.823779299315309,15.108201309410765,14.068669098905492,0.0,19.731120995552,0.0,0.0,0.0,33.48493178069869,17.637063321505323,0.0,0.0,0.0,0.0,29.146883902243992,0.528394525893961,394.2927765830833,0.02958813318605018
7436,4,5092,18.54163295751634,24.0,22.0,23.0,24.0,23.0,23.0,22.0,23.0,7.0,7.0,7.0,7.0,7.0,7.0,7.0,7.0,6.0,7.0,7.0,7.0,6.0,6.0,7.0,6.0,6.0,7.0,6.0,6.0,7.0,7.0,7.0,7.0,0.0027494108405341712,0.0,0.0,0.0007855459544383347,0.00039277297721916735,0.0,0.05636292223095051,0.9395129615082483,0.00019638648860958367,74,8005852.33858363,10.932674490426189,16.53798641136504,72.52933909820877,14.638665843113033,15.210006176652255,14.437924644842495,11.843730697961705,16.970352069178503,12.940086473131561,13.959234095120445,0.0,0.0,0.0,0.0,0.0,42.75787523162446,35.9017912291538,0.0,0.0,0.0,0.0,21.340333539221742,0.19161105258940872,419.89447255379685,0.003927729772191673
7436,4,5092,18.54163295751634,24.0,22.0,23.0,24.0,23.0,23.0,22.0,23.0,7.0,7.0,7.0,7.0,7.0,7.0,7.0,7.0,6.0,7.0,7.0,7.0,6.0,6.0,7.0,6.0,6.0,7.0,6.0,6.0,7.0,7.0,7.0,7.0,0.0027494108405341712,0.0,0.0,0.0007855459544383347,0.00039277297721916735,0.0,0.05636292223095051,0.9395129615082483,0.00019638648860958367,74,8005852.33858363,10.932674490426189,16.53798641136504,72.52933909820877,14.638665843113033,15.210006176652255,14.437924644842495,11.843730697961705,16.970352069178503,12.940086473131561,13.959234095120445,0.0,0.0,0.0,0.0,0.0,42.75787523162446,35.9017912291538,0.0,0.0,0.0,0.0,21.340333539221742,0.19161105258940872,419.89447255379685,0.003927729772191673
7444,13,74,0.0,11.0,2.0,0.0,0.0,0.0,0.0,4.0,2.4285714285714284,0.0,0.0,0.0,0.0,0.0,1.0,2.0,3.0,2.0,2.0,1.0,1.0,0.0,0.0,0.0,1.0,1.0,1.0,1.0,1.0,0.0,0.0,0.0,0.0,0.12857142857142856,0.0,0.014285714285714285,0.12857142857142856,0.2,0.014285714285714285,0.17142857142857143,0.32857142857142857,0.014285714285714285,74,5308.087258867789,28.030303030303028,62.878787878787875,9.090909090909092,1.5151515151515151,45.45454545454545,1.5151515151515151,33.33333333333333,1.5151515151515151,14.393939393939394,2.272727272727273,7.575757575757576,0.0,0.0,0.0,0.0,0.0,0.0,0.0,92.42424242424242,0.0,0.0,0.0,20.416410800339325,676.5161482552339,0.4857142857142857
7445,1,83,2.636716319444444,2.0,2.0,4.0,2.0,0.0,2.0,7.0,2.7142857142857144,1.0,0.0,0.0,0.0,2.0,3.0,1.0,0.0,0.0,1.0,1.0,1.0,0.0,0.0,0.0,0.0,1.0,1.0,2.0,2.0,2.0,1.0,0.0,0.0,0.012048192771084338,0.0,0.0,0.0,0.0,0.0,0.1686746987951807,0.8072289156626506,0.012048192771084338,65,140671.9797505254,54.08163265306123,18.367346938775512,27.55102040816326,2.0408163265306123,16.3265306122449,6.122448979591836,39.795918367346935,10.204081632653061,7.142857142857142,18.367346938775512,0.0,5.1020408163265305,0.0,0.0,0.0,33.6734693877551,61.224489795918366,0.0,0.0,0.0,0.0,0.0,0.2364894844609752,6.920919450209733,0.012048192771084338
7451,2,419,14.06571836111111,17.0,9.0,10.0,15.0,16.0,4.0,14.0,12.142857142857142,6.0,6.0,6.0,6.0,6.0,7.0,6.0,5.0,4.0,4.0,2.0,1.0,0.0,2.0,1.0,1.0,2.0,3.0,3.0,4.0,1.0,2.0,4.0,3.0,0.0,0.0,0.0,0.0,0.0,0.0,0.1288782816229117,0.8687350835322196,0.002386634844868735,74,200.01053868889707,19.230769230769234,20.604395604395602,60.16483516483516,19.917582417582416,18.818681318681318,5.906593406593406,14.972527472527473,14.148351648351648,12.637362637362637,13.598901098901099,0.0,0.0,0.0,0.0,0.0,0.0,100.0,0.0,0.0,0.0,0.0,0.0,0.0038486355766579705,0.14386600828939028,0.0
7451,2,419,14.06571836111111,17.0,9.0,10.0,15.0,16.0,4.0,14.0,12.142857142857142,6.0,6.0,6.0,6.0,6.0,7.0,6.0,5.0,4.0,4.0,2.0,1.0,0.0,2.0,1.0,1.0,2.0,3.0,3.0,4.0,1.0,2.0,4.0,3.0,0.0,0.0,0.0,0.0,0.0,0.0,0.1288782816229117,0.8687350835322196,0.002386634844868735,74,200.01053868889707,19.230769230769234,20.604395604395602,60.16483516483516,19.917582417582416,18.818681318681318,5.906593406593406,14.972527472527473,14.148351648351648,12.637362637362637,13.598901098901099,0.0,0.0,0.0,0.0,0.0,0.0,100.0,0.0,0.0,0.0,0.0,0.0,0.0038486355766579705,0.14386600828939028,0.0
7457,23,18159,17.29528419337607,23.0,21.0,21.0,21.0,11.0,23.0,21.0,20.142857142857142,7.0,7.0,7.0,7.0,7.0,7.0,6.0,7.0,6.0,6.0,6.0,6.0,7.0,7.0,7.0,6.0,6.0,7.0,5.0,6.0,6.0,1.0,2.0,2.0,0.00016520733520568312,0.0007158984525579603,0.00033041467041136624,0.0024230409163500193,0.014593314609835343,0.0035244231510545734,0.0091414725480478,0.969051159204802,5.506911173522771e-05,67,65032.93775549231,31.26681675910164,31.195431332711,37.53775190818736,14.255120531546867,15.2270605677887,12.36066113887211,12.404590632035582,15.918950085113392,15.358849047279117,14.47476799736423,5.710834111251441,8.912195925539509,0.0,0.0,0.0,31.140519466256656,24.8311460106529,0.0,29.40530448629949,0.0,0.0,0.0,1.186353372360463,514.6054749082996,0.021752299135414946
7457,23,18159,17.29528419337607,23.0,21.0,21.0,21.0,11.0,23.0,21.0,20.142857142857142,7.0,7.0,7.0,7.0,7.0,7.0,6.0,7.0,6.0,6.0,6.0,6.0,7.0,7.0,7.0,6.0,6.0,7.0,5.0,6.0,6.0,1.0,2.0,2.0,0.00016520733520568312,0.0007158984525579603,0.00033041467041136624,0.0024230409163500193,0.014593314609835343,0.0035244231510545734,0.0091414725480478,0.969051159204802,5.506911173522771e-05,67,65032.93775549231,31.26681675910164,31.195431332711,37.53775190818736,14.255120531546867,15.2270605677887,12.36066113887211,12.404590632035582,15.918950085113392,15.358849047279117,14.47476799736423,5.710834111251441,8.912195925539509,0.0,0.0,0.0,31.140519466256656,24.8311460106529,0.0,29.40530448629949,0.0,0.0,0.0,1.186353372360463,514.6054749082996,0.021752299135414946
7461,14,15907,21.70098172586521,24.0,23.0,23.0,24.0,24.0,24.0,24.0,23.714285714285715,7.0,7.0,7.0,7.0,7.0,7.0,7.0,7.0,5.0,7.0,7.0,7.0,7.0,7.0,7.0,7.0,7.0,7.0,7.0,7.0,7.0,7.0,7.0,7.0,0.0073552524046017476,0.0005657886465078268,0.0006286540516753631,0.00289180863770667,0.0023888853963663797,0.0009429810775130446,0.0690890802791224,0.9160746841013391,6.286540516753631e-05,67,6559.222706328759,29.123138100694213,29.77690907865471,41.099952820651076,15.677023657073534,13.52362337399744,14.24816337534542,13.510143560018872,13.79321965356878,14.490800026959628,14.757026353036329,0.0,19.87261575790254,0.0,0.0,0.0,25.39596953562041,25.53076767540608,0.0,23.71099278829952,0.0,0.0,5.48965424277145,0.6205084005486188,588.2892304737701,0.014773370214371032
7463,9,8772,22.062698970797722,21.0,24.0,22.0,21.0,24.0,22.0,24.0,22.571428571428573,7.0,7.0,7.0,7.0,7.0,7.0,7.0,7.0,6.0,3.0,3.0,7.0,7.0,7.0,7.0,7.0,6.0,7.0,7.0,7.0,7.0,7.0,7.0,7.0,0.020063839489284085,0.0,0.0,0.0031919744642042863,0.004331965344277246,0.0010259917920656635,0.19767441860465115,0.7735978112175103,0.00011399908800729594,67,418.97335994717054,29.819141914191423,29.378217821782176,40.8026402640264,14.682508250825082,14.054125412541255,14.299669966996701,14.172937293729374,14.64818481848185,13.898349834983497,14.244224422442246,3.471947194719472,19.772937293729374,0.0,0.0,0.0,20.029042904290428,19.173597359735975,0.0,20.155775577557755,0.0,0.0,17.396699669967,0.37407524510195356,124.07022226634587,0.02861377108983128
7471,2,41,0.0,2.0,6.0,2.0,1.0,1.0,0.0,0.0,1.7142857142857142,0.0,0.0,0.0,0.0,0.0,0.0,0.0,1.0,1.0,1.0,0.0,0.0,1.0,1.0,1.0,1.0,0.0,0.0,1.0,1.0,0.0,2.0,1.0,0.0,0.12195121951219512,0.0,0.0,0.0,0.024390243902439025,0.0,0.21951219512195122,0.6097560975609756,0.024390243902439025,74,17938.678202873143,50.0,36.0,14.000000000000002,14.000000000000002,10.0,0.0,0.0,10.0,46.0,20.0,0.0,50.0,0.0,0.0,0.0,20.0,0.0,0.0,0.0,0.0,0.0,30.0,0.7740239934361346,17.77990950985931,0.14634146341463414
7471,2,41,0.0,2.0,6.0,2.0,1.0,1.0,0.0,0.0,1.7142857142857142,0.0,0.0,0.0,0.0,0.0,0.0,0.0,1.0,1.0,1.0,0.0,0.0,1.0,1.0,1.0,1.0,0.0,0.0,1.0,1.0,0.0,2.0,1.0,0.0,0.12195121951219512,0.0,0.0,0.0,0.024390243902439025,0.0,0.21951219512195122,0.6097560975609756,0.024390243902439025,74,17938.678202873143,50.0,36.0,14.000000000000002,14.000000000000002,10.0,0.0,0.0,10.0,46.0,20.0,0.0,50.0,0.0,0.0,0.0,20.0,0.0,0.0,0.0,0.0,0.0,30.0,0.7740239934361346,17.77990950985931,0.14634146341463414
7477,4,11115,23.005887183048433,24.0,24.0,24.0,24.0,24.0,24.0,24.0,24.0,7.0,7.0,7.0,7.0,7.0,7.0,7.0,7.0,7.0,7.0,7.0,7.0,7.0,7.0,7.0,7.0,7.0,7.0,7.0,7.0,7.0,7.0,7.0,7.0,0.0024291497975708503,0.0,0.0,0.001349527665317139,0.0001799370220422852,0.0,0.04462438146648673,0.9513270355375618,8.99685110211426e-05,65,46.2840268889229,29.179518815545958,21.625882514223044,49.194598670230995,14.08595517170471,13.256563164027693,14.490369456439783,14.4149701830146,14.120227568716157,15.155253958461856,14.476660497635205,0.0,18.157515936664613,0.0,0.0,0.0,41.07204057851806,39.59147302762355,0.0,1.178970457193776,0.0,0.0,0.0,0.041759017608374714,18.239488676730193,0.003958614484930275
7477,4,11115,23.005887183048433,24.0,24.0,24.0,24.0,24.0,24.0,24.0,24.0,7.0,7.0,7.0,7.0,7.0,7.0,7.0,7.0,7.0,7.0,7.0,7.0,7.0,7.0,7.0,7.0,7.0,7.0,7.0,7.0,7.0,7.0,7.0,7.0,0.0024291497975708503,0.0,0.0,0.001349527665317139,0.0001799370220422852,0.0,0.04462438146648673,0.9513270355375618,8.99685110211426e-05,65,46.2840268889229,29.179518815545958,21.625882514223044,49.194598670230995,14.08595517170471,13.256563164027693,14.490369456439783,14.4149701830146,14.120227568716157,15.155253958461856,14.476660497635205,0.0,18.157515936664613,0.0,0.0,0.0,41.07204057851806,39.59147302762355,0.0,1.178970457193776,0.0,0.0,0.0,0.041759017608374714,18.239488676730193,0.003958614484930275
7481,8,3941,11.074720969827586,23.0,22.0,23.0,21.0,18.0,23.0,15.0,20.714285714285715,7.0,7.0,7.0,6.0,7.0,7.0,5.0,7.0,7.0,7.0,6.0,6.0,6.0,7.0,5.0,5.0,6.0,6.0,4.0,5.0,5.0,6.0,5.0,6.0,0.01573204770362852,0.0,0.0,0.00786602385181426,0.011164679015478305,0.0,0.15376807916772392,0.8112154275564577,0.0002537427048972342,67,9237.588539200371,35.47196593328602,37.4875798438609,27.04045422285309,12.888573456352024,14.762242725337119,17.615330021291697,18.01277501774308,14.18026969481902,10.915542938254081,11.62526614620298,0.0,22.654364797728885,0.0,0.0,0.0,26.969481902058195,30.12065294535131,0.0,0.0,0.0,0.0,20.255500354861606,0.5064492245754981,66.95120812314238,0.03476275057092108
7492,9,12298,19.28106954563492,24.0,24.0,24.0,23.0,24.0,23.0,22.0,23.428571428571427,7.0,7.0,7.0,7.0,7.0,7.0,7.0,7.0,4.0,6.0,7.0,7.0,7.0,7.0,7.0,7.0,7.0,7.0,7.0,7.0,7.0,7.0,7.0,7.0,0.003008619287689055,0.0,0.0,0.003171247357293869,0.003008619287689055,0.0004878842088144414,0.0672467067815905,0.9229956090421206,8.13140348024069e-05,65,1467.1515917756874,36.04606278950077,26.4668039114771,37.487133299022126,13.72233659289758,14.584405558414822,13.851003602676274,14.577972207925887,14.365671641791044,15.16340710241894,13.73520329387545,0.0,27.335306227483276,0.0,0.0,0.0,21.12712300566135,26.434637159032427,0.0,16.546577457539886,0.0,0.0,8.556356150283067,0.19908311647101595,141.96310231897328,0.00967637014148642
7498,3,827,5.485420353535354,13.0,11.0,14.0,13.0,15.0,12.0,13.0,13.0,0.0,0.0,0.0,0.0,1.0,3.0,6.0,6.0,2.0,3.0,3.0,5.0,7.0,6.0,3.0,3.0,6.0,5.0,7.0,7.0,7.0,7.0,4.0,0.0,0.015719467956469165,0.0,0.0,0.0024183796856106408,0.0024183796856106408,0.0,0.20314389359129384,0.7750906892382105,0.0012091898428053204,74,135525.3842330052,57.3170731707317,22.172949002217297,20.509977827051,10.643015521064301,13.968957871396896,14.301552106430155,11.529933481152993,18.8470066518847,14.966740576496672,15.74279379157428,0.0,28.159645232815965,0.0,0.0,0.0,46.674057649667404,11.529933481152993,0.0,0.0,0.0,0.0,13.636363636363635,0.21757695103126684,35.06792543390682,0.020556227327690448
7498,3,827,5.485420353535354,13.0,11.0,14.0,13.0,15.0,12.0,13.0,13.0,0.0,0.0,0.0,0.0,1.0,3.0,6.0,6.0,2.0,3.0,3.0,5.0,7.0,6.0,3.0,3.0,6.0,5.0,7.0,7.0,7.0,7.0,4.0,0.0,0.015719467956469165,0.0,0.0,0.0024183796856106408,0.0024183796856106408,0.0,0.20314389359129384,0.7750906892382105,0.0012091898428053204,74,135525.3842330052,57.3170731707317,22.172949002217297,20.509977827051,10.643015521064301,13.968957871396896,14.301552106430155,11.529933481152993,18.8470066518847,14.966740576496672,15.74279379157428,0.0,28.159645232815965,0.0,0.0,0.0,46.674057649667404,11.529933481152993,0.0,0.0,0.0,0.0,13.636363636363635,0.21757695103126684,35.06792543390682,0.020556227327690448
7513,8,702,3.1596517771766166,8.0,9.0,11.0,5.0,10.0,15.0,9.0,9.571428571428571,1.0,1.0,1.0,0.0,0.0,4.0,4.0,4.0,4.0,1.0,3.0,2.0,1.0,2.0,4.0,3.0,6.0,3.0,4.0,6.0,5.0,3.0,3.0,2.0,0.05813953488372093,0.0014534883720930232,0.00436046511627907,0.036337209302325583,0.18895348837209303,0.0377906976744186,0.34011627906976744,0.31540697674418605,0.01744186046511628,67,71132.57404792552,15.612535612535613,71.16809116809117,13.219373219373221,16.75213675213675,18.11965811965812,11.282051282051283,4.72934472934473,14.700854700854702,16.98005698005698,17.435897435897434,0.0,44.387464387464384,0.0,0.0,0.0,31.62393162393162,0.9686609686609686,0.0,0.0,0.0,0.0,23.01994301994302,86.47311455935346,18617.817502168793,0.32703488372093026
7515,1,18,0.0,0.0,0.0,3.0,0.0,0.0,3.0,2.0,1.1428571428571428,1.0,0.0,0.0,1.0,0.0,0.0,1.0,1.0,0.0,0.0,0.0,0.0,0.0,2.0,1.0,1.0,0.0,0.0,0.0,0.0,0.0,0.0,0.0,0.0,0.0,0.0,0.0,0.0,0.0,0.0,0.3888888888888889,0.5555555555555556,0.05555555555555555,67,0.008657892875931343,20.0,35.0,45.0,0.0,0.0,35.0,20.0,0.0,0.0,45.0,0.0,0.0,0.0,0.0,0.0,75.0,25.0,0.0,0.0,0.0,0.0,0.0,0.01262585152110723,0.20274941889044582,0.0
7516,3,744,10.931106495726496,16.0,19.0,21.0,22.0,17.0,14.0,19.0,18.285714285714285,7.0,5.0,6.0,6.0,7.0,7.0,6.0,5.0,6.0,4.0,3.0,2.0,6.0,5.0,5.0,5.0,6.0,4.0,4.0,4.0,6.0,5.0,7.0,7.0,0.004032258064516129,0.0,0.0,0.005376344086021506,0.0,0.0,0.18951612903225806,0.7997311827956989,0.0013440860215053765,65,14440.723521064072,26.520146520146522,16.41025641025641,57.069597069597066,13.846153846153847,14.505494505494507,9.377289377289378,14.065934065934066,17.875457875457876,12.893772893772896,17.435897435897434,0.0,6.08058608058608,0.0,0.0,0.0,12.16117216117216,0.0,0.0,0.0,0.0,0.0,81.75824175824175,0.158130469300229,13.191855310023493,0.009408602150537635
7516,3,744,10.931106495726496,16.0,19.0,21.0,22.0,17.0,14.0,19.0,18.285714285714285,7.0,5.0,6.0,6.0,7.0,7.0,6.0,5.0,6.0,4.0,3.0,2.0,6.0,5.0,5.0,5.0,6.0,4.0,4.0,4.0,6.0,5.0,7.0,7.0,0.004032258064516129,0.0,0.0,0.005376344086021506,0.0,0.0,0.18951612903225806,0.7997311827956989,0.0013440860215053765,65,14440.723521064072,26.520146520146522,16.41025641025641,57.069597069597066,13.846153846153847,14.505494505494507,9.377289377289378,14.065934065934066,17.875457875457876,12.893772893772896,17.435897435897434,0.0,6.08058608058608,0.0,0.0,0.0,12.16117216117216,0.0,0.0,0.0,0.0,0.0,81.75824175824175,0.158130469300229,13.191855310023493,0.009408602150537635
7525,14,1445,7.308315894785809,7.0,7.0,8.0,9.0,5.0,8.0,8.0,7.428571428571429,1.0,1.0,0.0,2.0,7.0,3.0,0.0,0.0,0.0,1.0,2.0,5.0,4.0,5.0,5.0,2.0,2.0,0.0,1.0,2.0,4.0,1.0,2.0,2.0,0.13399857448325017,0.003563791874554526,0.0021382751247327157,0.06343549536707056,0.08339272986457591,0.07412687099073414,0.3164647184604419,0.3136136849607983,0.009265858873841768,74,89.4123207281241,30.41940373926225,36.07882769075291,33.50176856998484,15.715007579585649,15.7655381505811,13.03688731682668,15.411824153612935,13.28954017180394,14.35068216270844,12.430520464881253,0.0,34.8155634158666,0.0,0.0,0.0,29.560384032339567,1.3137948458817585,0.0,0.0,0.0,0.0,34.31025770591208,34.81894928634165,3447.599933070868,0.36065573770491804
7530,1,71,0.0,2.0,2.0,4.0,5.0,6.0,5.0,4.0,4.0,0.0,0.0,0.0,0.0,0.0,3.0,4.0,1.0,0.0,4.0,5.0,4.0,0.0,0.0,0.0,2.0,0.0,1.0,0.0,1.0,0.0,3.0,0.0,0.0,0.0,0.0,0.0,0.0,0.0,0.0,0.38028169014084506,0.6056338028169014,0.014084507042253521,67,73.28734849909944,26.89075630252101,59.2436974789916,13.865546218487395,18.067226890756302,13.445378151260504,13.445378151260504,14.285714285714285,14.285714285714285,8.403361344537815,18.067226890756302,0.0,0.0,0.0,0.0,0.0,10.084033613445378,55.88235294117647,0.0,34.03361344537815,0.0,0.0,0.0,0.016655914741404296,0.45754063757677693,0.0
7533,9,5262,19.76433683114035,20.0,20.0,23.0,24.0,18.0,21.0,23.0,21.285714285714285,7.0,7.0,7.0,7.0,6.0,3.0,6.0,5.0,4.0,6.0,6.0,6.0,4.0,5.0,7.0,7.0,7.0,7.0,7.0,7.0,7.0,7.0,7.0,7.0,0.009882174078297225,0.0,0.0,0.0068415051311288486,0.011402508551881414,0.0,0.1799695933105283,0.7917141771189662,0.00019004180919802356,74,90831.02126208754,11.9173140954495,15.538290788013317,72.54439511653719,17.48057713651498,13.332408435072143,16.12097669256382,14.886237513873473,14.483906770255272,13.124306326304106,10.571587125416205,0.7214206437291898,20.144284128745838,0.0,0.0,0.0,20.532741398446174,18.909544950055494,0.0,23.26581576026637,0.0,0.0,16.426193118756938,0.4813838048636619,60.703154382327334,0.028126187761307486
7543,14,3976,22.667189292929294,16.0,20.0,21.0,19.0,17.0,19.0,20.0,18.857142857142858,7.0,7.0,7.0,7.0,7.0,7.0,4.0,4.0,2.0,1.0,4.0,6.0,3.0,7.0,7.0,6.0,7.0,6.0,6.0,5.0,5.0,4.0,6.0,7.0,0.01936619718309859,0.0005030181086519115,0.0,0.015593561368209255,0.036468812877263584,0.014084507042253521,0.03420523138832998,0.8795271629778671,0.00025150905432595576,67,1238.449320529449,26.0,27.574468085106385,46.42553191489362,13.659574468085106,15.319148936170212,16.148936170212767,16.19148936170213,14.510638297872342,13.276595744680849,10.893617021276595,0.0,0.0,0.0,0.0,0.0,44.638297872340424,55.361702127659576,0.0,0.0,0.0,0.0,0.0,3.3385127272660196,243.18629286548662,0.08601609657947686
7545,14,3467,17.077689395833335,17.0,17.0,20.0,21.0,15.0,12.0,20.0,17.428571428571427,7.0,7.0,7.0,7.0,7.0,4.0,6.0,4.0,6.0,4.0,5.0,5.0,2.0,4.0,6.0,6.0,3.0,1.0,4.0,5.0,6.0,5.0,5.0,6.0,0.03230458609749062,0.0011537352177675222,0.0,0.01990193250648976,0.022786270550908566,0.00490337467551197,0.07931929622151716,0.8393423709258725,0.00028843380444188056,65,3091.806801789941,27.698686938493434,31.16793365583967,41.1333794056669,14.19488597097443,14.872149274360746,17.000691085003456,14.37456807187284,11.762266758811334,15.19004837595024,12.605390463026952,0.0,0.0,0.0,0.0,0.0,14.042847270214237,83.02695231513476,0.0,2.930200414651002,0.0,0.0,0.0,2.118953796628393,278.26878585964425,0.08104989904816845
7562,17,6125,17.243994226190473,10.0,13.0,16.0,14.0,15.0,12.0,17.0,13.857142857142858,7.0,7.0,7.0,7.0,7.0,6.0,1.0,3.0,2.0,2.0,0.0,1.0,0.0,5.0,2.0,6.0,3.0,2.0,0.0,2.0,6.0,7.0,7.0,7.0,0.02906122448979592,0.0008163265306122449,0.00016326530612244898,0.01910204081632653,0.02563265306122449,0.005387755102040816,0.09240816326530613,0.827265306122449,0.00016326530612244898,67,592.0033475490017,24.526198439241917,32.16783216783217,43.30596939292592,12.536738623695145,16.73254281949934,14.857606161953987,14.279922975575149,12.273234012364446,15.749467923380966,13.570487483530963,0.0,14.695449478058173,0.0,0.0,0.0,32.87726765987636,20.634438025742373,0.0,0.0,0.0,0.0,31.7928448363231,2.1561502988899335,302.8887094848603,0.08016326530612244
7568,32,5138,16.068845363247863,15.0,19.0,16.0,17.0,16.0,20.0,16.0,17.0,7.0,7.0,7.0,7.0,7.0,7.0,7.0,5.0,3.0,3.0,4.0,6.0,5.0,1.0,3.0,4.0,4.0,5.0,6.0,5.0,4.0,5.0,3.0,4.0,0.017516543402101986,0.0023355391202802647,0.0005838847800700662,0.012845465161541456,0.0161541455819385,0.004087193460490463,0.08563643441027637,0.8579213701829506,0.0029194239003503307,74,31204315.56478841,31.77737881508079,32.50496078616649,35.71766039875271,14.022488897288104,15.53434753850515,15.165831994708496,16.176887461022393,13.19096664461873,12.69961258622319,13.209864877633942,0.0,40.82963242936785,0.0,0.0,0.0,35.500330719077766,22.55504110365681,0.0,0.0,0.0,0.0,1.1149957478975716,14.493553444539288,5448.999778554794,0.053522771506422734
7584,4,1025,14.571325073260072,23.0,22.0,23.0,22.0,20.0,20.0,24.0,22.0,7.0,7.0,6.0,4.0,6.0,7.0,7.0,7.0,6.0,6.0,5.0,7.0,6.0,7.0,7.0,7.0,7.0,7.0,6.0,7.0,7.0,6.0,6.0,6.0,0.005853658536585366,0.0,0.0,0.000975609756097561,0.0,0.0,0.42048780487804877,0.5717073170731707,0.000975609756097561,65,5109.707501093351,31.25,25.45731707317073,43.292682926829265,16.920731707317074,17.14939024390244,9.908536585365853,14.939024390243901,12.957317073170731,13.64329268292683,14.48170731707317,0.0,21.341463414634145,0.0,0.0,0.0,31.935975609756095,24.847560975609756,0.0,0.0,0.0,0.0,21.875,0.062226086881592126,8.037851945386155,0.006829268292682927
7584,4,1025,14.571325073260072,23.0,22.0,23.0,22.0,20.0,20.0,24.0,22.0,7.0,7.0,6.0,4.0,6.0,7.0,7.0,7.0,6.0,6.0,5.0,7.0,6.0,7.0,7.0,7.0,7.0,7.0,6.0,7.0,7.0,6.0,6.0,6.0,0.005853658536585366,0.0,0.0,0.000975609756097561,0.0,0.0,0.42048780487804877,0.5717073170731707,0.000975609756097561,65,5109.707501093351,31.25,25.45731707317073,43.292682926829265,16.920731707317074,17.14939024390244,9.908536585365853,14.939024390243901,12.957317073170731,13.64329268292683,14.48170731707317,0.0,21.341463414634145,0.0,0.0,0.0,31.935975609756095,24.847560975609756,0.0,0.0,0.0,0.0,21.875,0.062226086881592126,8.037851945386155,0.006829268292682927
7603,6,374,6.032975439814815,5.0,16.0,11.0,0.0,5.0,13.0,8.0,8.285714285714286,1.0,1.0,1.0,1.0,2.0,3.0,3.0,3.0,1.0,3.0,3.0,0.0,1.0,3.0,4.0,3.0,5.0,4.0,5.0,5.0,3.0,1.0,1.0,1.0,0.01871657754010695,0.0,0.0,0.008021390374331552,0.0053475935828877,0.00267379679144385,0.0855614973262032,0.8770053475935828,0.00267379679144385,74,74.57918780254322,52.40963855421686,18.072289156626507,29.518072289156628,4.819277108433735,13.102409638554215,15.060240963855422,16.867469879518072,0.0,37.04819277108434,13.102409638554215,0.0,0.0,0.0,0.0,0.0,59.93975903614458,40.06024096385542,0.0,0.0,0.0,0.0,0.0,0.6681356289258699,84.8215405993795,0.034759358288770054
7606,9,3993,21.615675930555557,21.0,24.0,23.0,23.0,24.0,18.0,20.0,21.857142857142858,7.0,7.0,7.0,7.0,7.0,7.0,7.0,7.0,7.0,7.0,6.0,5.0,6.0,7.0,6.0,5.0,5.0,4.0,4.0,7.0,7.0,7.0,7.0,7.0,0.009266215877786126,0.00025043826696719256,0.0,0.001252191334835963,0.0015026296018031556,0.0007513148009015778,0.07938893062860004,0.9073378412221388,0.00025043826696719256,67,3142.5781615318397,23.393917581428827,23.951772539139824,52.65430987943135,16.3577469857837,13.046607881950692,12.956631275868274,15.421990282526544,14.396256973186972,13.604462839661688,14.216303761022134,16.141803131185892,0.0,0.0,0.0,0.0,0.0,1.9075040489472739,0.0,81.95069281986683,0.0,0.0,0.0,0.2756926749839461,216.82474267627606,0.013022789882294014
7610,4,3358,16.535776103098293,24.0,24.0,23.0,23.0,24.0,23.0,24.0,23.571428571428573,7.0,7.0,7.0,7.0,7.0,7.0,7.0,7.0,7.0,7.0,6.0,7.0,7.0,7.0,7.0,7.0,7.0,5.0,7.0,7.0,7.0,7.0,7.0,7.0,0.004466944609886838,0.0,0.0,0.0002977963073257892,0.0005955926146515784,0.0002977963073257892,0.258487194758785,0.7355568790946992,0.0002977963073257892,67,75.76899271368144,33.973474164316144,33.679409470083414,32.34711636560043,14.841265078317228,14.091100042009241,15.249354858068775,13.755026105743266,14.415171337694293,13.85704855068115,13.791034027486045,0.0,26.555842285302766,0.0,0.0,0.0,31.122847026345795,26.309788153393747,0.0,0.0,0.0,0.0,16.011522534957688,0.1031379319550234,110.85841610242274,0.005658129839189994
7610,4,3358,16.535776103098293,24.0,24.0,23.0,23.0,24.0,23.0,24.0,23.571428571428573,7.0,7.0,7.0,7.0,7.0,7.0,7.0,7.0,7.0,7.0,6.0,7.0,7.0,7.0,7.0,7.0,7.0,5.0,7.0,7.0,7.0,7.0,7.0,7.0,0.004466944609886838,0.0,0.0,0.0002977963073257892,0.0005955926146515784,0.0002977963073257892,0.258487194758785,0.7355568790946992,0.0002977963073257892,67,75.76899271368144,33.973474164316144,33.679409470083414,32.34711636560043,14.841265078317228,14.091100042009241,15.249354858068775,13.755026105743266,14.415171337694293,13.85704855068115,13.791034027486045,0.0,26.555842285302766,0.0,0.0,0.0,31.122847026345795,26.309788153393747,0.0,0.0,0.0,0.0,16.011522534957688,0.1031379319550234,110.85841610242274,0.005658129839189994
7652,3,2105,16.299283416666665,18.0,17.0,16.0,19.0,19.0,14.0,22.0,17.857142857142858,7.0,7.0,7.0,6.0,7.0,5.0,6.0,5.0,5.0,3.0,3.0,3.0,6.0,7.0,5.0,3.0,2.0,4.0,2.0,4.0,7.0,7.0,7.0,7.0,0.00047505938242280285,0.0,0.0,0.0,0.0014251781472684087,0.0,0.07885985748218527,0.9187648456057007,0.00047505938242280285,65,1316.4460577952295,12.40499457111835,14.087947882736158,73.50705754614549,13.897937024972856,14.79370249728556,9.500542888165038,14.495114006514658,14.115092290988057,15.608034744842564,17.58957654723127,0.0,51.16720955483171,0.0,0.0,0.0,31.161780673181326,0.0,0.0,0.0,0.0,0.0,17.67100977198697,0.0577810739936738,34.67015682187772,0.0019002375296912114
7652,3,2105,16.299283416666665,18.0,17.0,16.0,19.0,19.0,14.0,22.0,17.857142857142858,7.0,7.0,7.0,6.0,7.0,5.0,6.0,5.0,5.0,3.0,3.0,3.0,6.0,7.0,5.0,3.0,2.0,4.0,2.0,4.0,7.0,7.0,7.0,7.0,0.00047505938242280285,0.0,0.0,0.0,0.0014251781472684087,0.0,0.07885985748218527,0.9187648456057007,0.00047505938242280285,65,1316.4460577952295,12.40499457111835,14.087947882736158,73.50705754614549,13.897937024972856,14.79370249728556,9.500542888165038,14.495114006514658,14.115092290988057,15.608034744842564,17.58957654723127,0.0,51.16720955483171,0.0,0.0,0.0,31.161780673181326,0.0,0.0,0.0,0.0,0.0,17.67100977198697,0.0577810739936738,34.67015682187772,0.0019002375296912114
7655,3,1469,6.155964230019493,22.0,22.0,23.0,19.0,19.0,16.0,19.0,20.0,6.0,7.0,7.0,5.0,7.0,6.0,5.0,5.0,6.0,7.0,7.0,6.0,4.0,5.0,3.0,4.0,6.0,7.0,5.0,6.0,6.0,7.0,7.0,6.0,0.0020422055820285907,0.0,0.0,0.0013614703880190605,0.0006807351940095302,0.0,0.10279101429543908,0.8924438393464942,0.0006807351940095302,65,446102.0527640396,28.041119360365506,24.728726442033125,47.23015419760137,8.737864077669903,24.214734437464305,13.478012564249001,12.735579668760707,6.453455168475157,25.24271844660194,9.137635636778983,0.0,34.15191319246145,0.0,0.0,0.0,31.63906339234723,0.0,0.0,0.0,0.0,0.0,34.20902341519132,0.06623071144603919,36.65872427288141,0.0040844111640571815
7655,3,1469,6.155964230019493,22.0,22.0,23.0,19.0,19.0,16.0,19.0,20.0,6.0,7.0,7.0,5.0,7.0,6.0,5.0,5.0,6.0,7.0,7.0,6.0,4.0,5.0,3.0,4.0,6.0,7.0,5.0,6.0,6.0,7.0,7.0,6.0,0.0020422055820285907,0.0,0.0,0.0013614703880190605,0.0006807351940095302,0.0,0.10279101429543908,0.8924438393464942,0.0006807351940095302,65,446102.0527640396,28.041119360365506,24.728726442033125,47.23015419760137,8.737864077669903,24.214734437464305,13.478012564249001,12.735579668760707,6.453455168475157,25.24271844660194,9.137635636778983,0.0,34.15191319246145,0.0,0.0,0.0,31.63906339234723,0.0,0.0,0.0,0.0,0.0,34.20902341519132,0.06623071144603919,36.65872427288141,0.0040844111640571815
7657,5,509,14.07137346707819,15.0,24.0,22.0,20.0,22.0,20.0,18.0,20.142857142857142,7.0,7.0,6.0,4.0,6.0,6.0,6.0,7.0,7.0,5.0,3.0,5.0,7.0,6.0,6.0,7.0,6.0,6.0,5.0,5.0,6.0,6.0,5.0,7.0,0.0019646365422396855,0.0,0.0,0.005893909626719057,0.011787819253438114,0.0,0.3163064833005894,0.6620825147347741,0.0019646365422396855,65,277.8900158529573,38.138479001135074,38.25198637911464,23.609534619750285,18.388195232690123,10.896708286038592,9.761634506242906,9.875141884222474,13.961407491486947,18.842224744608398,18.274687854710557,0.0,34.0522133938706,0.0,0.0,0.0,65.9477866061294,0.0,0.0,0.0,0.0,0.0,0.0,0.48371596674498796,52.49820645855875,0.019646365422396856
7657,5,509,14.07137346707819,15.0,24.0,22.0,20.0,22.0,20.0,18.0,20.142857142857142,7.0,7.0,6.0,4.0,6.0,6.0,6.0,7.0,7.0,5.0,3.0,5.0,7.0,6.0,6.0,7.0,6.0,6.0,5.0,5.0,6.0,6.0,5.0,7.0,0.0019646365422396855,0.0,0.0,0.005893909626719057,0.011787819253438114,0.0,0.3163064833005894,0.6620825147347741,0.0019646365422396855,65,277.8900158529573,38.138479001135074,38.25198637911464,23.609534619750285,18.388195232690123,10.896708286038592,9.761634506242906,9.875141884222474,13.961407491486947,18.842224744608398,18.274687854710557,0.0,34.0522133938706,0.0,0.0,0.0,65.9477866061294,0.0,0.0,0.0,0.0,0.0,0.0,0.48371596674498796,52.49820645855875,0.019646365422396856
7658,12,381,16.262738760683764,10.0,11.0,13.0,15.0,14.0,16.0,16.0,13.571428571428571,3.0,4.0,1.0,2.0,3.0,5.0,5.0,5.0,4.0,6.0,5.0,4.0,4.0,5.0,6.0,1.0,3.0,4.0,4.0,6.0,5.0,3.0,4.0,3.0,0.09448818897637795,0.0026246719160104987,0.0,0.031496062992125984,0.07611548556430446,0.010498687664041995,0.28083989501312334,0.5013123359580053,0.0026246719160104987,65,2290.838135883758,30.01064207165662,30.046115643845333,39.94324228449805,10.500177367860944,15.998581057112451,8.017027314650585,15.324583185526782,16.67257892869812,16.885420361830437,16.60163178432068,0.0,0.0,0.0,0.0,0.0,0.0,0.0,0.0,0.0,0.0,0.0,100.0,5.6802230625486025,271.1711178035368,0.2152230971128609
7659,5,4765,17.004951527777777,24.0,24.0,24.0,24.0,24.0,24.0,24.0,24.0,7.0,7.0,7.0,7.0,7.0,7.0,7.0,7.0,7.0,7.0,7.0,7.0,7.0,7.0,7.0,7.0,7.0,7.0,7.0,7.0,7.0,7.0,7.0,7.0,0.005246589716684155,0.0,0.0,0.002938090241343127,0.0031479538300104933,0.0,0.19727177334732424,0.7911857292759706,0.0002098635886673662,65,102.19734722711709,37.772423611871645,41.517906034388346,20.709670353740005,12.211148833643632,15.606176760486257,14.313875807688095,14.938122878107546,14.773847333260322,14.061986638922352,14.094841747891799,0.0,37.367210601248495,0.0,0.0,0.0,25.24367539152338,8.148067024422298,0.0,0.0,0.0,0.0,29.241046982805823,0.14590005568656886,66.02631656921322,0.011332633788037776
7659,5,4765,17.004951527777777,24.0,24.0,24.0,24.0,24.0,24.0,24.0,24.0,7.0,7.0,7.0,7.0,7.0,7.0,7.0,7.0,7.0,7.0,7.0,7.0,7.0,7.0,7.0,7.0,7.0,7.0,7.0,7.0,7.0,7.0,7.0,7.0,0.005246589716684155,0.0,0.0,0.002938090241343127,0.0031479538300104933,0.0,0.19727177334732424,0.7911857292759706,0.0002098635886673662,65,102.19734722711709,37.772423611871645,41.517906034388346,20.709670353740005,12.211148833643632,15.606176760486257,14.313875807688095,14.938122878107546,14.773847333260322,14.061986638922352,14.094841747891799,0.0,37.367210601248495,0.0,0.0,0.0,25.24367539152338,8.148067024422298,0.0,0.0,0.0,0.0,29.241046982805823,0.14590005568656886,66.02631656921322,0.011332633788037776
7662,5,80,0.0,0.0,2.0,2.0,0.0,5.0,4.0,0.0,1.8571428571428572,0.0,0.0,0.0,0.0,0.0,1.0,1.0,1.0,0.0,1.0,0.0,0.0,0.0,0.0,0.0,1.0,1.0,2.0,1.0,2.0,2.0,0.0,0.0,0.0,0.0375,0.0,0.0,0.025,0.0375,0.0,0.075,0.8125,0.0125,65,37.50564347590315,60.0,17.5,22.5,40.833333333333336,0.0,34.166666666666664,0.0,0.0,9.166666666666666,15.833333333333332,0.0,0.0,0.0,0.0,0.0,25.0,1.6666666666666667,0.0,0.0,0.0,0.0,73.33333333333333,2.074952857187559,77.24276778309256,0.1
7664,6,4695,20.58951470899471,24.0,22.0,24.0,24.0,23.0,24.0,24.0,23.571428571428573,7.0,7.0,7.0,7.0,7.0,7.0,7.0,7.0,7.0,7.0,7.0,6.0,6.0,7.0,7.0,7.0,7.0,7.0,6.0,7.0,7.0,7.0,7.0,7.0,0.010649627263045794,0.0,0.0008519701810436634,0.002129925452609159,0.0023429179978700747,0.0,0.154419595314164,0.8291799787007454,0.0004259850905218317,65,31143.718838930152,32.16877462160481,33.29877669500311,34.53244868339208,13.632593821273067,14.534522081691891,13.839933651254405,13.871034625751607,14.544889073190962,14.855898818162968,14.721127928675099,0.0,38.31640058055152,0.0,0.0,0.0,29.981339415301676,0.0,0.0,0.0,0.0,0.0,31.702260004146797,0.770795245118164,1042.3204733797218,0.01597444089456869
7664,6,4695,20.58951470899471,24.0,22.0,24.0,24.0,23.0,24.0,24.0,23.571428571428573,7.0,7.0,7.0,7.0,7.0,7.0,7.0,7.0,7.0,7.0,7.0,6.0,6.0,7.0,7.0,7.0,7.0,7.0,6.0,7.0,7.0,7.0,7.0,7.0,0.010649627263045794,0.0,0.0008519701810436634,0.002129925452609159,0.0023429179978700747,0.0,0.154419595314164,0.8291799787007454,0.0004259850905218317,65,31143.718838930152,32.16877462160481,33.29877669500311,34.53244868339208,13.632593821273067,14.534522081691891,13.839933651254405,13.871034625751607,14.544889073190962,14.855898818162968,14.721127928675099,0.0,38.31640058055152,0.0,0.0,0.0,29.981339415301676,0.0,0.0,0.0,0.0,0.0,31.702260004146797,0.770795245118164,1042.3204733797218,0.01597444089456869
7665,4,1269,15.635297233959312,24.0,23.0,23.0,23.0,24.0,24.0,24.0,23.571428571428573,7.0,7.0,7.0,7.0,7.0,7.0,7.0,7.0,7.0,7.0,7.0,7.0,7.0,7.0,7.0,7.0,7.0,5.0,7.0,7.0,7.0,7.0,6.0,7.0,0.004728132387706856,0.0,0.0,0.002364066193853428,0.0015760441292356187,0.0,0.35066981875492514,0.6398739164696612,0.0007880220646178094,65,58276.58039393158,31.480637813211843,40.27334851936219,28.246013667425967,13.758542141230068,14.077448747152618,14.441913439635535,13.98633257403189,12.34624145785877,13.394077448747153,17.995444191343964,0.0,47.60820045558087,0.0,0.0,0.0,18.08656036446469,0.0,0.0,0.0,0.0,0.0,34.30523917995444,0.20654743558102223,51.52368421904776,0.008668242710795903
7665,4,1269,15.635297233959312,24.0,23.0,23.0,23.0,24.0,24.0,24.0,23.571428571428573,7.0,7.0,7.0,7.0,7.0,7.0,7.0,7.0,7.0,7.0,7.0,7.0,7.0,7.0,7.0,7.0,7.0,5.0,7.0,7.0,7.0,7.0,6.0,7.0,0.004728132387706856,0.0,0.0,0.002364066193853428,0.0015760441292356187,0.0,0.35066981875492514,0.6398739164696612,0.0007880220646178094,65,58276.58039393158,31.480637813211843,40.27334851936219,28.246013667425967,13.758542141230068,14.077448747152618,14.441913439635535,13.98633257403189,12.34624145785877,13.394077448747153,17.995444191343964,0.0,47.60820045558087,0.0,0.0,0.0,18.08656036446469,0.0,0.0,0.0,0.0,0.0,34.30523917995444,0.20654743558102223,51.52368421904776,0.008668242710795903
7666,16,7790,19.31776882539683,22.0,24.0,24.0,23.0,24.0,23.0,21.0,23.0,7.0,7.0,7.0,7.0,7.0,7.0,7.0,6.0,7.0,7.0,7.0,7.0,7.0,7.0,7.0,7.0,6.0,4.0,6.0,7.0,7.0,7.0,6.0,7.0,0.01527599486521181,0.0011553273427471118,0.0003851091142490372,0.013478818998716302,0.006803594351732991,0.003465982028241335,0.06880616174582799,0.8905006418485237,0.00012836970474967908,65,33584.64987782525,35.20719073735527,34.46069469835466,30.33211456429007,13.73400365630713,14.168190127970751,14.34338817794028,13.756855575868373,14.54905545399147,14.579524680073124,14.868982327848872,0.0,43.136806825106646,0.0,0.0,0.0,17.535039609993905,0.0,0.0,0.0,0.0,0.0,39.32815356489945,1.2949151449557696,354.4565224827231,0.04056482670089859
7668,4,526,9.202630717592593,11.0,10.0,17.0,21.0,20.0,9.0,4.0,13.142857142857142,0.0,1.0,1.0,2.0,2.0,4.0,5.0,5.0,5.0,4.0,5.0,4.0,3.0,4.0,5.0,6.0,7.0,6.0,6.0,5.0,5.0,3.0,2.0,2.0,0.013307984790874524,0.0,0.0,0.0038022813688212928,0.0019011406844106464,0.0,0.20342205323193915,0.7756653992395437,0.0019011406844106464,65,88.73200126375949,51.27877237851662,32.35294117647059,16.36828644501279,15.601023017902813,8.567774936061381,4.475703324808184,3.324808184143223,30.051150895140665,9.207161125319693,28.77237851662404,0.0,5.626598465473146,0.0,0.0,0.0,53.70843989769821,8.05626598465473,0.0,0.0,0.0,0.0,32.608695652173914,0.14664950230732066,15.404519378582094,0.019011406844106463
7668,4,526,9.202630717592593,11.0,10.0,17.0,21.0,20.0,9.0,4.0,13.142857142857142,0.0,1.0,1.0,2.0,2.0,4.0,5.0,5.0,5.0,4.0,5.0,4.0,3.0,4.0,5.0,6.0,7.0,6.0,6.0,5.0,5.0,3.0,2.0,2.0,0.013307984790874524,0.0,0.0,0.0038022813688212928,0.0019011406844106464,0.0,0.20342205323193915,0.7756653992395437,0.0019011406844106464,65,88.73200126375949,51.27877237851662,32.35294117647059,16.36828644501279,15.601023017902813,8.567774936061381,4.475703324808184,3.324808184143223,30.051150895140665,9.207161125319693,28.77237851662404,0.0,5.626598465473146,0.0,0.0,0.0,53.70843989769821,8.05626598465473,0.0,0.0,0.0,0.0,32.608695652173914,0.14664950230732066,15.404519378582094,0.019011406844106463
7670,5,280,12.06302311111111,9.0,4.0,16.0,13.0,12.0,15.0,10.0,11.285714285714286,2.0,4.0,2.0,3.0,4.0,3.0,4.0,4.0,3.0,4.0,5.0,3.0,2.0,3.0,4.0,3.0,3.0,2.0,5.0,4.0,3.0,2.0,3.0,4.0,0.014285714285714285,0.0,0.0,0.0035714285714285713,0.0035714285714285713,0.0,0.25,0.725,0.0035714285714285713,65,546.7463867348907,31.376518218623485,32.18623481781376,36.43724696356275,7.894736842105263,13.157894736842104,19.63562753036437,13.96761133603239,17.813765182186234,3.4412955465587043,24.089068825910932,0.0,59.311740890688256,0.0,0.0,0.0,0.0,0.0,0.0,0.0,0.0,0.0,40.688259109311744,0.2582550858108999,19.182955390341036,0.02142857142857143
7670,5,280,12.06302311111111,9.0,4.0,16.0,13.0,12.0,15.0,10.0,11.285714285714286,2.0,4.0,2.0,3.0,4.0,3.0,4.0,4.0,3.0,4.0,5.0,3.0,2.0,3.0,4.0,3.0,3.0,2.0,5.0,4.0,3.0,2.0,3.0,4.0,0.014285714285714285,0.0,0.0,0.0035714285714285713,0.0035714285714285713,0.0,0.25,0.725,0.0035714285714285713,65,546.7463867348907,31.376518218623485,32.18623481781376,36.43724696356275,7.894736842105263,13.157894736842104,19.63562753036437,13.96761133603239,17.813765182186234,3.4412955465587043,24.089068825910932,0.0,59.311740890688256,0.0,0.0,0.0,0.0,0.0,0.0,0.0,0.0,0.0,40.688259109311744,0.2582550858108999,19.182955390341036,0.02142857142857143
7671,5,1536,9.486651463675212,22.0,23.0,23.0,22.0,21.0,21.0,21.0,21.857142857142858,6.0,6.0,6.0,6.0,6.0,7.0,7.0,7.0,6.0,7.0,7.0,6.0,7.0,7.0,7.0,7.0,5.0,7.0,6.0,6.0,6.0,7.0,5.0,6.0,0.005859375,0.0,0.0,0.007161458333333333,0.009765625,0.0013020833333333333,0.15559895833333334,0.8196614583333334,0.0006510416666666666,65,3164161.036287359,39.40601231437885,34.44404201376313,26.14994567185802,11.481347337921042,16.986599058312205,9.272002897500906,8.873596522998914,19.485693589279247,16.624411445128576,17.27634914885911,0.0,34.91488591090185,0.0,0.0,0.0,21.586381745744294,0.0,0.0,0.0,0.0,0.0,43.49873234335386,0.8020287739556464,236.5582118795886,0.024088541666666668
7674,5,259,4.934514961111111,8.0,10.0,16.0,14.0,13.0,10.0,14.0,12.142857142857142,1.0,0.0,0.0,1.0,2.0,4.0,7.0,4.0,5.0,4.0,6.0,5.0,5.0,5.0,6.0,6.0,5.0,4.0,2.0,5.0,2.0,5.0,1.0,0.0,0.02702702702702703,0.0,0.0,0.0,0.0,0.0,0.4092664092664093,0.5598455598455598,0.003861003861003861,65,2145.7771153335993,34.9869451697128,39.947780678851174,25.06527415143603,14.882506527415144,10.966057441253264,12.27154046997389,13.054830287206268,18.79895561357702,11.488250652741515,18.5378590078329,0.0,63.70757180156657,0.0,0.0,0.0,8.093994778067886,0.0,0.0,0.0,0.0,0.0,28.198433420365536,0.07664326867450923,2.1003824458167863,0.02702702702702703
7674,5,259,4.934514961111111,8.0,10.0,16.0,14.0,13.0,10.0,14.0,12.142857142857142,1.0,0.0,0.0,1.0,2.0,4.0,7.0,4.0,5.0,4.0,6.0,5.0,5.0,5.0,6.0,6.0,5.0,4.0,2.0,5.0,2.0,5.0,1.0,0.0,0.02702702702702703,0.0,0.0,0.0,0.0,0.0,0.4092664092664093,0.5598455598455598,0.003861003861003861,65,2145.7771153335993,34.9869451697128,39.947780678851174,25.06527415143603,14.882506527415144,10.966057441253264,12.27154046997389,13.054830287206268,18.79895561357702,11.488250652741515,18.5378590078329,0.0,63.70757180156657,0.0,0.0,0.0,8.093994778067886,0.0,0.0,0.0,0.0,0.0,28.198433420365536,0.07664326867450923,2.1003824458167863,0.02702702702702703
7675,2,503,8.53348987654321,16.0,15.0,16.0,10.0,10.0,15.0,14.0,13.714285714285714,0.0,0.0,0.0,1.0,0.0,6.0,6.0,5.0,6.0,7.0,7.0,7.0,6.0,4.0,4.0,5.0,5.0,5.0,4.0,6.0,6.0,5.0,1.0,0.0,0.003976143141153081,0.0,0.0,0.0,0.0019880715705765406,0.0,0.2624254473161034,0.7296222664015904,0.0019880715705765406,65,31701.078390350187,35.40740740740741,48.888888888888886,15.703703703703702,7.4074074074074066,17.77777777777778,22.51851851851852,15.555555555555555,7.555555555555555,14.962962962962964,14.222222222222221,0.0,23.40740740740741,0.0,0.0,0.0,76.5925925925926,0.0,0.0,0.0,0.0,0.0,0.0,0.1508109283596808,56.77039463107254,0.005964214711729622
7675,2,503,8.53348987654321,16.0,15.0,16.0,10.0,10.0,15.0,14.0,13.714285714285714,0.0,0.0,0.0,1.0,0.0,6.0,6.0,5.0,6.0,7.0,7.0,7.0,6.0,4.0,4.0,5.0,5.0,5.0,4.0,6.0,6.0,5.0,1.0,0.0,0.003976143141153081,0.0,0.0,0.0,0.0019880715705765406,0.0,0.2624254473161034,0.7296222664015904,0.0019880715705765406,65,31701.078390350187,35.40740740740741,48.888888888888886,15.703703703703702,7.4074074074074066,17.77777777777778,22.51851851851852,15.555555555555555,7.555555555555555,14.962962962962964,14.222222222222221,0.0,23.40740740740741,0.0,0.0,0.0,76.5925925925926,0.0,0.0,0.0,0.0,0.0,0.0,0.1508109283596808,56.77039463107254,0.005964214711729622
7676,16,3951,19.50274219444444,24.0,19.0,19.0,20.0,21.0,16.0,17.0,19.428571428571427,6.0,7.0,7.0,7.0,4.0,2.0,3.0,4.0,4.0,3.0,6.0,6.0,7.0,7.0,7.0,7.0,6.0,6.0,3.0,6.0,7.0,7.0,7.0,7.0,0.02606934953176411,0.0002531004808909137,0.0,0.031384459630473295,0.022525942799291317,0.00480890913692736,0.16400911161731208,0.75069602632245,0.0002531004808909137,65,698.2093680144608,33.52852094901565,40.51489146895507,25.95658758202928,13.064109035840485,12.407874810701665,15.628470469459868,14.992428066633012,13.932357395254922,14.770318021201415,15.204442200908632,0.0,45.65371024734982,0.0,0.0,0.0,16.203937405350832,0.0,0.0,0.0,0.0,0.0,38.142352347299344,1.8663842122142031,232.34334066644882,0.085041761579347
7677,1,10,0.0,2.0,3.0,0.0,0.0,0.0,0.0,0.0,0.7142857142857143,0.0,0.0,1.0,1.0,0.0,0.0,1.0,0.0,0.0,1.0,1.0,0.0,0.0,0.0,0.0,0.0,0.0,0.0,0.0,0.0,0.0,0.0,0.0,0.0,0.0,0.0,0.0,0.0,0.0,0.0,0.2,0.7,0.1,65,1.7719997106883744e-07,0.0,13.333333333333334,86.66666666666667,0.0,13.333333333333334,0.0,0.0,0.0,86.66666666666667,0.0,0.0,0.0,0.0,0.0,0.0,0.0,100.0,0.0,0.0,0.0,0.0,0.0,2.4619114429698087e-05,0.00022157202986728279,0.0
7683,2,111,0.0,9.0,2.0,5.0,4.0,5.0,2.0,2.0,4.142857142857143,0.0,0.0,0.0,0.0,0.0,0.0,1.0,3.0,2.0,2.0,3.0,3.0,1.0,2.0,2.0,1.0,1.0,0.0,1.0,2.0,3.0,1.0,0.0,1.0,0.0,0.0,0.0,0.0,0.0,0.0,0.23423423423423423,0.7567567567567568,0.009009009009009009,65,0.9858237494131802,38.28125,56.25,5.46875,12.5,35.15625,7.8125,6.25,14.0625,7.03125,17.1875,0.0,61.71875,0.0,0.0,0.0,0.0,0.0,0.0,0.0,0.0,0.0,38.28125,0.01771001302377351,0.3476932400088234,0.0
7683,2,111,0.0,9.0,2.0,5.0,4.0,5.0,2.0,2.0,4.142857142857143,0.0,0.0,0.0,0.0,0.0,0.0,1.0,3.0,2.0,2.0,3.0,3.0,1.0,2.0,2.0,1.0,1.0,0.0,1.0,2.0,3.0,1.0,0.0,1.0,0.0,0.0,0.0,0.0,0.0,0.0,0.23423423423423423,0.7567567567567568,0.009009009009009009,65,0.9858237494131802,38.28125,56.25,5.46875,12.5,35.15625,7.8125,6.25,14.0625,7.03125,17.1875,0.0,61.71875,0.0,0.0,0.0,0.0,0.0,0.0,0.0,0.0,0.0,38.28125,0.01771001302377351,0.3476932400088234,0.0
7684,3,1868,16.426095708137716,24.0,23.0,24.0,24.0,24.0,24.0,24.0,23.857142857142858,6.0,7.0,7.0,7.0,7.0,7.0,7.0,7.0,7.0,7.0,7.0,7.0,7.0,7.0,7.0,7.0,7.0,7.0,7.0,7.0,7.0,7.0,7.0,7.0,0.005888650963597431,0.0,0.0,0.0010706638115631692,0.0010706638115631692,0.0,0.3302997858672377,0.661134903640257,0.0005353319057815846,65,99965.0924650093,20.35465292512883,27.841770233404063,51.80357684146711,16.110942709912095,14.095180357684148,12.731130645650197,12.049105789633222,13.98908760230373,16.095786602000604,14.928766292816004,0.0,20.839648378296456,0.0,0.0,0.0,50.9093664746893,20.536526220066687,0.0,0.0,0.0,0.0,7.714458926947559,0.11124122196504184,37.35269062296081,0.008029978586723769
7684,3,1868,16.426095708137716,24.0,23.0,24.0,24.0,24.0,24.0,24.0,23.857142857142858,6.0,7.0,7.0,7.0,7.0,7.0,7.0,7.0,7.0,7.0,7.0,7.0,7.0,7.0,7.0,7.0,7.0,7.0,7.0,7.0,7.0,7.0,7.0,7.0,0.005888650963597431,0.0,0.0,0.0010706638115631692,0.0010706638115631692,0.0,0.3302997858672377,0.661134903640257,0.0005353319057815846,65,99965.0924650093,20.35465292512883,27.841770233404063,51.80357684146711,16.110942709912095,14.095180357684148,12.731130645650197,12.049105789633222,13.98908760230373,16.095786602000604,14.928766292816004,0.0,20.839648378296456,0.0,0.0,0.0,50.9093664746893,20.536526220066687,0.0,0.0,0.0,0.0,7.714458926947559,0.11124122196504184,37.35269062296081,0.008029978586723769
7685,3,1082,11.778300776972625,22.0,23.0,20.0,21.0,22.0,23.0,23.0,22.0,5.0,6.0,7.0,6.0,7.0,7.0,7.0,7.0,6.0,7.0,6.0,7.0,7.0,7.0,5.0,7.0,7.0,7.0,6.0,7.0,6.0,7.0,6.0,4.0,0.014787430683918669,0.0,0.0,0.006469500924214418,0.005545286506469501,0.0,0.3243992606284658,0.6478743068391867,0.0009242144177449168,65,6746.072110661426,34.209373631187034,40.51686377573368,25.27376259307928,14.148050810337276,11.563731931668856,12.921594393342092,13.622426631625054,17.520805957074025,17.871222076215506,12.352168199737187,0.0,36.662286465177395,0.0,0.0,0.0,27.28865527814279,0.0,0.0,0.0,0.0,0.0,36.04905825667981,0.36631871402032024,73.28830217249138,0.026802218114602587
7685,3,1082,11.778300776972625,22.0,23.0,20.0,21.0,22.0,23.0,23.0,22.0,5.0,6.0,7.0,6.0,7.0,7.0,7.0,7.0,6.0,7.0,6.0,7.0,7.0,7.0,5.0,7.0,7.0,7.0,6.0,7.0,6.0,7.0,6.0,4.0,0.014787430683918669,0.0,0.0,0.006469500924214418,0.005545286506469501,0.0,0.3243992606284658,0.6478743068391867,0.0009242144177449168,65,6746.072110661426,34.209373631187034,40.51686377573368,25.27376259307928,14.148050810337276,11.563731931668856,12.921594393342092,13.622426631625054,17.520805957074025,17.871222076215506,12.352168199737187,0.0,36.662286465177395,0.0,0.0,0.0,27.28865527814279,0.0,0.0,0.0,0.0,0.0,36.04905825667981,0.36631871402032024,73.28830217249138,0.026802218114602587
7686,2,42,0.0,0.0,2.0,5.0,4.0,1.0,1.0,2.0,2.142857142857143,0.0,0.0,0.0,0.0,0.0,0.0,1.0,1.0,1.0,1.0,0.0,0.0,4.0,3.0,1.0,2.0,1.0,0.0,0.0,0.0,0.0,0.0,0.0,0.0,0.0,0.0,0.0,0.0,0.0,0.0,0.4523809523809524,0.5,0.047619047619047616,65,1.5504745535363778,20.0,78.0,2.0,6.0,0.0,12.0,10.0,26.0,10.0,36.0,0.0,44.0,0.0,0.0,0.0,0.0,0.0,0.0,0.0,0.0,0.0,56.00000000000001,1087.9731458969943,44605.48092233371,0.0
7690,1,53,0.0,9.0,0.0,3.0,2.0,0.0,2.0,2.0,2.5714285714285716,0.0,0.0,0.0,0.0,0.0,1.0,2.0,1.0,2.0,2.0,2.0,1.0,0.0,0.0,0.0,0.0,0.0,0.0,1.0,1.0,1.0,4.0,0.0,0.0,0.0,0.0,0.0,0.0,0.0,0.0,0.2830188679245283,0.6981132075471698,0.018867924528301886,65,2.547024373970542e-05,14.545454545454545,30.909090909090907,54.54545454545454,0.0,41.81818181818181,10.909090909090908,7.2727272727272725,21.818181818181817,0.0,18.181818181818183,0.0,81.81818181818183,0.0,0.0,0.0,0.0,0.0,0.0,0.0,0.0,0.0,18.181818181818183,0.0003043441583034986,0.002492161684766122,0.0
7691,11,38,0.0,0.0,3.0,11.0,0.0,0.0,0.0,0.0,2.0,0.0,0.0,0.0,0.0,0.0,1.0,1.0,1.0,1.0,1.0,1.0,1.0,1.0,0.0,0.0,1.0,2.0,1.0,1.0,0.0,1.0,0.0,0.0,0.0,0.08108108108108109,0.0,0.02702702702702703,0.0,0.3783783783783784,0.0,0.21621621621621623,0.2702702702702703,0.02702702702702703,65,301.48847140246914,38.05309734513274,46.017699115044245,15.929203539823009,2.6548672566371683,2.6548672566371683,2.6548672566371683,2.6548672566371683,2.6548672566371683,21.238938053097346,65.48672566371681,0.0,0.0,0.0,0.0,0.0,100.0,0.0,0.0,0.0,0.0,0.0,0.0,44.7224218835999,993.9151583645267,0.4864864864864865
7692,6,485,19.891955648148144,18.0,12.0,12.0,13.0,13.0,4.0,15.0,12.428571428571429,6.0,7.0,6.0,5.0,6.0,6.0,6.0,7.0,3.0,3.0,1.0,1.0,0.0,1.0,3.0,2.0,4.0,3.0,3.0,0.0,2.0,1.0,5.0,6.0,0.0,0.0,0.0,0.004123711340206186,0.006185567010309278,0.0,0.17525773195876287,0.8123711340206186,0.002061855670103093,65,7678.6089920092845,22.324966974900924,13.870541611624834,63.80449141347424,12.285336856010568,20.739762219286657,4.095112285336857,17.040951122853368,15.191545574636725,19.418758256274767,11.228533685601057,0.0,18.626155878467635,0.0,0.0,0.0,81.37384412153237,0.0,0.0,0.0,0.0,0.0,0.0,0.39276900364513634,74.89231504559841,0.010309278350515464
7693,2,40,0.0,0.0,0.0,2.0,2.0,4.0,3.0,1.0,1.7142857142857142,0.0,0.0,0.0,0.0,1.0,0.0,0.0,2.0,0.0,1.0,0.0,1.0,0.0,0.0,0.0,0.0,0.0,0.0,1.0,4.0,2.0,0.0,0.0,0.0,0.025,0.0,0.0,0.0,0.0,0.0,0.225,0.725,0.025,65,172812.50164411194,50.0,40.0,10.0,30.0,0.0,30.0,10.0,20.0,0.0,10.0,0.0,100.0,0.0,0.0,0.0,0.0,0.0,0.0,0.0,0.0,0.0,0.0,0.26095102008463666,4.650647192650422,0.025
7693,2,40,0.0,0.0,0.0,2.0,2.0,4.0,3.0,1.0,1.7142857142857142,0.0,0.0,0.0,0.0,1.0,0.0,0.0,2.0,0.0,1.0,0.0,1.0,0.0,0.0,0.0,0.0,0.0,0.0,1.0,4.0,2.0,0.0,0.0,0.0,0.025,0.0,0.0,0.0,0.0,0.0,0.225,0.725,0.025,65,172812.50164411194,50.0,40.0,10.0,30.0,0.0,30.0,10.0,20.0,0.0,10.0,0.0,100.0,0.0,0.0,0.0,0.0,0.0,0.0,0.0,0.0,0.0,0.0,0.26095102008463666,4.650647192650422,0.025
7696,13,14249,22.62538387482419,22.0,19.0,19.0,21.0,20.0,22.0,23.0,20.857142857142858,7.0,7.0,7.0,7.0,7.0,7.0,5.0,4.0,3.0,0.0,3.0,7.0,7.0,7.0,7.0,7.0,7.0,6.0,6.0,7.0,7.0,7.0,7.0,7.0,0.007790020352305425,0.0001403607270685662,0.00021054109060284932,0.006596954172222612,0.007298757807565443,0.0024563127236999086,0.016352024703487966,0.959084848059513,7.01803635342831e-05,65,1016.2296109280242,29.044923767273467,29.03982458824129,41.91525164448524,14.792718372342053,14.28280046912447,13.828973535260822,14.318494722349701,14.527561062668912,14.16042017235225,14.089031665901791,0.0,40.18153077354546,0.0,0.0,0.0,25.934424557646217,0.0,0.0,0.0,0.0,0.0,33.88404466880832,0.8157367972000138,330.5592097441701,0.024492946873464806
7697,4,2506,19.18950660197869,23.0,24.0,22.0,23.0,24.0,24.0,23.0,23.285714285714285,7.0,7.0,7.0,7.0,7.0,6.0,7.0,6.0,6.0,5.0,7.0,7.0,7.0,7.0,7.0,7.0,7.0,7.0,7.0,7.0,7.0,7.0,7.0,7.0,0.0015961691939345571,0.0,0.0,0.0051875498802873106,0.0011971268954509178,0.0,0.20750199521149243,0.7841181165203511,0.0003990422984836393,65,379.9576676673102,41.8855808523059,26.53239929947461,31.5820198482195,15.995329830706362,14.389959136018682,13.33917104495038,9.89492119089317,15.002918855808522,16.40396964389959,14.973730297723293,0.0,42.08990075890251,0.0,0.0,0.0,25.102159953298308,0.0,0.0,0.0,0.0,0.0,32.80793928779918,0.11976501730429703,25.141314695949617,0.007980845969672785
7697,4,2506,19.18950660197869,23.0,24.0,22.0,23.0,24.0,24.0,23.0,23.285714285714285,7.0,7.0,7.0,7.0,7.0,6.0,7.0,6.0,6.0,5.0,7.0,7.0,7.0,7.0,7.0,7.0,7.0,7.0,7.0,7.0,7.0,7.0,7.0,7.0,0.0015961691939345571,0.0,0.0,0.0051875498802873106,0.0011971268954509178,0.0,0.20750199521149243,0.7841181165203511,0.0003990422984836393,65,379.9576676673102,41.8855808523059,26.53239929947461,31.5820198482195,15.995329830706362,14.389959136018682,13.33917104495038,9.89492119089317,15.002918855808522,16.40396964389959,14.973730297723293,0.0,42.08990075890251,0.0,0.0,0.0,25.102159953298308,0.0,0.0,0.0,0.0,0.0,32.80793928779918,0.11976501730429703,25.141314695949617,0.007980845969672785
7702,2,272,5.505514935897437,9.0,4.0,1.0,0.0,12.0,17.0,11.0,7.714285714285714,2.0,0.0,1.0,1.0,2.0,0.0,3.0,5.0,4.0,3.0,2.0,2.0,2.0,3.0,2.0,2.0,1.0,2.0,3.0,4.0,3.0,3.0,3.0,1.0,0.003676470588235294,0.0,0.0,0.0,0.0,0.0,0.1323529411764706,0.8602941176470589,0.003676470588235294,65,0.3700616098619813,48.55072463768116,29.468599033816425,21.980676328502415,28.019323671497588,18.59903381642512,26.32850241545894,21.014492753623188,0.24154589371980675,4.1062801932367154,1.6908212560386473,0.0,11.352657004830919,0.0,0.0,0.0,29.951690821256037,58.69565217391305,0.0,0.0,0.0,0.0,0.0,0.016544502327031033,1.4811702143449965,0.003676470588235294
7702,2,272,5.505514935897437,9.0,4.0,1.0,0.0,12.0,17.0,11.0,7.714285714285714,2.0,0.0,1.0,1.0,2.0,0.0,3.0,5.0,4.0,3.0,2.0,2.0,2.0,3.0,2.0,2.0,1.0,2.0,3.0,4.0,3.0,3.0,3.0,1.0,0.003676470588235294,0.0,0.0,0.0,0.0,0.0,0.1323529411764706,0.8602941176470589,0.003676470588235294,65,0.3700616098619813,48.55072463768116,29.468599033816425,21.980676328502415,28.019323671497588,18.59903381642512,26.32850241545894,21.014492753623188,0.24154589371980675,4.1062801932367154,1.6908212560386473,0.0,11.352657004830919,0.0,0.0,0.0,29.951690821256037,58.69565217391305,0.0,0.0,0.0,0.0,0.0,0.016544502327031033,1.4811702143449965,0.003676470588235294
7703,1,8,0.0,3.0,2.0,0.0,0.0,0.0,0.0,0.0,0.7142857142857143,0.0,0.0,0.0,0.0,1.0,0.0,1.0,0.0,1.0,0.0,0.0,0.0,0.0,0.0,0.0,0.0,0.0,0.0,0.0,1.0,1.0,0.0,0.0,0.0,0.0,0.0,0.0,0.0,0.0,0.0,0.375,0.5,0.125,65,0.0,36.36363636363637,36.36363636363637,27.27272727272727,0.0,45.45454545454545,0.0,0.0,0.0,54.54545454545454,0.0,0.0,100.0,0.0,0.0,0.0,0.0,0.0,0.0,0.0,0.0,0.0,0.0,0.24076745111409115,0.5475134179032931,0.0
7705,3,498,7.6003972449908925,20.0,20.0,16.0,16.0,20.0,14.0,17.0,17.571428571428573,4.0,2.0,2.0,2.0,3.0,4.0,5.0,6.0,5.0,6.0,6.0,7.0,5.0,5.0,5.0,6.0,6.0,6.0,5.0,7.0,7.0,7.0,7.0,5.0,0.008032128514056224,0.0,0.0,0.002008032128514056,0.0,0.0,0.41164658634538154,0.5763052208835341,0.002008032128514056,65,13408.520223585367,32.56410256410256,33.84615384615385,33.589743589743584,12.564102564102564,19.48717948717949,10.128205128205128,11.794871794871794,14.23076923076923,19.871794871794872,11.923076923076923,0.0,44.48717948717948,0.0,0.0,0.0,37.94871794871795,0.0,0.0,0.0,0.0,0.0,17.564102564102562,0.096243674657817,10.168409715827096,0.010040160642570281
7705,3,498,7.6003972449908925,20.0,20.0,16.0,16.0,20.0,14.0,17.0,17.571428571428573,4.0,2.0,2.0,2.0,3.0,4.0,5.0,6.0,5.0,6.0,6.0,7.0,5.0,5.0,5.0,6.0,6.0,6.0,5.0,7.0,7.0,7.0,7.0,5.0,0.008032128514056224,0.0,0.0,0.002008032128514056,0.0,0.0,0.41164658634538154,0.5763052208835341,0.002008032128514056,65,13408.520223585367,32.56410256410256,33.84615384615385,33.589743589743584,12.564102564102564,19.48717948717949,10.128205128205128,11.794871794871794,14.23076923076923,19.871794871794872,11.923076923076923,0.0,44.48717948717948,0.0,0.0,0.0,37.94871794871795,0.0,0.0,0.0,0.0,0.0,17.564102564102562,0.096243674657817,10.168409715827096,0.010040160642570281
7710,1,74,0.0,7.0,5.0,5.0,9.0,1.0,0.0,1.0,4.0,0.0,0.0,0.0,0.0,0.0,2.0,3.0,2.0,0.0,0.0,2.0,1.0,1.0,1.0,0.0,1.0,1.0,3.0,3.0,3.0,2.0,2.0,1.0,0.0,0.0,0.0,0.0,0.0,0.0,0.0,0.35135135135135137,0.6351351351351351,0.013513513513513514,65,0.009105272010926719,53.48837209302325,17.441860465116278,29.069767441860467,4.651162790697675,32.55813953488372,0.0,2.3255813953488373,23.25581395348837,15.11627906976744,22.093023255813954,0.0,75.5813953488372,0.0,0.0,0.0,24.418604651162788,0.0,0.0,0.0,0.0,0.0,0.0,0.011996911124554007,0.2629192858105116,0.0
7712,6,946,9.573134525462963,19.0,21.0,10.0,21.0,21.0,21.0,22.0,19.285714285714285,6.0,3.0,5.0,3.0,3.0,6.0,6.0,6.0,6.0,4.0,6.0,6.0,5.0,6.0,5.0,7.0,7.0,7.0,6.0,7.0,7.0,6.0,6.0,6.0,0.004228329809725159,0.0,0.0,0.004228329809725159,0.005285412262156448,0.0,0.09830866807610994,0.8868921775898521,0.0010570824524312897,65,121.84708939775449,36.850152905198776,32.03363914373089,31.116207951070336,19.495412844036696,12.996941896024463,18.654434250764528,18.34862385321101,13.149847094801222,11.773700305810397,5.581039755351682,0.0,0.9174311926605505,0.0,0.0,0.0,71.40672782874617,27.599388379204893,0.0,0.0,0.0,0.0,0.0764525993883792,0.19654577500463258,24.708355157531155,0.013742071881606765
7714,21,4835,21.213586754385965,24.0,24.0,24.0,24.0,24.0,24.0,24.0,24.0,7.0,7.0,7.0,7.0,7.0,7.0,7.0,7.0,7.0,7.0,7.0,7.0,7.0,7.0,7.0,7.0,7.0,7.0,7.0,7.0,7.0,7.0,7.0,7.0,0.0076525336091003105,0.0012409513960703205,0.001034126163391934,0.00703205791106515,0.004963805584281282,0.001654601861427094,0.19648397104446744,0.7795243019648397,0.0004136504653567735,65,99584.12046015834,34.14466446644664,42.03795379537954,23.817381738173818,13.82013201320132,15.112761276127612,12.761276127612762,12.004950495049505,15.222772277227723,16.65291529152915,14.425192519251926,0.0,40.97909790979098,0.0,0.0,0.0,20.145764576457644,0.0,0.0,0.0,0.0,0.0,38.875137513751376,1.4442360106909857,1165.5482633230863,0.02357807652533609
7715,2,229,2.5669701780626775,12.0,10.0,11.0,5.0,9.0,6.0,2.0,7.857142857142857,0.0,0.0,0.0,1.0,1.0,2.0,3.0,3.0,5.0,5.0,6.0,4.0,4.0,4.0,2.0,3.0,3.0,2.0,1.0,4.0,1.0,1.0,0.0,0.0,0.034934497816593885,0.0,0.0,0.004366812227074236,0.004366812227074236,0.0,0.31004366812227074,0.6419213973799127,0.004366812227074236,65,90.54953210358083,26.23574144486692,65.77946768060836,7.984790874524715,17.490494296577946,21.292775665399237,7.224334600760455,4.942965779467681,13.307984790874524,17.490494296577946,18.250950570342205,0.0,60.07604562737643,0.0,0.0,0.0,13.688212927756654,0.0,0.0,0.0,0.0,0.0,26.23574144486692,0.30643749171795404,23.190205868067206,0.043668122270742356
7715,2,229,2.5669701780626775,12.0,10.0,11.0,5.0,9.0,6.0,2.0,7.857142857142857,0.0,0.0,0.0,1.0,1.0,2.0,3.0,3.0,5.0,5.0,6.0,4.0,4.0,4.0,2.0,3.0,3.0,2.0,1.0,4.0,1.0,1.0,0.0,0.0,0.034934497816593885,0.0,0.0,0.004366812227074236,0.004366812227074236,0.0,0.31004366812227074,0.6419213973799127,0.004366812227074236,65,90.54953210358083,26.23574144486692,65.77946768060836,7.984790874524715,17.490494296577946,21.292775665399237,7.224334600760455,4.942965779467681,13.307984790874524,17.490494296577946,18.250950570342205,0.0,60.07604562737643,0.0,0.0,0.0,13.688212927756654,0.0,0.0,0.0,0.0,0.0,26.23574144486692,0.30643749171795404,23.190205868067206,0.043668122270742356
7718,36,8355,22.81644551111111,20.0,24.0,24.0,24.0,24.0,23.0,23.0,23.142857142857142,7.0,7.0,7.0,7.0,7.0,7.0,7.0,7.0,6.0,6.0,6.0,5.0,7.0,7.0,7.0,7.0,7.0,7.0,6.0,7.0,7.0,7.0,7.0,7.0,0.011011370436864154,0.00466786355475763,0.0003590664272890485,0.0039497307001795335,0.00454817474566128,0.005984440454817474,0.040694195092758824,0.9286654697785757,0.00011968880909634949,66,55162.95310618522,27.929732645041994,28.9082363818476,43.16203097311041,14.246089837429693,14.17674705293166,13.799214115109024,14.338546883427075,14.407889667925112,14.48493720625626,14.54657523692118,0.0,45.25001926188458,0.0,0.0,0.0,0.0,0.0,0.0,0.0,0.0,0.0,54.749980738115426,2.355209074709837,484.6507248709197,0.03052064631956912
7719,1,23,0.0,3.0,0.0,0.0,0.0,0.0,2.0,3.0,1.1428571428571428,0.0,0.0,1.0,0.0,0.0,0.0,0.0,0.0,0.0,0.0,0.0,0.0,0.0,0.0,0.0,0.0,0.0,1.0,0.0,0.0,2.0,2.0,0.0,2.0,0.0,0.0,0.0,0.0,0.0,0.0,0.30434782608695654,0.6521739130434783,0.043478260869565216,65,1.3135029064320956e-06,25.0,0.0,75.0,0.0,29.166666666666668,20.833333333333336,45.83333333333333,0.0,4.166666666666666,0.0,0.0,0.0,0.0,0.0,0.0,0.0,0.0,0.0,0.0,0.0,0.0,100.0,0.00032220216231456706,0.0014788547014791362,0.0
7721,3,4649,18.595156462728553,22.0,21.0,24.0,20.0,24.0,24.0,24.0,22.714285714285715,7.0,7.0,7.0,7.0,6.0,7.0,7.0,7.0,6.0,6.0,5.0,6.0,7.0,6.0,7.0,7.0,7.0,7.0,7.0,6.0,6.0,7.0,7.0,7.0,0.004086900408690041,0.0,0.0,0.003871800387180039,0.0023661002366100236,0.0,0.14497741449774146,0.8444826844482685,0.00021510002151000216,65,102.29298546119931,30.7306140744061,34.46884805020171,34.8005378753922,13.572389063200358,13.841326759300761,15.670103092783505,14.477812640071717,15.63424473330345,13.482743164500224,13.32138054683998,0.0,36.20797848498431,0.0,0.0,0.0,27.897803675481846,0.0,0.0,0.0,0.0,0.0,35.894217839533844,0.1445898738940818,35.72671502813537,0.010324801032480103
7721,3,4649,18.595156462728553,22.0,21.0,24.0,20.0,24.0,24.0,24.0,22.714285714285715,7.0,7.0,7.0,7.0,6.0,7.0,7.0,7.0,6.0,6.0,5.0,6.0,7.0,6.0,7.0,7.0,7.0,7.0,7.0,6.0,6.0,7.0,7.0,7.0,0.004086900408690041,0.0,0.0,0.003871800387180039,0.0023661002366100236,0.0,0.14497741449774146,0.8444826844482685,0.00021510002151000216,65,102.29298546119931,30.7306140744061,34.46884805020171,34.8005378753922,13.572389063200358,13.841326759300761,15.670103092783505,14.477812640071717,15.63424473330345,13.482743164500224,13.32138054683998,0.0,36.20797848498431,0.0,0.0,0.0,27.897803675481846,0.0,0.0,0.0,0.0,0.0,35.894217839533844,0.1445898738940818,35.72671502813537,0.010324801032480103
7725,4,2509,15.103565882352939,20.0,21.0,21.0,23.0,22.0,24.0,24.0,22.142857142857142,3.0,5.0,2.0,7.0,7.0,7.0,7.0,7.0,5.0,7.0,7.0,7.0,7.0,7.0,7.0,7.0,7.0,7.0,7.0,7.0,7.0,7.0,7.0,7.0,0.017935432443204464,0.0,0.0,0.0031885213232363493,0.00039856516540454366,0.0,0.19968114786767638,0.7783977680350738,0.00039856516540454366,65,70.72434782127026,32.41539482415395,31.652289316522893,35.93231585932316,15.029860650298607,14.001327140013272,15.394824153948242,15.560716655607166,14.100862641008627,13.437292634372927,12.47511612475116,0.0,32.87989382879894,0.0,0.0,0.0,55.04313205043132,0.0,0.0,0.0,0.0,0.0,12.07697412076974,0.13620844822385128,21.81714252474862,0.021522518931845355
7725,4,2509,15.103565882352939,20.0,21.0,21.0,23.0,22.0,24.0,24.0,22.142857142857142,3.0,5.0,2.0,7.0,7.0,7.0,7.0,7.0,5.0,7.0,7.0,7.0,7.0,7.0,7.0,7.0,7.0,7.0,7.0,7.0,7.0,7.0,7.0,7.0,0.017935432443204464,0.0,0.0,0.0031885213232363493,0.00039856516540454366,0.0,0.19968114786767638,0.7783977680350738,0.00039856516540454366,65,70.72434782127026,32.41539482415395,31.652289316522893,35.93231585932316,15.029860650298607,14.001327140013272,15.394824153948242,15.560716655607166,14.100862641008627,13.437292634372927,12.47511612475116,0.0,32.87989382879894,0.0,0.0,0.0,55.04313205043132,0.0,0.0,0.0,0.0,0.0,12.07697412076974,0.13620844822385128,21.81714252474862,0.021522518931845355
7726,9,530,5.843412395833333,10.0,17.0,10.0,21.0,14.0,16.0,9.0,13.857142857142858,3.0,4.0,5.0,4.0,4.0,3.0,4.0,6.0,6.0,3.0,5.0,5.0,5.0,5.0,5.0,5.0,2.0,2.0,3.0,5.0,4.0,3.0,3.0,3.0,0.0037735849056603774,0.0018867924528301887,0.0,0.018867924528301886,0.03773584905660377,0.011320754716981131,0.14150943396226415,0.7830188679245284,0.0018867924528301887,66,186694.89866705032,37.48317631224764,34.45491251682369,28.061911170928667,9.825033647375504,9.421265141318976,23.620457604306864,6.527590847913863,18.10228802153432,13.391655450874831,19.11170928667564,0.0,35.46433378196501,0.0,0.0,0.0,0.0,0.0,0.0,0.0,0.0,0.0,64.53566621803499,4.178598111880824,259.2879222679173,0.07358490566037736
7727,2,49,0.0,7.0,7.0,2.0,2.0,3.0,2.0,1.0,3.4285714285714284,0.0,0.0,0.0,0.0,1.0,1.0,2.0,1.0,2.0,2.0,4.0,0.0,1.0,0.0,1.0,2.0,1.0,0.0,2.0,2.0,0.0,1.0,1.0,0.0,0.04081632653061224,0.0,0.0,0.0,0.02040816326530612,0.0,0.42857142857142855,0.4897959183673469,0.02040816326530612,65,2.4230715070408495,29.333333333333332,49.333333333333336,21.333333333333336,18.666666666666668,21.333333333333336,6.666666666666667,8.0,14.666666666666666,28.000000000000004,2.666666666666667,0.0,8.0,0.0,0.0,0.0,76.0,0.0,0.0,0.0,0.0,0.0,16.0,0.9118663475924413,38.97682394193576,0.061224489795918366
7727,2,49,0.0,7.0,7.0,2.0,2.0,3.0,2.0,1.0,3.4285714285714284,0.0,0.0,0.0,0.0,1.0,1.0,2.0,1.0,2.0,2.0,4.0,0.0,1.0,0.0,1.0,2.0,1.0,0.0,2.0,2.0,0.0,1.0,1.0,0.0,0.04081632653061224,0.0,0.0,0.0,0.02040816326530612,0.0,0.42857142857142855,0.4897959183673469,0.02040816326530612,65,2.4230715070408495,29.333333333333332,49.333333333333336,21.333333333333336,18.666666666666668,21.333333333333336,6.666666666666667,8.0,14.666666666666666,28.000000000000004,2.666666666666667,0.0,8.0,0.0,0.0,0.0,76.0,0.0,0.0,0.0,0.0,0.0,16.0,0.9118663475924413,38.97682394193576,0.061224489795918366
7730,4,1192,15.414755833333333,22.0,22.0,18.0,24.0,20.0,22.0,20.0,21.142857142857142,7.0,7.0,7.0,7.0,7.0,7.0,7.0,7.0,7.0,7.0,7.0,6.0,4.0,4.0,4.0,6.0,5.0,4.0,6.0,6.0,7.0,5.0,7.0,7.0,0.012583892617449664,0.0,0.0,0.0041946308724832215,0.0016778523489932886,0.0,0.18708053691275167,0.7936241610738255,0.0008389261744966443,65,557.7587619998424,18.46537741734248,33.18777292576419,48.346849656893326,13.911416094822208,10.355583281347473,18.527760449157828,10.542732376793513,17.84154709918902,15.970056144728634,12.850904553961323,0.0,0.0,0.0,0.0,0.0,39.051777916406735,0.0,0.0,0.0,0.0,0.0,60.948222083593265,0.16781968146969853,54.029037446910294,0.018456375838926176
7730,4,1192,15.414755833333333,22.0,22.0,18.0,24.0,20.0,22.0,20.0,21.142857142857142,7.0,7.0,7.0,7.0,7.0,7.0,7.0,7.0,7.0,7.0,7.0,6.0,4.0,4.0,4.0,6.0,5.0,4.0,6.0,6.0,7.0,5.0,7.0,7.0,0.012583892617449664,0.0,0.0,0.0041946308724832215,0.0016778523489932886,0.0,0.18708053691275167,0.7936241610738255,0.0008389261744966443,65,557.7587619998424,18.46537741734248,33.18777292576419,48.346849656893326,13.911416094822208,10.355583281347473,18.527760449157828,10.542732376793513,17.84154709918902,15.970056144728634,12.850904553961323,0.0,0.0,0.0,0.0,0.0,39.051777916406735,0.0,0.0,0.0,0.0,0.0,60.948222083593265,0.16781968146969853,54.029037446910294,0.018456375838926176
7734,13,7227,21.520556756410258,24.0,24.0,24.0,22.0,24.0,22.0,24.0,23.428571428571427,7.0,7.0,7.0,7.0,7.0,7.0,7.0,5.0,6.0,7.0,7.0,7.0,7.0,7.0,7.0,7.0,7.0,7.0,7.0,6.0,7.0,7.0,7.0,7.0,0.0163276601632766,0.0006918500069185001,0.0001383700013837,0.007195240071952401,0.005396430053964301,0.0030441400304414,0.0669710806697108,0.9000968590009686,0.0001383700013837,65,33404.034218606415,29.908755922091597,33.40937006492367,36.681874012984736,13.818213721705563,14.879803474293734,13.686611686260747,13.87085453588349,13.897174942972452,15.300929987717144,14.54641165116687,0.0,39.96315143007545,0.0,0.0,0.0,18.125987015265835,0.0,0.0,0.0,0.0,0.0,41.910861554658716,0.93390680044633,357.9847330837991,0.0327936903279369
7735,1,16,0.0,1.0,1.0,2.0,5.0,0.0,0.0,1.0,1.4285714285714286,0.0,0.0,0.0,0.0,2.0,1.0,0.0,0.0,1.0,0.0,0.0,0.0,0.0,0.0,0.0,1.0,1.0,0.0,0.0,0.0,2.0,1.0,1.0,0.0,0.0,0.0,0.0,0.0,0.0,0.0,0.625,0.3125,0.0625,65,763120.7813468494,40.0,25.71428571428571,34.285714285714285,8.571428571428571,5.714285714285714,5.714285714285714,17.142857142857142,28.57142857142857,14.285714285714285,20.0,0.0,65.71428571428571,0.0,0.0,0.0,0.0,0.0,0.0,0.0,0.0,0.0,34.285714285714285,0.6775223376725047,6.257089584438514,0.0
7737,4,3688,20.841779922644168,23.0,23.0,20.0,24.0,22.0,23.0,24.0,22.714285714285715,7.0,7.0,7.0,7.0,7.0,7.0,7.0,7.0,7.0,5.0,6.0,5.0,6.0,7.0,7.0,7.0,7.0,7.0,7.0,5.0,6.0,7.0,7.0,7.0,0.004338394793926247,0.0,0.0,0.0067787418655097615,0.0016268980477223427,0.0,0.12418655097613883,0.8627982646420824,0.00027114967462039046,65,595534.9173552548,20.2686495562485,16.358839050131927,63.37251139361957,13.924202446629888,14.967618133845049,14.41592708083473,15.61525545694411,14.703765891100984,13.804269609018949,12.56896138162629,0.0,36.4835692012473,0.0,0.0,0.0,32.393859438714316,0.0,0.0,0.0,0.0,0.0,31.122571360038375,0.25220624160528826,85.84330550943878,0.01274403470715835
7737,4,3688,20.841779922644168,23.0,23.0,20.0,24.0,22.0,23.0,24.0,22.714285714285715,7.0,7.0,7.0,7.0,7.0,7.0,7.0,7.0,7.0,5.0,6.0,5.0,6.0,7.0,7.0,7.0,7.0,7.0,7.0,5.0,6.0,7.0,7.0,7.0,0.004338394793926247,0.0,0.0,0.0067787418655097615,0.0016268980477223427,0.0,0.12418655097613883,0.8627982646420824,0.00027114967462039046,65,595534.9173552548,20.2686495562485,16.358839050131927,63.37251139361957,13.924202446629888,14.967618133845049,14.41592708083473,15.61525545694411,14.703765891100984,13.804269609018949,12.56896138162629,0.0,36.4835692012473,0.0,0.0,0.0,32.393859438714316,0.0,0.0,0.0,0.0,0.0,31.122571360038375,0.25220624160528826,85.84330550943878,0.01274403470715835
7739,20,10244,17.259861243589746,23.0,24.0,18.0,16.0,24.0,23.0,24.0,21.714285714285715,7.0,7.0,7.0,7.0,7.0,7.0,7.0,7.0,7.0,7.0,7.0,6.0,7.0,7.0,7.0,5.0,7.0,5.0,5.0,5.0,5.0,5.0,5.0,6.0,0.005271378367825068,0.00029285435376805933,0.0013666536509176104,0.0020499804763764156,0.006833268254588051,0.0015618898867629833,0.023233112065599377,0.958902772354549,0.00048809058961343224,67,1043500.5018696815,28.452879203348246,29.65074325299466,41.896377543657096,14.38158464424881,13.609467455621301,12.873430509453025,12.909510751912254,14.424880935199885,16.481454755375957,15.31967094818877,0.0,40.78510607591283,0.0,0.0,0.0,12.94559099437148,0.0,0.0,0.0,0.0,0.0,46.269302929715685,1.95370125291084,2821.7902536616793,0.017376024990238187
7740,1,3,0.0,0.0,0.0,0.0,0.0,0.0,2.0,0.0,0.2857142857142857,0.0,0.0,0.0,0.0,0.0,0.0,0.0,0.0,0.0,1.0,0.0,0.0,0.0,0.0,0.0,0.0,0.0,0.0,0.0,0.0,0.0,0.0,0.0,1.0,0.0,0.0,0.0,0.0,0.0,0.0,0.3333333333333333,0.3333333333333333,0.3333333333333333,74,0.0,0.0,40.0,60.0,0.0,0.0,80.0,20.0,0.0,0.0,0.0,0.0,0.0,0.0,0.0,0.0,0.0,0.0,0.0,0.0,0.0,0.0,100.0,0.0,0.0,0.0
7743,2,36,0.0,2.0,0.0,3.0,4.0,0.0,2.0,0.0,1.5714285714285714,0.0,0.0,0.0,0.0,0.0,0.0,1.0,1.0,2.0,1.0,1.0,2.0,1.0,0.0,0.0,0.0,0.0,0.0,1.0,1.0,0.0,0.0,0.0,0.0,0.027777777777777776,0.0,0.0,0.0,0.0,0.0,0.1388888888888889,0.8055555555555556,0.027777777777777776,67,0.11727775279278849,25.0,61.111111111111114,13.88888888888889,0.0,13.88888888888889,25.0,0.0,25.0,0.0,36.11111111111111,0.0,63.888888888888886,0.0,0.0,0.0,36.11111111111111,0.0,0.0,0.0,0.0,0.0,0.0,0.13589675880901922,3.9940792536598564,0.027777777777777776
7743,2,36,0.0,2.0,0.0,3.0,4.0,0.0,2.0,0.0,1.5714285714285714,0.0,0.0,0.0,0.0,0.0,0.0,1.0,1.0,2.0,1.0,1.0,2.0,1.0,0.0,0.0,0.0,0.0,0.0,1.0,1.0,0.0,0.0,0.0,0.0,0.027777777777777776,0.0,0.0,0.0,0.0,0.0,0.1388888888888889,0.8055555555555556,0.027777777777777776,67,0.11727775279278849,25.0,61.111111111111114,13.88888888888889,0.0,13.88888888888889,25.0,0.0,25.0,0.0,36.11111111111111,0.0,63.888888888888886,0.0,0.0,0.0,36.11111111111111,0.0,0.0,0.0,0.0,0.0,0.0,0.13589675880901922,3.9940792536598564,0.027777777777777776
7744,3,203,19.193727182539682,9.0,19.0,14.0,17.0,9.0,9.0,2.0,11.285714285714286,5.0,3.0,3.0,2.0,3.0,2.0,2.0,2.0,4.0,3.0,6.0,6.0,3.0,4.0,2.0,2.0,2.0,1.0,4.0,4.0,3.0,4.0,5.0,4.0,0.0,0.0,0.0,0.019704433497536946,0.0049261083743842365,0.0049261083743842365,0.2857142857142857,0.6798029556650246,0.0049261083743842365,67,67.34231745098965,22.660098522167488,39.40886699507389,37.93103448275862,7.8817733990147785,10.83743842364532,12.31527093596059,1.477832512315271,19.704433497536947,36.45320197044335,11.330049261083744,0.0,0.0,0.0,0.0,0.0,0.0,0.0,0.0,0.0,0.0,0.0,100.0,0.8555727102889159,107.085483578092,0.029556650246305417
7744,3,203,19.193727182539682,9.0,19.0,14.0,17.0,9.0,9.0,2.0,11.285714285714286,5.0,3.0,3.0,2.0,3.0,2.0,2.0,2.0,4.0,3.0,6.0,6.0,3.0,4.0,2.0,2.0,2.0,1.0,4.0,4.0,3.0,4.0,5.0,4.0,0.0,0.0,0.0,0.019704433497536946,0.0049261083743842365,0.0049261083743842365,0.2857142857142857,0.6798029556650246,0.0049261083743842365,67,67.34231745098965,22.660098522167488,39.40886699507389,37.93103448275862,7.8817733990147785,10.83743842364532,12.31527093596059,1.477832512315271,19.704433497536947,36.45320197044335,11.330049261083744,0.0,0.0,0.0,0.0,0.0,0.0,0.0,0.0,0.0,0.0,0.0,100.0,0.8555727102889159,107.085483578092,0.029556650246305417
7750,17,3315,21.143514074074073,23.0,24.0,24.0,22.0,24.0,23.0,24.0,23.428571428571427,7.0,7.0,7.0,7.0,7.0,7.0,7.0,7.0,7.0,6.0,7.0,6.0,7.0,7.0,7.0,6.0,6.0,7.0,7.0,7.0,7.0,7.0,7.0,7.0,0.0021116138763197585,0.0,0.0,0.005128205128205128,0.0027149321266968325,0.0006033182503770739,0.061236802413273,0.9279034690799397,0.00030165912518853697,74,4922.499983465235,25.268682829292676,18.52036990752312,56.21094726318421,13.446638340414896,8.872781804548863,13.196700824793803,11.89702574356411,17.420644838790302,16.420894776305925,18.745313671582103,0.0,84.77880529867534,0.0,0.0,0.0,6.573356660834791,0.0,0.0,0.0,0.0,0.0,8.647838040489878,0.23978897274192204,101.38013703227979,0.010558069381598794
7754,2,50,0.0,5.0,3.0,3.0,2.0,5.0,1.0,2.0,3.0,0.0,0.0,0.0,0.0,0.0,0.0,0.0,1.0,1.0,1.0,1.0,1.0,0.0,1.0,1.0,1.0,2.0,1.0,0.0,3.0,2.0,3.0,2.0,0.0,0.0,0.0,0.0,0.0,0.0,0.0,0.4,0.58,0.02,67,50147.52226111018,43.58974358974359,28.205128205128204,28.205128205128204,23.076923076923077,17.94871794871795,3.8461538461538463,7.6923076923076925,14.102564102564102,12.82051282051282,20.51282051282051,0.0,0.0,0.0,0.0,0.0,48.717948717948715,0.0,0.0,0.0,0.0,0.0,51.28205128205128,0.27494256230210945,4.836925634694644,0.0
7754,2,50,0.0,5.0,3.0,3.0,2.0,5.0,1.0,2.0,3.0,0.0,0.0,0.0,0.0,0.0,0.0,0.0,1.0,1.0,1.0,1.0,1.0,0.0,1.0,1.0,1.0,2.0,1.0,0.0,3.0,2.0,3.0,2.0,0.0,0.0,0.0,0.0,0.0,0.0,0.0,0.4,0.58,0.02,67,50147.52226111018,43.58974358974359,28.205128205128204,28.205128205128204,23.076923076923077,17.94871794871795,3.8461538461538463,7.6923076923076925,14.102564102564102,12.82051282051282,20.51282051282051,0.0,0.0,0.0,0.0,0.0,48.717948717948715,0.0,0.0,0.0,0.0,0.0,51.28205128205128,0.27494256230210945,4.836925634694644,0.0
7755,2,138,6.552661458333334,1.0,0.0,0.0,1.0,15.0,8.0,0.0,3.5714285714285716,1.0,1.0,1.0,1.0,1.0,1.0,2.0,2.0,0.0,0.0,1.0,1.0,1.0,1.0,2.0,1.0,1.0,1.0,1.0,1.0,1.0,1.0,1.0,1.0,0.0,0.0,0.0,0.0,0.014492753623188406,0.0,0.06521739130434782,0.9130434782608695,0.007246376811594203,67,252.4815258950296,30.327868852459016,22.540983606557376,47.13114754098361,58.19672131147541,2.0491803278688523,37.704918032786885,0.0,2.0491803278688523,0.0,0.0,0.0,0.0,0.0,0.0,0.0,4.098360655737705,95.90163934426229,0.0,0.0,0.0,0.0,0.0,0.3658045230200302,24.946037817885035,0.014492753623188406
7755,2,138,6.552661458333334,1.0,0.0,0.0,1.0,15.0,8.0,0.0,3.5714285714285716,1.0,1.0,1.0,1.0,1.0,1.0,2.0,2.0,0.0,0.0,1.0,1.0,1.0,1.0,2.0,1.0,1.0,1.0,1.0,1.0,1.0,1.0,1.0,1.0,0.0,0.0,0.0,0.0,0.014492753623188406,0.0,0.06521739130434782,0.9130434782608695,0.007246376811594203,67,252.4815258950296,30.327868852459016,22.540983606557376,47.13114754098361,58.19672131147541,2.0491803278688523,37.704918032786885,0.0,2.0491803278688523,0.0,0.0,0.0,0.0,0.0,0.0,0.0,4.098360655737705,95.90163934426229,0.0,0.0,0.0,0.0,0.0,0.3658045230200302,24.946037817885035,0.014492753623188406
7758,1,58,0.0,2.0,3.0,4.0,2.0,1.0,4.0,3.0,2.7142857142857144,0.0,0.0,0.0,0.0,0.0,1.0,3.0,2.0,1.0,0.0,0.0,1.0,0.0,1.0,0.0,0.0,2.0,2.0,1.0,1.0,1.0,3.0,0.0,0.0,0.0,0.0,0.0,0.0,0.0,0.0,0.2413793103448276,0.7413793103448276,0.017241379310344827,74,3.5779738130377847,34.48275862068966,29.310344827586203,36.206896551724135,8.620689655172415,8.620689655172415,17.24137931034483,17.24137931034483,5.172413793103448,17.24137931034483,25.862068965517242,0.0,27.586206896551722,0.0,0.0,0.0,63.793103448275865,0.0,0.0,0.0,0.0,0.0,8.620689655172415,0.020459219339347003,0.34801309606626896,0.0
7760,1,13,0.0,3.0,2.0,1.0,0.0,0.0,0.0,0.0,0.8571428571428571,0.0,0.0,0.0,0.0,0.0,0.0,0.0,0.0,0.0,0.0,1.0,2.0,0.0,0.0,0.0,1.0,0.0,0.0,0.0,2.0,0.0,0.0,0.0,0.0,0.0,0.0,0.0,0.0,0.0,0.0,0.38461538461538464,0.5384615384615384,0.07692307692307693,67,140.97342173529395,36.84210526315789,63.1578947368421,0.0,0.0,63.1578947368421,0.0,0.0,0.0,21.052631578947366,15.789473684210526,0.0,0.0,0.0,0.0,0.0,73.68421052631578,0.0,0.0,0.0,0.0,0.0,26.31578947368421,0.004675452244086349,0.01965612801483631,0.0
7761,1,19,0.0,2.0,2.0,0.0,0.0,3.0,0.0,1.0,1.1428571428571428,0.0,1.0,1.0,0.0,0.0,1.0,0.0,0.0,0.0,0.0,0.0,1.0,0.0,1.0,1.0,1.0,0.0,0.0,0.0,0.0,0.0,1.0,0.0,0.0,0.0,0.0,0.0,0.0,0.0,0.0,0.3684210526315789,0.5789473684210527,0.05263157894736842,67,2.0118940169531423,25.0,20.0,55.00000000000001,30.0,30.0,0.0,10.0,0.0,25.0,5.0,0.0,30.0,0.0,0.0,0.0,70.0,0.0,0.0,0.0,0.0,0.0,0.0,0.06600792611103837,0.7296649769929938,0.0
7765,4,117,0.0,6.0,2.0,5.0,1.0,4.0,0.0,0.0,2.5714285714285716,0.0,0.0,0.0,0.0,0.0,0.0,0.0,0.0,1.0,1.0,1.0,2.0,2.0,4.0,3.0,1.0,1.0,0.0,0.0,2.0,0.0,0.0,0.0,0.0,0.008547008547008548,0.0,0.0,0.008547008547008548,0.008547008547008548,0.0,0.1111111111111111,0.8547008547008547,0.008547008547008548,74,177.8350701651298,28.994082840236686,71.00591715976331,0.0,15.976331360946746,34.9112426035503,0.0,1.183431952662722,8.284023668639055,7.100591715976331,32.544378698224854,0.0,32.544378698224854,0.0,0.0,0.0,0.0,0.0,0.0,0.0,0.0,0.0,67.45562130177515,0.27276736957763126,17.085472156482528,0.02564102564102564
7765,4,117,0.0,6.0,2.0,5.0,1.0,4.0,0.0,0.0,2.5714285714285716,0.0,0.0,0.0,0.0,0.0,0.0,0.0,0.0,1.0,1.0,1.0,2.0,2.0,4.0,3.0,1.0,1.0,0.0,0.0,2.0,0.0,0.0,0.0,0.0,0.008547008547008548,0.0,0.0,0.008547008547008548,0.008547008547008548,0.0,0.1111111111111111,0.8547008547008547,0.008547008547008548,74,177.8350701651298,28.994082840236686,71.00591715976331,0.0,15.976331360946746,34.9112426035503,0.0,1.183431952662722,8.284023668639055,7.100591715976331,32.544378698224854,0.0,32.544378698224854,0.0,0.0,0.0,0.0,0.0,0.0,0.0,0.0,0.0,67.45562130177515,0.27276736957763126,17.085472156482528,0.02564102564102564
7766,7,9006,19.582203938746435,18.0,22.0,17.0,20.0,17.0,22.0,24.0,20.0,7.0,7.0,7.0,7.0,7.0,7.0,7.0,5.0,7.0,7.0,7.0,6.0,2.0,5.0,4.0,4.0,6.0,6.0,5.0,6.0,5.0,5.0,5.0,6.0,0.021985343104596936,0.0,0.0,0.007661558960692871,0.0022207417277370642,0.0,0.06850988230068843,0.8995114368198979,0.00011103708638685321,67,265940.03546981944,32.97068872504945,34.92177665887431,32.107534616076244,14.07121021399029,14.260025175328177,13.333932745909008,12.794461427800755,14.592699154828267,15.851465563747528,15.096205718395971,0.0,33.0785829886711,0.0,0.0,0.0,29.940658155008094,0.0,0.0,0.0,0.0,0.0,36.980758856320804,0.26840286092542387,55.73519046599696,0.031867643793026874
7768,2,272,6.938493277777777,14.0,15.0,10.0,12.0,14.0,11.0,14.0,12.857142857142858,0.0,0.0,0.0,0.0,0.0,3.0,6.0,7.0,5.0,5.0,5.0,4.0,3.0,4.0,2.0,5.0,5.0,4.0,5.0,7.0,6.0,6.0,5.0,3.0,0.003676470588235294,0.0,0.0,0.003676470588235294,0.0,0.0,0.4963235294117647,0.49264705882352944,0.003676470588235294,74,9.033032167006557,36.33540372670808,39.130434782608695,24.53416149068323,13.975155279503104,12.422360248447205,14.285714285714285,14.596273291925465,14.596273291925465,15.527950310559005,14.596273291925465,0.0,18.012422360248447,0.0,0.0,0.0,42.54658385093168,0.0,0.0,0.0,0.0,0.0,39.44099378881988,0.08822440397024855,9.852001971983624,0.007352941176470588
7768,2,272,6.938493277777777,14.0,15.0,10.0,12.0,14.0,11.0,14.0,12.857142857142858,0.0,0.0,0.0,0.0,0.0,3.0,6.0,7.0,5.0,5.0,5.0,4.0,3.0,4.0,2.0,5.0,5.0,4.0,5.0,7.0,6.0,6.0,5.0,3.0,0.003676470588235294,0.0,0.0,0.003676470588235294,0.0,0.0,0.4963235294117647,0.49264705882352944,0.003676470588235294,74,9.033032167006557,36.33540372670808,39.130434782608695,24.53416149068323,13.975155279503104,12.422360248447205,14.285714285714285,14.596273291925465,14.596273291925465,15.527950310559005,14.596273291925465,0.0,18.012422360248447,0.0,0.0,0.0,42.54658385093168,0.0,0.0,0.0,0.0,0.0,39.44099378881988,0.08822440397024855,9.852001971983624,0.007352941176470588
7771,11,7251,19.22783994871795,21.0,24.0,24.0,24.0,24.0,24.0,24.0,23.571428571428573,7.0,7.0,7.0,7.0,7.0,7.0,7.0,7.0,7.0,7.0,7.0,6.0,6.0,6.0,7.0,7.0,7.0,7.0,7.0,7.0,7.0,7.0,7.0,7.0,0.005930216521859054,0.00013791201213625708,0.0,0.0035857123155426836,0.004551096400496483,0.0019307681699075989,0.05392359674527651,0.9298027858226452,0.00013791201213625708,74,4172.322351512236,33.71848739495798,30.575307045895283,35.70620555914674,14.560439560439562,13.308015513897868,12.653522947640594,11.069812540400775,17.493535875888817,15.190691661279896,15.723981900452488,0.0,40.31997414350356,0.0,0.0,0.0,42.41273432449903,9.421460892049128,0.0,0.0,0.0,0.0,7.845830639948287,0.492717026910241,213.7952916278473,0.016135705419942078
7774,3,1345,15.082526071428575,5.0,22.0,24.0,24.0,24.0,24.0,24.0,21.0,6.0,6.0,6.0,6.0,6.0,6.0,6.0,6.0,6.0,6.0,6.0,6.0,6.0,6.0,6.0,5.0,5.0,6.0,6.0,7.0,7.0,7.0,7.0,7.0,0.0007434944237918215,0.0,0.0,0.005947955390334572,0.011895910780669145,0.0,0.12193308550185873,0.8587360594795539,0.0007434944237918215,67,113.0894365466645,43.12130177514793,32.69230769230769,24.186390532544376,17.52958579881657,4.215976331360947,13.905325443786982,7.988165680473373,19.00887573964497,20.118343195266274,17.233727810650887,0.0,76.55325443786982,0.0,0.0,0.0,0.0,0.0,0.0,0.0,0.0,0.0,23.44674556213018,0.37736284790208474,62.49703386108241,0.01858736059479554
7774,3,1345,15.082526071428575,5.0,22.0,24.0,24.0,24.0,24.0,24.0,21.0,6.0,6.0,6.0,6.0,6.0,6.0,6.0,6.0,6.0,6.0,6.0,6.0,6.0,6.0,6.0,5.0,5.0,6.0,6.0,7.0,7.0,7.0,7.0,7.0,0.0007434944237918215,0.0,0.0,0.005947955390334572,0.011895910780669145,0.0,0.12193308550185873,0.8587360594795539,0.0007434944237918215,67,113.0894365466645,43.12130177514793,32.69230769230769,24.186390532544376,17.52958579881657,4.215976331360947,13.905325443786982,7.988165680473373,19.00887573964497,20.118343195266274,17.233727810650887,0.0,76.55325443786982,0.0,0.0,0.0,0.0,0.0,0.0,0.0,0.0,0.0,23.44674556213018,0.37736284790208474,62.49703386108241,0.01858736059479554
7776,10,10967,21.51577803155007,22.0,22.0,24.0,22.0,22.0,22.0,23.0,22.428571428571427,7.0,7.0,7.0,7.0,7.0,7.0,7.0,1.0,2.0,7.0,7.0,7.0,7.0,7.0,7.0,7.0,7.0,7.0,7.0,7.0,7.0,7.0,7.0,7.0,0.032734567338378776,0.0,0.0,0.007294611106045409,0.0010030090270812437,0.0,0.06610741314853652,0.8927692167411325,9.118263882556761e-05,67,123.60025282133729,35.52544013551939,37.61873071571178,26.855829148768827,14.35658539536572,13.400689696896364,13.927037328332023,13.727388226752979,14.804283380724787,14.683283925222337,15.10073204670579,0.0,40.093169580736884,0.0,0.0,0.0,28.61032125355436,0.0,0.0,0.0,0.0,0.0,31.296509165708752,0.20548604764246206,64.13132535078039,0.04103218747150542
7778,4,338,3.4612034010840116,10.0,13.0,9.0,8.0,8.0,8.0,4.0,8.571428571428571,2.0,1.0,0.0,0.0,0.0,0.0,0.0,1.0,2.0,3.0,2.0,3.0,7.0,6.0,6.0,2.0,3.0,2.0,0.0,6.0,3.0,3.0,5.0,3.0,0.020710059171597635,0.0,0.0,0.0029585798816568047,0.0,0.0,0.20710059171597633,0.7662721893491125,0.0029585798816568047,74,469655.9503412727,33.98203592814371,51.19760479041916,14.820359281437126,16.91616766467066,14.37125748502994,16.16766467065868,8.08383233532934,15.269461077844312,14.97005988023952,14.221556886227546,0.0,37.5748502994012,0.0,0.0,0.0,20.958083832335326,0.0,0.0,0.0,0.0,0.0,41.467065868263475,0.15908732384124527,9.390560251434778,0.023668639053254437
7778,4,338,3.4612034010840116,10.0,13.0,9.0,8.0,8.0,8.0,4.0,8.571428571428571,2.0,1.0,0.0,0.0,0.0,0.0,0.0,1.0,2.0,3.0,2.0,3.0,7.0,6.0,6.0,2.0,3.0,2.0,0.0,6.0,3.0,3.0,5.0,3.0,0.020710059171597635,0.0,0.0,0.0029585798816568047,0.0,0.0,0.20710059171597633,0.7662721893491125,0.0029585798816568047,74,469655.9503412727,33.98203592814371,51.19760479041916,14.820359281437126,16.91616766467066,14.37125748502994,16.16766467065868,8.08383233532934,15.269461077844312,14.97005988023952,14.221556886227546,0.0,37.5748502994012,0.0,0.0,0.0,20.958083832335326,0.0,0.0,0.0,0.0,0.0,41.467065868263475,0.15908732384124527,9.390560251434778,0.023668639053254437
7780,4,346,18.575029074074074,18.0,10.0,0.0,0.0,0.0,0.0,21.0,7.0,3.0,3.0,3.0,3.0,3.0,2.0,2.0,2.0,3.0,3.0,2.0,2.0,1.0,2.0,2.0,2.0,2.0,0.0,0.0,1.0,2.0,2.0,2.0,2.0,0.02023121387283237,0.0,0.0,0.0,0.0,0.0,0.049132947976878616,0.9277456647398844,0.002890173410404624,67,4.39605939974978,17.130620985010705,23.126338329764454,59.743040685224834,0.0,40.25695931477516,0.0,40.25695931477516,0.0,19.48608137044968,0.0,0.0,100.0,0.0,0.0,0.0,0.0,0.0,0.0,0.0,0.0,0.0,0.0,0.10635569451909367,4.953699442215929,0.02023121387283237
7780,4,346,18.575029074074074,18.0,10.0,0.0,0.0,0.0,0.0,21.0,7.0,3.0,3.0,3.0,3.0,3.0,2.0,2.0,2.0,3.0,3.0,2.0,2.0,1.0,2.0,2.0,2.0,2.0,0.0,0.0,1.0,2.0,2.0,2.0,2.0,0.02023121387283237,0.0,0.0,0.0,0.0,0.0,0.049132947976878616,0.9277456647398844,0.002890173410404624,67,4.39605939974978,17.130620985010705,23.126338329764454,59.743040685224834,0.0,40.25695931477516,0.0,40.25695931477516,0.0,19.48608137044968,0.0,0.0,100.0,0.0,0.0,0.0,0.0,0.0,0.0,0.0,0.0,0.0,0.0,0.10635569451909367,4.953699442215929,0.02023121387283237
7782,9,8506,22.791988317610056,24.0,24.0,23.0,24.0,24.0,24.0,24.0,23.857142857142858,7.0,7.0,7.0,7.0,7.0,7.0,7.0,7.0,7.0,6.0,7.0,7.0,7.0,7.0,7.0,7.0,7.0,7.0,7.0,7.0,7.0,7.0,7.0,7.0,0.0023512814483893723,0.0,0.0,0.0023512814483893723,0.001763461086292029,0.0003526922172584058,0.028568069597930873,0.9644956501293205,0.00011756407241946862,67,865.4172564210843,27.230417983842642,25.71127502634352,47.05830698981384,13.988408851422552,13.962065331928345,14.769933263083947,16.499824376536708,13.25957147874956,13.777660695468915,13.742536002809974,0.0,29.759395855286265,0.0,0.0,0.0,64.79627678257816,5.444327362135581,0.0,0.0,0.0,0.0,0.0,0.1295629575817421,101.26517285526458,0.006818716200329179
7784,13,4449,15.237039030501087,24.0,24.0,24.0,22.0,21.0,22.0,22.0,22.714285714285715,7.0,7.0,7.0,7.0,7.0,7.0,7.0,6.0,7.0,7.0,7.0,7.0,7.0,6.0,5.0,6.0,6.0,6.0,6.0,6.0,7.0,7.0,7.0,7.0,0.023600809170600135,0.0,0.0,0.0024724657226342997,0.0004495392222971454,0.0002247696111485727,0.06855473140031468,0.9044729152618566,0.0002247696111485727,67,4027.562921780073,32.44734202607823,28.723671013039116,38.82898696088265,15.734704112337011,12.650451354062186,12.211634904714144,9.302908726178535,18.292377131394183,14.455867602808425,17.352056168505516,0.0,26.667502507522567,0.0,0.0,0.0,73.33249749247743,0.0,0.0,0.0,0.0,0.0,0.0,0.14710637938494067,100.2654272487275,0.026747583726680152
7790,4,1215,14.967237059620595,22.0,22.0,21.0,24.0,22.0,23.0,23.0,22.428571428571427,7.0,7.0,7.0,7.0,7.0,7.0,7.0,7.0,5.0,7.0,6.0,6.0,7.0,6.0,7.0,6.0,5.0,6.0,5.0,7.0,7.0,7.0,7.0,7.0,0.0016460905349794238,0.0,0.0,0.0008230452674897119,0.0,0.0,0.1728395061728395,0.8238683127572016,0.0008230452674897119,67,909.7021181919991,21.025930101465615,20.631341600901916,58.342728297632476,13.246899661781287,11.217587373167982,11.781285231116122,14.261555806087935,23.055242390078917,13.134160090191656,13.303269447576099,0.0,8.286358511837655,0.0,0.0,0.0,73.33709131905299,1.3528748590755355,0.0,0.0,0.0,0.0,17.023675310033823,0.05536193501536747,9.917396327117034,0.0024691358024691358
7790,4,1215,14.967237059620595,22.0,22.0,21.0,24.0,22.0,23.0,23.0,22.428571428571427,7.0,7.0,7.0,7.0,7.0,7.0,7.0,7.0,5.0,7.0,6.0,6.0,7.0,6.0,7.0,6.0,5.0,6.0,5.0,7.0,7.0,7.0,7.0,7.0,0.0016460905349794238,0.0,0.0,0.0008230452674897119,0.0,0.0,0.1728395061728395,0.8238683127572016,0.0008230452674897119,67,909.7021181919991,21.025930101465615,20.631341600901916,58.342728297632476,13.246899661781287,11.217587373167982,11.781285231116122,14.261555806087935,23.055242390078917,13.134160090191656,13.303269447576099,0.0,8.286358511837655,0.0,0.0,0.0,73.33709131905299,1.3528748590755355,0.0,0.0,0.0,0.0,17.023675310033823,0.05536193501536747,9.917396327117034,0.0024691358024691358
7791,16,10849,20.799423595679013,21.0,22.0,23.0,23.0,24.0,21.0,23.0,22.428571428571427,7.0,7.0,7.0,7.0,7.0,7.0,7.0,7.0,7.0,7.0,7.0,2.0,7.0,7.0,7.0,7.0,7.0,3.0,5.0,7.0,7.0,7.0,7.0,7.0,0.012904415153470366,0.0006452207576735183,0.0013826159093003963,0.003133929394414232,0.0018434878790671951,0.000737395151626878,0.05926813531201033,0.9199926260484838,9.217439395335975e-05,74,47450.824628709976,37.215470976497436,38.97970513848622,23.804823885016347,15.372278082783295,13.453827647893405,14.44081179446055,13.145395102091173,14.934303867744125,13.712910986367282,14.940472518660169,0.0,34.68632410091913,0.0,0.0,0.0,34.97625069397323,3.63950404046635,0.0,0.0,0.0,0.0,26.697921164641294,1.0607186551072543,690.9433391856273,0.020647064245552585
7794,2,1195,19.874823055555552,19.0,18.0,21.0,23.0,19.0,22.0,22.0,20.571428571428573,7.0,7.0,7.0,7.0,7.0,7.0,6.0,7.0,7.0,4.0,4.0,5.0,6.0,7.0,5.0,5.0,7.0,7.0,5.0,4.0,4.0,7.0,6.0,6.0,0.0,0.0,0.0,0.0,0.0008368200836820083,0.0,0.07447698744769875,0.9238493723849373,0.0008368200836820083,67,104.89504665154752,14.534883720930234,19.331395348837212,66.13372093023256,16.13372093023256,9.956395348837209,18.8953488372093,17.296511627906977,17.65988372093023,8.430232558139535,11.627906976744185,0.0,37.354651162790695,0.0,0.0,0.0,62.645348837209305,0.0,0.0,0.0,0.0,0.0,0.0,0.0175309013155085,15.376214182908692,0.0008368200836820083
7794,2,1195,19.874823055555552,19.0,18.0,21.0,23.0,19.0,22.0,22.0,20.571428571428573,7.0,7.0,7.0,7.0,7.0,7.0,6.0,7.0,7.0,4.0,4.0,5.0,6.0,7.0,5.0,5.0,7.0,7.0,5.0,4.0,4.0,7.0,6.0,6.0,0.0,0.0,0.0,0.0,0.0008368200836820083,0.0,0.07447698744769875,0.9238493723849373,0.0008368200836820083,67,104.89504665154752,14.534883720930234,19.331395348837212,66.13372093023256,16.13372093023256,9.956395348837209,18.8953488372093,17.296511627906977,17.65988372093023,8.430232558139535,11.627906976744185,0.0,37.354651162790695,0.0,0.0,0.0,62.645348837209305,0.0,0.0,0.0,0.0,0.0,0.0,0.0175309013155085,15.376214182908692,0.0008368200836820083
7796,24,1598,21.02957285714286,24.0,22.0,19.0,23.0,20.0,16.0,23.0,21.0,7.0,6.0,6.0,5.0,7.0,7.0,6.0,6.0,5.0,5.0,5.0,5.0,6.0,6.0,6.0,6.0,6.0,7.0,6.0,7.0,7.0,6.0,7.0,7.0,0.02753441802252816,0.0018773466833541927,0.0,0.010638297872340425,0.010638297872340425,0.0031289111389236545,0.06633291614518148,0.8792240300375469,0.0006257822277847309,67,3710.921865073207,29.34564431955038,32.19590525893216,38.45845042151746,11.039743075070254,16.619831393014852,9.755118426334805,15.53592934564432,16.70012043356082,16.53954235246889,13.809714973906061,0.0,0.0,0.0,0.0,0.0,0.0,0.0,0.0,0.0,0.0,0.0,100.0,1.457671042783193,217.3174745502459,0.05381727158948686
7797,4,444,11.810277272727273,4.0,20.0,24.0,18.0,10.0,2.0,1.0,11.285714285714286,4.0,4.0,4.0,4.0,6.0,5.0,4.0,4.0,3.0,3.0,3.0,3.0,3.0,3.0,4.0,2.0,2.0,1.0,2.0,3.0,2.0,3.0,3.0,4.0,0.018018018018018018,0.0,0.0,0.0,0.0,0.0,0.12837837837837837,0.8513513513513513,0.0022522522522522522,67,321.2726928749418,8.070866141732283,22.440944881889763,69.48818897637796,11.614173228346457,4.133858267716536,0.39370078740157477,0.39370078740157477,28.74015748031496,21.8503937007874,32.874015748031496,0.0,0.0,0.0,0.0,0.0,100.0,0.0,0.0,0.0,0.0,0.0,0.0,0.09236758770475852,5.713053866963538,0.018018018018018018
7797,4,444,11.810277272727273,4.0,20.0,24.0,18.0,10.0,2.0,1.0,11.285714285714286,4.0,4.0,4.0,4.0,6.0,5.0,4.0,4.0,3.0,3.0,3.0,3.0,3.0,3.0,4.0,2.0,2.0,1.0,2.0,3.0,2.0,3.0,3.0,4.0,0.018018018018018018,0.0,0.0,0.0,0.0,0.0,0.12837837837837837,0.8513513513513513,0.0022522522522522522,67,321.2726928749418,8.070866141732283,22.440944881889763,69.48818897637796,11.614173228346457,4.133858267716536,0.39370078740157477,0.39370078740157477,28.74015748031496,21.8503937007874,32.874015748031496,0.0,0.0,0.0,0.0,0.0,100.0,0.0,0.0,0.0,0.0,0.0,0.0,0.09236758770475852,5.713053866963538,0.018018018018018018
7799,11,1735,14.776023817460318,18.0,16.0,23.0,22.0,16.0,20.0,23.0,19.714285714285715,6.0,5.0,6.0,7.0,6.0,7.0,7.0,7.0,2.0,3.0,4.0,5.0,5.0,6.0,6.0,7.0,7.0,6.0,5.0,6.0,5.0,7.0,7.0,6.0,0.07204610951008646,0.0,0.0,0.016714697406340056,0.005187319884726225,0.0,0.1515850144092219,0.7538904899135447,0.0005763688760806917,67,377.84518466598456,38.14196925089958,38.763493621197256,23.094537127903173,11.122015047432123,15.767091920183185,10.565914295060516,16.388616290480865,13.869807000327118,17.239123323519788,15.047432122996401,0.0,41.31501472031404,0.0,0.0,0.0,17.042852469741575,0.0,0.0,0.0,0.0,0.0,41.642132809944385,0.52109152191037,28.71305922716349,0.09394812680115273
7801,3,1538,17.721001154970764,19.0,17.0,15.0,13.0,15.0,19.0,18.0,16.571428571428573,7.0,7.0,7.0,7.0,7.0,7.0,6.0,3.0,2.0,1.0,1.0,0.0,4.0,6.0,7.0,5.0,5.0,3.0,2.0,2.0,6.0,7.0,7.0,7.0,0.0013003901170351106,0.0,0.0,0.0019505851755526658,0.009102730819245773,0.0006501950585175553,0.09557867360208062,0.8907672301690507,0.0006501950585175553,67,1878.4599276214592,10.266591038003403,8.791832104367556,80.94157685762904,14.917753828701077,13.499716392512761,16.27906976744186,14.06693136698809,12.819058423142371,13.329551900170165,15.087918321043675,0.0,4.480998298355077,0.0,0.0,0.0,0.0,0.0,0.0,0.0,0.0,0.0,95.51900170164492,0.3146268089282108,103.08236111064936,0.013003901170351105
7801,3,1538,17.721001154970764,19.0,17.0,15.0,13.0,15.0,19.0,18.0,16.571428571428573,7.0,7.0,7.0,7.0,7.0,7.0,6.0,3.0,2.0,1.0,1.0,0.0,4.0,6.0,7.0,5.0,5.0,3.0,2.0,2.0,6.0,7.0,7.0,7.0,0.0013003901170351106,0.0,0.0,0.0019505851755526658,0.009102730819245773,0.0006501950585175553,0.09557867360208062,0.8907672301690507,0.0006501950585175553,67,1878.4599276214592,10.266591038003403,8.791832104367556,80.94157685762904,14.917753828701077,13.499716392512761,16.27906976744186,14.06693136698809,12.819058423142371,13.329551900170165,15.087918321043675,0.0,4.480998298355077,0.0,0.0,0.0,0.0,0.0,0.0,0.0,0.0,0.0,95.51900170164492,0.3146268089282108,103.08236111064936,0.013003901170351105
7803,26,3649,17.785696524822693,22.0,24.0,15.0,21.0,16.0,24.0,22.0,20.571428571428573,6.0,6.0,5.0,7.0,7.0,6.0,3.0,6.0,6.0,5.0,7.0,4.0,7.0,7.0,6.0,5.0,7.0,6.0,5.0,6.0,7.0,7.0,6.0,7.0,0.04275143875034256,0.0005480953685941354,0.0005480953685941354,0.012058098109070978,0.012058098109070978,0.0021923814743765417,0.10468621540147986,0.8246094820498767,0.0005480953685941354,67,1401298.8082684842,34.459860073520694,36.262302857820465,29.27783706865884,14.905727499110638,15.569785367010555,12.427368670698446,15.024309261235622,13.850349816198268,15.095458318510612,13.127001067235858,0.0,41.776354796632276,0.0,0.0,0.0,0.0,0.0,0.0,0.0,0.0,0.0,58.223645203367724,5.835144181590641,16277.753703056975,0.07015620718004933
7806,5,2534,12.135837027027026,22.0,22.0,21.0,24.0,20.0,22.0,18.0,21.285714285714285,4.0,7.0,7.0,5.0,6.0,6.0,5.0,6.0,7.0,6.0,6.0,5.0,6.0,7.0,6.0,7.0,7.0,7.0,7.0,6.0,7.0,7.0,6.0,6.0,0.0031570639305445935,0.0,0.0,0.005919494869771113,0.0027624309392265192,0.0007892659826361484,0.05722178374112076,0.9297553275453828,0.0003946329913180742,67,204.08039060546608,39.34767522553782,32.47744621790423,28.174878556557946,10.253296321998612,13.341429562803608,14.712005551700209,11.762664816099932,22.709923664122137,14.34767522553782,12.873004857737683,0.0,48.71616932685635,0.0,0.0,0.0,0.0,0.0,0.0,0.0,0.0,0.0,51.28383067314365,0.2675658058591553,155.3451677612008,0.012628255722178374
7806,5,2534,12.135837027027026,22.0,22.0,21.0,24.0,20.0,22.0,18.0,21.285714285714285,4.0,7.0,7.0,5.0,6.0,6.0,5.0,6.0,7.0,6.0,6.0,5.0,6.0,7.0,6.0,7.0,7.0,7.0,7.0,6.0,7.0,7.0,6.0,6.0,0.0031570639305445935,0.0,0.0,0.005919494869771113,0.0027624309392265192,0.0007892659826361484,0.05722178374112076,0.9297553275453828,0.0003946329913180742,67,204.08039060546608,39.34767522553782,32.47744621790423,28.174878556557946,10.253296321998612,13.341429562803608,14.712005551700209,11.762664816099932,22.709923664122137,14.34767522553782,12.873004857737683,0.0,48.71616932685635,0.0,0.0,0.0,0.0,0.0,0.0,0.0,0.0,0.0,51.28383067314365,0.2675658058591553,155.3451677612008,0.012628255722178374
7807,3,238,13.868080072016461,11.0,13.0,13.0,13.0,20.0,14.0,15.0,14.142857142857142,5.0,5.0,4.0,4.0,3.0,3.0,6.0,3.0,4.0,7.0,2.0,6.0,4.0,5.0,5.0,3.0,5.0,5.0,3.0,3.0,3.0,4.0,3.0,4.0,0.0,0.0,0.0,0.0,0.0,0.0,0.5042016806722689,0.49159663865546216,0.004201680672268907,74,96.51543835511868,27.953890489913547,26.22478386167147,45.821325648414984,32.85302593659942,6.628242074927954,17.002881844380404,13.8328530259366,10.662824207492795,9.510086455331413,9.510086455331413,0.0,22.76657060518732,0.0,0.0,0.0,0.0,0.0,0.0,0.0,0.0,0.0,77.23342939481267,0.026126990399207194,0.6003976486075614,0.0
7807,3,238,13.868080072016461,11.0,13.0,13.0,13.0,20.0,14.0,15.0,14.142857142857142,5.0,5.0,4.0,4.0,3.0,3.0,6.0,3.0,4.0,7.0,2.0,6.0,4.0,5.0,5.0,3.0,5.0,5.0,3.0,3.0,3.0,4.0,3.0,4.0,0.0,0.0,0.0,0.0,0.0,0.0,0.5042016806722689,0.49159663865546216,0.004201680672268907,74,96.51543835511868,27.953890489913547,26.22478386167147,45.821325648414984,32.85302593659942,6.628242074927954,17.002881844380404,13.8328530259366,10.662824207492795,9.510086455331413,9.510086455331413,0.0,22.76657060518732,0.0,0.0,0.0,0.0,0.0,0.0,0.0,0.0,0.0,77.23342939481267,0.026126990399207194,0.6003976486075614,0.0
7809,23,6580,20.183662282828287,20.0,22.0,23.0,18.0,24.0,19.0,23.0,21.285714285714285,7.0,7.0,7.0,7.0,7.0,7.0,7.0,7.0,4.0,5.0,3.0,4.0,6.0,6.0,7.0,7.0,6.0,4.0,6.0,7.0,7.0,7.0,7.0,7.0,0.02021276595744681,0.0007598784194528875,0.00015197568389057752,0.0121580547112462,0.007446808510638298,0.005775075987841946,0.05106382978723404,0.9022796352583586,0.00015197568389057752,74,19237.227513159047,30.205666872627766,29.270015005737488,40.52431812163474,15.835466501897786,13.699355635978463,11.298437637920381,12.392973784093918,16.718156942360316,14.36137346632536,15.694236031423781,0.0,57.975108129578956,0.0,0.0,0.0,2.5862829905552123,0.0,0.0,0.0,0.0,0.0,39.43860887986583,1.458270113924998,304.96742923689425,0.046504559270516714
7810,2,1036,12.328757861111109,19.0,15.0,19.0,19.0,20.0,19.0,20.0,18.714285714285715,5.0,3.0,3.0,0.0,2.0,4.0,5.0,6.0,6.0,7.0,6.0,7.0,7.0,7.0,6.0,6.0,4.0,6.0,7.0,7.0,7.0,7.0,6.0,7.0,0.0,0.0,0.0,0.0,0.0,0.0,0.19498069498069498,0.8040540540540541,0.0009652509652509653,67,0.2885841837720255,29.704463208685162,30.60916767189385,39.68636911942099,19.843184559710494,7.38841978287093,19.48130277442702,15.379975874547647,18.124246079613993,7.840772014475271,11.942098914354645,0.0,19.933655006031366,0.0,0.0,0.0,78.61881785283474,0.0,0.0,0.0,0.0,0.0,1.4475271411338964,0.001035457429981992,0.28764663738768204,0.0
7810,2,1036,12.328757861111109,19.0,15.0,19.0,19.0,20.0,19.0,20.0,18.714285714285715,5.0,3.0,3.0,0.0,2.0,4.0,5.0,6.0,6.0,7.0,6.0,7.0,7.0,7.0,6.0,6.0,4.0,6.0,7.0,7.0,7.0,7.0,6.0,7.0,0.0,0.0,0.0,0.0,0.0,0.0,0.19498069498069498,0.8040540540540541,0.0009652509652509653,67,0.2885841837720255,29.704463208685162,30.60916767189385,39.68636911942099,19.843184559710494,7.38841978287093,19.48130277442702,15.379975874547647,18.124246079613993,7.840772014475271,11.942098914354645,0.0,19.933655006031366,0.0,0.0,0.0,78.61881785283474,0.0,0.0,0.0,0.0,0.0,1.4475271411338964,0.001035457429981992,0.28764663738768204,0.0
